solid OpenSCAD_Model
  facet normal -1 0 0
    outer loop
      vertex -2 -2 0
      vertex -2 74 14.6
      vertex -2 74 0
    endloop
  endfacet
  facet normal -1 -0 0
    outer loop
      vertex -2 74 14.6
      vertex -2 -2 0
      vertex -2 -2 14.6
    endloop
  endfacet
  facet normal 0 0 1
    outer loop
      vertex 86 74 14.6
      vertex 84.4 72.4 14.6
      vertex 86 -2 14.6
    endloop
  endfacet
  facet normal 0 0 1
    outer loop
      vertex 86 74 14.6
      vertex -0.4 72.4 14.6
      vertex 84.4 72.4 14.6
    endloop
  endfacet
  facet normal 0 0 1
    outer loop
      vertex -0.4 72.4 14.6
      vertex -2 74 14.6
      vertex -0.4 -0.4 14.6
    endloop
  endfacet
  facet normal -0 0 1
    outer loop
      vertex -2 74 14.6
      vertex -0.4 72.4 14.6
      vertex 86 74 14.6
    endloop
  endfacet
  facet normal -0 0 1
    outer loop
      vertex 84.4 -0.4 14.6
      vertex 86 -2 14.6
      vertex 84.4 72.4 14.6
    endloop
  endfacet
  facet normal -0 0 1
    outer loop
      vertex -0.4 -0.4 14.6
      vertex 86 -2 14.6
      vertex 84.4 -0.4 14.6
    endloop
  endfacet
  facet normal 0 0 1
    outer loop
      vertex -0.4 -0.4 14.6
      vertex -2 -2 14.6
      vertex 86 -2 14.6
    endloop
  endfacet
  facet normal 0 0 1
    outer loop
      vertex -2 -2 14.6
      vertex -0.4 -0.4 14.6
      vertex -2 74 14.6
    endloop
  endfacet
  facet normal 1 -0 0
    outer loop
      vertex 86 -2 14.6
      vertex 86 74 0
      vertex 86 74 14.6
    endloop
  endfacet
  facet normal 1 0 0
    outer loop
      vertex 86 74 0
      vertex 86 -2 14.6
      vertex 86 -2 0
    endloop
  endfacet
  facet normal 0 1 0
    outer loop
      vertex 86 74 14.6
      vertex 30 74 13.5
      vertex -2 74 14.6
    endloop
  endfacet
  facet normal 0 1 0
    outer loop
      vertex 86 74 14.6
      vertex 35.5 74 8
      vertex 30 74 13.5
    endloop
  endfacet
  facet normal 0 1 -0
    outer loop
      vertex 86 74 0
      vertex 35.5 74 8
      vertex 86 74 14.6
    endloop
  endfacet
  facet normal 0 1 0
    outer loop
      vertex -2 74 0
      vertex 35.5 74 2
      vertex 86 74 0
    endloop
  endfacet
  facet normal 0 1 0
    outer loop
      vertex 35.5 74 8
      vertex 86 74 0
      vertex 35.5 74 2
    endloop
  endfacet
  facet normal 0 1 -0
    outer loop
      vertex 24.5 74 8
      vertex -2 74 14.6
      vertex 30 74 13.5
    endloop
  endfacet
  facet normal 0 1 0
    outer loop
      vertex -2 74 0
      vertex 24.5 74 8
      vertex 24.5 74 2
    endloop
  endfacet
  facet normal 0 1 0
    outer loop
      vertex 24.5 74 8
      vertex -2 74 0
      vertex -2 74 14.6
    endloop
  endfacet
  facet normal 0 1 0
    outer loop
      vertex 35.5 74 2
      vertex -2 74 0
      vertex 24.5 74 2
    endloop
  endfacet
  facet normal 0 0 -1
    outer loop
      vertex -2 -2 0
      vertex 86 74 0
      vertex 86 -2 0
    endloop
  endfacet
  facet normal -0 0 -1
    outer loop
      vertex 86 74 0
      vertex -2 -2 0
      vertex -2 74 0
    endloop
  endfacet
  facet normal 0 -1 0
    outer loop
      vertex -2 -2 0
      vertex 86 -2 14.6
      vertex -2 -2 14.6
    endloop
  endfacet
  facet normal 0 -1 -0
    outer loop
      vertex 86 -2 14.6
      vertex -2 -2 0
      vertex 86 -2 0
    endloop
  endfacet
  facet normal 1 -0 0
    outer loop
      vertex -0.4 -0.4 14.6
      vertex -0.4 72.4 2
      vertex -0.4 72.4 14.6
    endloop
  endfacet
  facet normal 1 0 0
    outer loop
      vertex -0.4 72.4 2
      vertex -0.4 -0.4 14.6
      vertex -0.4 -0.4 2
    endloop
  endfacet
  facet normal -1 0 0
    outer loop
      vertex 84.4 -0.4 2
      vertex 84.4 72.4 14.6
      vertex 84.4 72.4 2
    endloop
  endfacet
  facet normal -1 -0 0
    outer loop
      vertex 84.4 72.4 14.6
      vertex 84.4 -0.4 2
      vertex 84.4 -0.4 14.6
    endloop
  endfacet
  facet normal 0 -1 0
    outer loop
      vertex -0.4 72.4 14.6
      vertex 30 72.4 13.5
      vertex 84.4 72.4 14.6
    endloop
  endfacet
  facet normal 0 -1 0
    outer loop
      vertex -0.4 72.4 14.6
      vertex 24.5 72.4 8
      vertex 30 72.4 13.5
    endloop
  endfacet
  facet normal 0 -1 0
    outer loop
      vertex -0.4 72.4 2
      vertex 24.5 72.4 8
      vertex -0.4 72.4 14.6
    endloop
  endfacet
  facet normal 0 -1 -0
    outer loop
      vertex 24.5 72.4 8
      vertex -0.4 72.4 2
      vertex 24.5 72.4 2
    endloop
  endfacet
  facet normal 0 -1 0
    outer loop
      vertex 35.5 72.4 8
      vertex 84.4 72.4 14.6
      vertex 30 72.4 13.5
    endloop
  endfacet
  facet normal 0 -1 0
    outer loop
      vertex 84.4 72.4 2
      vertex 35.5 72.4 8
      vertex 35.5 72.4 2
    endloop
  endfacet
  facet normal 0 -1 0
    outer loop
      vertex 35.5 72.4 8
      vertex 84.4 72.4 2
      vertex 84.4 72.4 14.6
    endloop
  endfacet
  facet normal 0 0 1
    outer loop
      vertex 35.5 74 2
      vertex 24.5 74 2
      vertex 35.5 72.4 2
    endloop
  endfacet
  facet normal 0 0 1
    outer loop
      vertex 7.39778 66.7235 2
      vertex 24.5 72.4 2
      vertex 7.47433 67.1084 2
    endloop
  endfacet
  facet normal 0 0 1
    outer loop
      vertex 24.5 72.4 2
      vertex 7.47433 4.89158 2
      vertex 7.5 4.5 2
    endloop
  endfacet
  facet normal 0 0 1
    outer loop
      vertex 7.27164 66.352 2
      vertex 24.5 72.4 2
      vertex 7.39778 66.7235 2
    endloop
  endfacet
  facet normal 0 0 1
    outer loop
      vertex 24.5 72.4 2
      vertex 7.39778 5.27646 2
      vertex 7.47433 4.89158 2
    endloop
  endfacet
  facet normal 0 0 1
    outer loop
      vertex 7.09808 66 2
      vertex 24.5 72.4 2
      vertex 7.27164 66.352 2
    endloop
  endfacet
  facet normal 0 0 1
    outer loop
      vertex 24.5 72.4 2
      vertex 7.27164 5.64805 2
      vertex 7.39778 5.27646 2
    endloop
  endfacet
  facet normal 0 0 1
    outer loop
      vertex 6.88006 65.6737 2
      vertex 24.5 72.4 2
      vertex 7.09808 66 2
    endloop
  endfacet
  facet normal 0 0 1
    outer loop
      vertex 24.5 72.4 2
      vertex 7.09808 6 2
      vertex 7.27164 5.64805 2
    endloop
  endfacet
  facet normal 0 0 1
    outer loop
      vertex 6.62132 65.3787 2
      vertex 24.5 72.4 2
      vertex 6.88006 65.6737 2
    endloop
  endfacet
  facet normal 0 0 1
    outer loop
      vertex 24.5 72.4 2
      vertex 6.88006 6.32628 2
      vertex 7.09808 6 2
    endloop
  endfacet
  facet normal 0 0 1
    outer loop
      vertex 6.32628 65.1199 2
      vertex 24.5 72.4 2
      vertex 6.62132 65.3787 2
    endloop
  endfacet
  facet normal 0 0 1
    outer loop
      vertex 24.5 72.4 2
      vertex 6.62132 6.62132 2
      vertex 6.88006 6.32628 2
    endloop
  endfacet
  facet normal 0 0 1
    outer loop
      vertex 6.32628 6.88006 2
      vertex 24.5 72.4 2
      vertex 6.32628 65.1199 2
    endloop
  endfacet
  facet normal 0 0 1
    outer loop
      vertex 24.5 72.4 2
      vertex 6.32628 6.88006 2
      vertex 6.62132 6.62132 2
    endloop
  endfacet
  facet normal -0 0 1
    outer loop
      vertex 6 64.9019 2
      vertex 6.32628 6.88006 2
      vertex 6.32628 65.1199 2
    endloop
  endfacet
  facet normal 0 0 1
    outer loop
      vertex 6 64.9019 2
      vertex 6 7.09808 2
      vertex 6.32628 6.88006 2
    endloop
  endfacet
  facet normal -0 0 1
    outer loop
      vertex 5.64805 64.7284 2
      vertex 6 7.09808 2
      vertex 6 64.9019 2
    endloop
  endfacet
  facet normal 0 0 1
    outer loop
      vertex 5.64805 64.7284 2
      vertex 5.64805 7.27164 2
      vertex 6 7.09808 2
    endloop
  endfacet
  facet normal -0 0 1
    outer loop
      vertex 5.27646 64.6022 2
      vertex 5.64805 7.27164 2
      vertex 5.64805 64.7284 2
    endloop
  endfacet
  facet normal 0 0 1
    outer loop
      vertex 5.27646 64.6022 2
      vertex 5.27646 7.39778 2
      vertex 5.64805 7.27164 2
    endloop
  endfacet
  facet normal -0 0 1
    outer loop
      vertex 4.89158 64.5257 2
      vertex 5.27646 7.39778 2
      vertex 5.27646 64.6022 2
    endloop
  endfacet
  facet normal 0 0 1
    outer loop
      vertex 4.89158 64.5257 2
      vertex 4.89158 7.47433 2
      vertex 5.27646 7.39778 2
    endloop
  endfacet
  facet normal -0 0 1
    outer loop
      vertex 4.5 64.5 2
      vertex 4.89158 7.47433 2
      vertex 4.89158 64.5257 2
    endloop
  endfacet
  facet normal 0 0 1
    outer loop
      vertex 4.5 64.5 2
      vertex 4.5 7.5 2
      vertex 4.89158 7.47433 2
    endloop
  endfacet
  facet normal 0 0 1
    outer loop
      vertex 4.10842 64.5257 2
      vertex 4.5 7.5 2
      vertex 4.5 64.5 2
    endloop
  endfacet
  facet normal 0 0 1
    outer loop
      vertex 4.10842 64.5257 2
      vertex 4.10842 7.47433 2
      vertex 4.5 7.5 2
    endloop
  endfacet
  facet normal 0 0 1
    outer loop
      vertex 3.72354 64.6022 2
      vertex 4.10842 7.47433 2
      vertex 4.10842 64.5257 2
    endloop
  endfacet
  facet normal 0 0 1
    outer loop
      vertex 3.72354 64.6022 2
      vertex 3.72354 7.39778 2
      vertex 4.10842 7.47433 2
    endloop
  endfacet
  facet normal 0 0 1
    outer loop
      vertex 3.35195 64.7284 2
      vertex 3.72354 7.39778 2
      vertex 3.72354 64.6022 2
    endloop
  endfacet
  facet normal 0 0 1
    outer loop
      vertex 3.35195 64.7284 2
      vertex 3.35195 7.27164 2
      vertex 3.72354 7.39778 2
    endloop
  endfacet
  facet normal 0 0 1
    outer loop
      vertex 3 64.9019 2
      vertex 3.35195 7.27164 2
      vertex 3.35195 64.7284 2
    endloop
  endfacet
  facet normal 0 0 1
    outer loop
      vertex 3 64.9019 2
      vertex 3 7.09808 2
      vertex 3.35195 7.27164 2
    endloop
  endfacet
  facet normal 0 0 1
    outer loop
      vertex 2.67372 65.1199 2
      vertex 3 7.09808 2
      vertex 3 64.9019 2
    endloop
  endfacet
  facet normal 0 0 1
    outer loop
      vertex 2.67372 65.1199 2
      vertex 2.67372 6.88006 2
      vertex 3 7.09808 2
    endloop
  endfacet
  facet normal 0 0 1
    outer loop
      vertex 2.37868 65.3787 2
      vertex 2.67372 6.88006 2
      vertex 2.67372 65.1199 2
    endloop
  endfacet
  facet normal 0 0 1
    outer loop
      vertex 2.37868 65.3787 2
      vertex 2.37868 6.62132 2
      vertex 2.67372 6.88006 2
    endloop
  endfacet
  facet normal 0 0 1
    outer loop
      vertex 2.11994 65.6737 2
      vertex 2.37868 6.62132 2
      vertex 2.37868 65.3787 2
    endloop
  endfacet
  facet normal 0 0 1
    outer loop
      vertex 2.11994 65.6737 2
      vertex 2.11994 6.32628 2
      vertex 2.37868 6.62132 2
    endloop
  endfacet
  facet normal 0 0 1
    outer loop
      vertex 1.90192 66 2
      vertex 2.11994 6.32628 2
      vertex 2.11994 65.6737 2
    endloop
  endfacet
  facet normal 0 0 1
    outer loop
      vertex 1.90192 66 2
      vertex 1.90192 6 2
      vertex 2.11994 6.32628 2
    endloop
  endfacet
  facet normal 0 0 1
    outer loop
      vertex 1.72836 66.352 2
      vertex 1.90192 6 2
      vertex 1.90192 66 2
    endloop
  endfacet
  facet normal 0 0 1
    outer loop
      vertex 1.72836 66.352 2
      vertex 1.72836 5.64805 2
      vertex 1.90192 6 2
    endloop
  endfacet
  facet normal 0 0 1
    outer loop
      vertex 1.60222 66.7235 2
      vertex 1.72836 5.64805 2
      vertex 1.72836 66.352 2
    endloop
  endfacet
  facet normal 0 0 1
    outer loop
      vertex 1.60222 66.7235 2
      vertex 1.60222 5.27646 2
      vertex 1.72836 5.64805 2
    endloop
  endfacet
  facet normal 0 0 1
    outer loop
      vertex -0.4 72.4 2
      vertex 1.60222 66.7235 2
      vertex 1.52567 67.1084 2
    endloop
  endfacet
  facet normal 0 0 1
    outer loop
      vertex 1.60222 66.7235 2
      vertex -0.4 72.4 2
      vertex 1.60222 5.27646 2
    endloop
  endfacet
  facet normal 0 0 1
    outer loop
      vertex -0.4 72.4 2
      vertex 1.52567 67.1084 2
      vertex 1.5 67.5 2
    endloop
  endfacet
  facet normal 0 0 1
    outer loop
      vertex -0.4 -0.4 2
      vertex 1.60222 5.27646 2
      vertex -0.4 72.4 2
    endloop
  endfacet
  facet normal 0 0 1
    outer loop
      vertex 24.5 72.4 2
      vertex 7.47433 67.8916 2
      vertex 7.5 67.5 2
    endloop
  endfacet
  facet normal 0 0 1
    outer loop
      vertex 24.5 72.4 2
      vertex 7.39778 68.2765 2
      vertex 7.47433 67.8916 2
    endloop
  endfacet
  facet normal 0 0 1
    outer loop
      vertex 24.5 72.4 2
      vertex 7.27164 68.648 2
      vertex 7.39778 68.2765 2
    endloop
  endfacet
  facet normal 0 0 1
    outer loop
      vertex 24.5 72.4 2
      vertex 7.09808 69 2
      vertex 7.27164 68.648 2
    endloop
  endfacet
  facet normal 0 0 1
    outer loop
      vertex 24.5 72.4 2
      vertex 6.88006 69.3263 2
      vertex 7.09808 69 2
    endloop
  endfacet
  facet normal 0 0 1
    outer loop
      vertex 24.5 72.4 2
      vertex 6.62132 69.6213 2
      vertex 6.88006 69.3263 2
    endloop
  endfacet
  facet normal 0 0 1
    outer loop
      vertex 24.5 72.4 2
      vertex 6.32628 69.8801 2
      vertex 6.62132 69.6213 2
    endloop
  endfacet
  facet normal 0 0 1
    outer loop
      vertex 24.5 72.4 2
      vertex 6 70.0981 2
      vertex 6.32628 69.8801 2
    endloop
  endfacet
  facet normal 0 0 1
    outer loop
      vertex 24.5 72.4 2
      vertex 5.64805 70.2716 2
      vertex 6 70.0981 2
    endloop
  endfacet
  facet normal 0 0 1
    outer loop
      vertex 24.5 72.4 2
      vertex 5.27646 70.3978 2
      vertex 5.64805 70.2716 2
    endloop
  endfacet
  facet normal -0 0 1
    outer loop
      vertex -0.4 72.4 2
      vertex 5.27646 70.3978 2
      vertex 24.5 72.4 2
    endloop
  endfacet
  facet normal 0 0 1
    outer loop
      vertex 5.27646 70.3978 2
      vertex -0.4 72.4 2
      vertex 4.89158 70.4743 2
    endloop
  endfacet
  facet normal 0 0 1
    outer loop
      vertex 4.89158 70.4743 2
      vertex -0.4 72.4 2
      vertex 4.5 70.5 2
    endloop
  endfacet
  facet normal 0 0 1
    outer loop
      vertex 1.60222 5.27646 2
      vertex -0.4 -0.4 2
      vertex 1.52567 4.89158 2
    endloop
  endfacet
  facet normal 0 0 1
    outer loop
      vertex 1.52567 67.8916 2
      vertex -0.4 72.4 2
      vertex 1.5 67.5 2
    endloop
  endfacet
  facet normal 0 0 1
    outer loop
      vertex 1.60222 68.2765 2
      vertex -0.4 72.4 2
      vertex 1.52567 67.8916 2
    endloop
  endfacet
  facet normal 0 0 1
    outer loop
      vertex 1.72836 68.648 2
      vertex -0.4 72.4 2
      vertex 1.60222 68.2765 2
    endloop
  endfacet
  facet normal 0 0 1
    outer loop
      vertex 1.90192 69 2
      vertex -0.4 72.4 2
      vertex 1.72836 68.648 2
    endloop
  endfacet
  facet normal 0 0 1
    outer loop
      vertex 2.11994 69.3263 2
      vertex -0.4 72.4 2
      vertex 1.90192 69 2
    endloop
  endfacet
  facet normal 0 0 1
    outer loop
      vertex 2.37868 69.6213 2
      vertex -0.4 72.4 2
      vertex 2.11994 69.3263 2
    endloop
  endfacet
  facet normal 0 0 1
    outer loop
      vertex 2.67372 69.8801 2
      vertex -0.4 72.4 2
      vertex 2.37868 69.6213 2
    endloop
  endfacet
  facet normal 0 0 1
    outer loop
      vertex 3 70.0981 2
      vertex -0.4 72.4 2
      vertex 2.67372 69.8801 2
    endloop
  endfacet
  facet normal 0 0 1
    outer loop
      vertex 3.35195 70.2716 2
      vertex -0.4 72.4 2
      vertex 3 70.0981 2
    endloop
  endfacet
  facet normal 0 0 1
    outer loop
      vertex 3.72354 70.3978 2
      vertex -0.4 72.4 2
      vertex 3.35195 70.2716 2
    endloop
  endfacet
  facet normal 0 0 1
    outer loop
      vertex 4.10842 70.4743 2
      vertex -0.4 72.4 2
      vertex 3.72354 70.3978 2
    endloop
  endfacet
  facet normal 0 0 1
    outer loop
      vertex 4.5 70.5 2
      vertex -0.4 72.4 2
      vertex 4.10842 70.4743 2
    endloop
  endfacet
  facet normal 0 0 1
    outer loop
      vertex 84.4 72.4 2
      vertex 82.3978 66.7235 2
      vertex 84.4 -0.4 2
    endloop
  endfacet
  facet normal 0 0 1
    outer loop
      vertex 84.4 -0.4 2
      vertex 82.4743 4.89158 2
      vertex 82.5 4.5 2
    endloop
  endfacet
  facet normal -0 0 1
    outer loop
      vertex 82.3978 5.27646 2
      vertex 84.4 -0.4 2
      vertex 82.3978 66.7235 2
    endloop
  endfacet
  facet normal 0 0 1
    outer loop
      vertex 84.4 -0.4 2
      vertex 82.3978 5.27646 2
      vertex 82.4743 4.89158 2
    endloop
  endfacet
  facet normal -0 0 1
    outer loop
      vertex 82.2716 66.352 2
      vertex 82.3978 5.27646 2
      vertex 82.3978 66.7235 2
    endloop
  endfacet
  facet normal 0 0 1
    outer loop
      vertex 82.2716 66.352 2
      vertex 82.2716 5.64805 2
      vertex 82.3978 5.27646 2
    endloop
  endfacet
  facet normal -0 0 1
    outer loop
      vertex 82.0981 66 2
      vertex 82.2716 5.64805 2
      vertex 82.2716 66.352 2
    endloop
  endfacet
  facet normal 0 0 1
    outer loop
      vertex 82.0981 66 2
      vertex 82.0981 6 2
      vertex 82.2716 5.64805 2
    endloop
  endfacet
  facet normal -0 0 1
    outer loop
      vertex 81.8801 65.6737 2
      vertex 82.0981 6 2
      vertex 82.0981 66 2
    endloop
  endfacet
  facet normal 0 0 1
    outer loop
      vertex 81.8801 65.6737 2
      vertex 81.8801 6.32628 2
      vertex 82.0981 6 2
    endloop
  endfacet
  facet normal -0 0 1
    outer loop
      vertex 81.6213 65.3787 2
      vertex 81.8801 6.32628 2
      vertex 81.8801 65.6737 2
    endloop
  endfacet
  facet normal 0 0 1
    outer loop
      vertex 81.6213 65.3787 2
      vertex 81.6213 6.62132 2
      vertex 81.8801 6.32628 2
    endloop
  endfacet
  facet normal -0 0 1
    outer loop
      vertex 81.3263 65.1199 2
      vertex 81.6213 6.62132 2
      vertex 81.6213 65.3787 2
    endloop
  endfacet
  facet normal 0 0 1
    outer loop
      vertex 81.3263 65.1199 2
      vertex 81.3263 6.88006 2
      vertex 81.6213 6.62132 2
    endloop
  endfacet
  facet normal -0 0 1
    outer loop
      vertex 81 64.9019 2
      vertex 81.3263 6.88006 2
      vertex 81.3263 65.1199 2
    endloop
  endfacet
  facet normal 0 0 1
    outer loop
      vertex 81 64.9019 2
      vertex 81 7.09808 2
      vertex 81.3263 6.88006 2
    endloop
  endfacet
  facet normal -0 0 1
    outer loop
      vertex 80.648 64.7284 2
      vertex 81 7.09808 2
      vertex 81 64.9019 2
    endloop
  endfacet
  facet normal 0 0 1
    outer loop
      vertex 80.648 64.7284 2
      vertex 80.648 7.27164 2
      vertex 81 7.09808 2
    endloop
  endfacet
  facet normal -0 0 1
    outer loop
      vertex 80.2765 64.6022 2
      vertex 80.648 7.27164 2
      vertex 80.648 64.7284 2
    endloop
  endfacet
  facet normal 0 0 1
    outer loop
      vertex 80.2765 64.6022 2
      vertex 80.2765 7.39778 2
      vertex 80.648 7.27164 2
    endloop
  endfacet
  facet normal -0 0 1
    outer loop
      vertex 79.8916 64.5257 2
      vertex 80.2765 7.39778 2
      vertex 80.2765 64.6022 2
    endloop
  endfacet
  facet normal 0 0 1
    outer loop
      vertex 79.8916 64.5257 2
      vertex 79.8916 7.47433 2
      vertex 80.2765 7.39778 2
    endloop
  endfacet
  facet normal -0 0 1
    outer loop
      vertex 79.5 64.5 2
      vertex 79.8916 7.47433 2
      vertex 79.8916 64.5257 2
    endloop
  endfacet
  facet normal 0 0 1
    outer loop
      vertex 79.5 64.5 2
      vertex 79.5 7.5 2
      vertex 79.8916 7.47433 2
    endloop
  endfacet
  facet normal 0 0 1
    outer loop
      vertex 79.1084 64.5257 2
      vertex 79.5 7.5 2
      vertex 79.5 64.5 2
    endloop
  endfacet
  facet normal 0 0 1
    outer loop
      vertex 79.1084 64.5257 2
      vertex 79.1084 7.47433 2
      vertex 79.5 7.5 2
    endloop
  endfacet
  facet normal 0 0 1
    outer loop
      vertex 78.7235 64.6022 2
      vertex 79.1084 7.47433 2
      vertex 79.1084 64.5257 2
    endloop
  endfacet
  facet normal 0 0 1
    outer loop
      vertex 78.7235 64.6022 2
      vertex 78.7235 7.39778 2
      vertex 79.1084 7.47433 2
    endloop
  endfacet
  facet normal 0 0 1
    outer loop
      vertex 78.352 64.7284 2
      vertex 78.7235 7.39778 2
      vertex 78.7235 64.6022 2
    endloop
  endfacet
  facet normal 0 0 1
    outer loop
      vertex 78.352 64.7284 2
      vertex 78.352 7.27164 2
      vertex 78.7235 7.39778 2
    endloop
  endfacet
  facet normal 0 0 1
    outer loop
      vertex 78 64.9019 2
      vertex 78.352 7.27164 2
      vertex 78.352 64.7284 2
    endloop
  endfacet
  facet normal 0 0 1
    outer loop
      vertex 78 64.9019 2
      vertex 78 7.09808 2
      vertex 78.352 7.27164 2
    endloop
  endfacet
  facet normal 0 0 1
    outer loop
      vertex 77.6737 65.1199 2
      vertex 78 7.09808 2
      vertex 78 64.9019 2
    endloop
  endfacet
  facet normal 0 0 1
    outer loop
      vertex 77.6737 65.1199 2
      vertex 77.6737 6.88006 2
      vertex 78 7.09808 2
    endloop
  endfacet
  facet normal 0 0 1
    outer loop
      vertex 77.3787 65.3787 2
      vertex 77.6737 6.88006 2
      vertex 77.6737 65.1199 2
    endloop
  endfacet
  facet normal 0 0 1
    outer loop
      vertex 77.3787 65.3787 2
      vertex 77.3787 6.62132 2
      vertex 77.6737 6.88006 2
    endloop
  endfacet
  facet normal 0 0 1
    outer loop
      vertex 35.5 72.4 2
      vertex 77.3787 65.3787 2
      vertex 77.1199 65.6737 2
    endloop
  endfacet
  facet normal 0 0 1
    outer loop
      vertex 77.3787 65.3787 2
      vertex 35.5 72.4 2
      vertex 77.3787 6.62132 2
    endloop
  endfacet
  facet normal 0 0 1
    outer loop
      vertex 35.5 72.4 2
      vertex 77.1199 65.6737 2
      vertex 76.9019 66 2
    endloop
  endfacet
  facet normal 0 0 1
    outer loop
      vertex 77.3787 6.62132 2
      vertex 35.5 72.4 2
      vertex 77.1199 6.32628 2
    endloop
  endfacet
  facet normal 0 0 1
    outer loop
      vertex 35.5 72.4 2
      vertex 76.9019 66 2
      vertex 76.7284 66.352 2
    endloop
  endfacet
  facet normal 0 0 1
    outer loop
      vertex 77.1199 6.32628 2
      vertex 35.5 72.4 2
      vertex 76.9019 6 2
    endloop
  endfacet
  facet normal 0 0 1
    outer loop
      vertex 35.5 72.4 2
      vertex 76.7284 66.352 2
      vertex 76.6022 66.7235 2
    endloop
  endfacet
  facet normal 0 0 1
    outer loop
      vertex 7.5 4.5 2
      vertex 76.9019 6 2
      vertex 35.5 72.4 2
    endloop
  endfacet
  facet normal 0 0 1
    outer loop
      vertex 35.5 72.4 2
      vertex 76.6022 66.7235 2
      vertex 76.5257 67.1084 2
    endloop
  endfacet
  facet normal 0 0 1
    outer loop
      vertex 76.9019 6 2
      vertex 7.5 4.5 2
      vertex 76.7284 5.64805 2
    endloop
  endfacet
  facet normal 0 0 1
    outer loop
      vertex 35.5 72.4 2
      vertex 76.5257 67.1084 2
      vertex 76.5 67.5 2
    endloop
  endfacet
  facet normal 0 0 1
    outer loop
      vertex 76.7284 5.64805 2
      vertex 7.5 4.5 2
      vertex 76.6022 5.27646 2
    endloop
  endfacet
  facet normal 0 0 1
    outer loop
      vertex 82.4743 67.1084 2
      vertex 84.4 72.4 2
      vertex 82.5 67.5 2
    endloop
  endfacet
  facet normal 0 0 1
    outer loop
      vertex 84.4 72.4 2
      vertex 82.4743 67.8916 2
      vertex 82.5 67.5 2
    endloop
  endfacet
  facet normal 0 0 1
    outer loop
      vertex 84.4 72.4 2
      vertex 82.3978 68.2765 2
      vertex 82.4743 67.8916 2
    endloop
  endfacet
  facet normal 0 0 1
    outer loop
      vertex 84.4 72.4 2
      vertex 82.2716 68.648 2
      vertex 82.3978 68.2765 2
    endloop
  endfacet
  facet normal 0 0 1
    outer loop
      vertex 84.4 72.4 2
      vertex 82.0981 69 2
      vertex 82.2716 68.648 2
    endloop
  endfacet
  facet normal 0 0 1
    outer loop
      vertex 84.4 72.4 2
      vertex 81.8801 69.3263 2
      vertex 82.0981 69 2
    endloop
  endfacet
  facet normal 0 0 1
    outer loop
      vertex 84.4 72.4 2
      vertex 81.6213 69.6213 2
      vertex 81.8801 69.3263 2
    endloop
  endfacet
  facet normal 0 0 1
    outer loop
      vertex 84.4 72.4 2
      vertex 81.3263 69.8801 2
      vertex 81.6213 69.6213 2
    endloop
  endfacet
  facet normal 0 0 1
    outer loop
      vertex 84.4 72.4 2
      vertex 81 70.0981 2
      vertex 81.3263 69.8801 2
    endloop
  endfacet
  facet normal 0 0 1
    outer loop
      vertex 84.4 72.4 2
      vertex 80.648 70.2716 2
      vertex 81 70.0981 2
    endloop
  endfacet
  facet normal 0 0 1
    outer loop
      vertex 84.4 72.4 2
      vertex 80.2765 70.3978 2
      vertex 80.648 70.2716 2
    endloop
  endfacet
  facet normal 0 0 1
    outer loop
      vertex 84.4 72.4 2
      vertex 79.8916 70.4743 2
      vertex 80.2765 70.3978 2
    endloop
  endfacet
  facet normal 0 0 1
    outer loop
      vertex 84.4 72.4 2
      vertex 79.5 70.5 2
      vertex 79.8916 70.4743 2
    endloop
  endfacet
  facet normal 0 0 1
    outer loop
      vertex 84.4 72.4 2
      vertex 79.1084 70.4743 2
      vertex 79.5 70.5 2
    endloop
  endfacet
  facet normal 0 0 1
    outer loop
      vertex 84.4 72.4 2
      vertex 78.7235 70.3978 2
      vertex 79.1084 70.4743 2
    endloop
  endfacet
  facet normal -0 0 1
    outer loop
      vertex 35.5 72.4 2
      vertex 78.7235 70.3978 2
      vertex 84.4 72.4 2
    endloop
  endfacet
  facet normal 0 0 1
    outer loop
      vertex 76.6022 5.27646 2
      vertex 7.5 4.5 2
      vertex 76.5257 4.89158 2
    endloop
  endfacet
  facet normal 0 0 1
    outer loop
      vertex 76.5257 67.8916 2
      vertex 35.5 72.4 2
      vertex 76.5 67.5 2
    endloop
  endfacet
  facet normal 0 0 1
    outer loop
      vertex 76.6022 68.2765 2
      vertex 35.5 72.4 2
      vertex 76.5257 67.8916 2
    endloop
  endfacet
  facet normal 0 0 1
    outer loop
      vertex 76.7284 68.648 2
      vertex 35.5 72.4 2
      vertex 76.6022 68.2765 2
    endloop
  endfacet
  facet normal 0 0 1
    outer loop
      vertex 76.9019 69 2
      vertex 35.5 72.4 2
      vertex 76.7284 68.648 2
    endloop
  endfacet
  facet normal 0 0 1
    outer loop
      vertex 77.1199 69.3263 2
      vertex 35.5 72.4 2
      vertex 76.9019 69 2
    endloop
  endfacet
  facet normal 0 0 1
    outer loop
      vertex 77.3787 69.6213 2
      vertex 35.5 72.4 2
      vertex 77.1199 69.3263 2
    endloop
  endfacet
  facet normal 0 0 1
    outer loop
      vertex 77.6737 69.8801 2
      vertex 35.5 72.4 2
      vertex 77.3787 69.6213 2
    endloop
  endfacet
  facet normal 0 0 1
    outer loop
      vertex 78 70.0981 2
      vertex 35.5 72.4 2
      vertex 77.6737 69.8801 2
    endloop
  endfacet
  facet normal 0 0 1
    outer loop
      vertex 78.352 70.2716 2
      vertex 35.5 72.4 2
      vertex 78 70.0981 2
    endloop
  endfacet
  facet normal 0 0 1
    outer loop
      vertex 78.7235 70.3978 2
      vertex 35.5 72.4 2
      vertex 78.352 70.2716 2
    endloop
  endfacet
  facet normal 0 0 1
    outer loop
      vertex 82.3978 66.7235 2
      vertex 84.4 72.4 2
      vertex 82.4743 67.1084 2
    endloop
  endfacet
  facet normal -0 0 1
    outer loop
      vertex 82.4743 4.10842 2
      vertex 84.4 -0.4 2
      vertex 82.5 4.5 2
    endloop
  endfacet
  facet normal -0 0 1
    outer loop
      vertex 82.3978 3.72354 2
      vertex 84.4 -0.4 2
      vertex 82.4743 4.10842 2
    endloop
  endfacet
  facet normal -0 0 1
    outer loop
      vertex 82.2716 3.35195 2
      vertex 84.4 -0.4 2
      vertex 82.3978 3.72354 2
    endloop
  endfacet
  facet normal -0 0 1
    outer loop
      vertex 82.0981 3 2
      vertex 84.4 -0.4 2
      vertex 82.2716 3.35195 2
    endloop
  endfacet
  facet normal -0 0 1
    outer loop
      vertex 81.8801 2.67372 2
      vertex 84.4 -0.4 2
      vertex 82.0981 3 2
    endloop
  endfacet
  facet normal -0 0 1
    outer loop
      vertex 81.6213 2.37868 2
      vertex 84.4 -0.4 2
      vertex 81.8801 2.67372 2
    endloop
  endfacet
  facet normal -0 0 1
    outer loop
      vertex 81.3263 2.11994 2
      vertex 84.4 -0.4 2
      vertex 81.6213 2.37868 2
    endloop
  endfacet
  facet normal -0 0 1
    outer loop
      vertex 81 1.90192 2
      vertex 84.4 -0.4 2
      vertex 81.3263 2.11994 2
    endloop
  endfacet
  facet normal -0 0 1
    outer loop
      vertex 80.648 1.72836 2
      vertex 84.4 -0.4 2
      vertex 81 1.90192 2
    endloop
  endfacet
  facet normal -0 0 1
    outer loop
      vertex 80.2765 1.60222 2
      vertex 84.4 -0.4 2
      vertex 80.648 1.72836 2
    endloop
  endfacet
  facet normal -0 0 1
    outer loop
      vertex 79.8916 1.52567 2
      vertex 84.4 -0.4 2
      vertex 80.2765 1.60222 2
    endloop
  endfacet
  facet normal -0 0 1
    outer loop
      vertex 79.5 1.5 2
      vertex 84.4 -0.4 2
      vertex 79.8916 1.52567 2
    endloop
  endfacet
  facet normal 0 0 1
    outer loop
      vertex 79.1084 1.52567 2
      vertex 84.4 -0.4 2
      vertex 79.5 1.5 2
    endloop
  endfacet
  facet normal 0 0 1
    outer loop
      vertex 78.7235 1.60222 2
      vertex 84.4 -0.4 2
      vertex 79.1084 1.52567 2
    endloop
  endfacet
  facet normal 0 0 1
    outer loop
      vertex 5.27646 1.60222 2
      vertex 78.7235 1.60222 2
      vertex 78.352 1.72836 2
    endloop
  endfacet
  facet normal 0 0 1
    outer loop
      vertex 76.5257 4.89158 2
      vertex 7.5 4.5 2
      vertex 76.5 4.5 2
    endloop
  endfacet
  facet normal 0 0 1
    outer loop
      vertex 76.5 4.5 2
      vertex 7.5 4.5 2
      vertex 76.5257 4.10842 2
    endloop
  endfacet
  facet normal 0 0 1
    outer loop
      vertex 7.47433 4.10842 2
      vertex 76.5257 4.10842 2
      vertex 7.5 4.5 2
    endloop
  endfacet
  facet normal 0 0 1
    outer loop
      vertex 76.5257 4.10842 2
      vertex 7.47433 4.10842 2
      vertex 76.6022 3.72354 2
    endloop
  endfacet
  facet normal 0 0 1
    outer loop
      vertex 24.5 72.4 2
      vertex 35.5 72.4 2
      vertex 24.5 74 2
    endloop
  endfacet
  facet normal 0 0 1
    outer loop
      vertex 7.5 4.5 2
      vertex 35.5 72.4 2
      vertex 24.5 72.4 2
    endloop
  endfacet
  facet normal 0 0 1
    outer loop
      vertex 7.39778 3.72354 2
      vertex 76.6022 3.72354 2
      vertex 7.47433 4.10842 2
    endloop
  endfacet
  facet normal 0 0 1
    outer loop
      vertex 7.47433 67.1084 2
      vertex 24.5 72.4 2
      vertex 7.5 67.5 2
    endloop
  endfacet
  facet normal 0 0 1
    outer loop
      vertex 76.6022 3.72354 2
      vertex 7.39778 3.72354 2
      vertex 76.7284 3.35195 2
    endloop
  endfacet
  facet normal 0 0 1
    outer loop
      vertex 7.27164 3.35195 2
      vertex 76.7284 3.35195 2
      vertex 7.39778 3.72354 2
    endloop
  endfacet
  facet normal 0 0 1
    outer loop
      vertex 76.7284 3.35195 2
      vertex 7.27164 3.35195 2
      vertex 76.9019 3 2
    endloop
  endfacet
  facet normal 0 0 1
    outer loop
      vertex 7.09808 3 2
      vertex 76.9019 3 2
      vertex 7.27164 3.35195 2
    endloop
  endfacet
  facet normal 0 0 1
    outer loop
      vertex 76.9019 3 2
      vertex 7.09808 3 2
      vertex 77.1199 2.67372 2
    endloop
  endfacet
  facet normal 0 0 1
    outer loop
      vertex 6.88006 2.67372 2
      vertex 77.1199 2.67372 2
      vertex 7.09808 3 2
    endloop
  endfacet
  facet normal 0 0 1
    outer loop
      vertex 77.1199 2.67372 2
      vertex 6.88006 2.67372 2
      vertex 77.3787 2.37868 2
    endloop
  endfacet
  facet normal 0 0 1
    outer loop
      vertex 6.62132 2.37868 2
      vertex 77.3787 2.37868 2
      vertex 6.88006 2.67372 2
    endloop
  endfacet
  facet normal 0 0 1
    outer loop
      vertex 77.3787 2.37868 2
      vertex 6.62132 2.37868 2
      vertex 77.6737 2.11994 2
    endloop
  endfacet
  facet normal 0 0 1
    outer loop
      vertex 6.32628 2.11994 2
      vertex 77.6737 2.11994 2
      vertex 6.62132 2.37868 2
    endloop
  endfacet
  facet normal 0 0 1
    outer loop
      vertex 77.6737 2.11994 2
      vertex 6.32628 2.11994 2
      vertex 78 1.90192 2
    endloop
  endfacet
  facet normal 0 0 1
    outer loop
      vertex 6 1.90192 2
      vertex 78 1.90192 2
      vertex 6.32628 2.11994 2
    endloop
  endfacet
  facet normal 0 0 1
    outer loop
      vertex 78 1.90192 2
      vertex 6 1.90192 2
      vertex 78.352 1.72836 2
    endloop
  endfacet
  facet normal 0 0 1
    outer loop
      vertex 5.64805 1.72836 2
      vertex 78.352 1.72836 2
      vertex 6 1.90192 2
    endloop
  endfacet
  facet normal 0 0 1
    outer loop
      vertex 5.27646 1.60222 2
      vertex 78.352 1.72836 2
      vertex 5.64805 1.72836 2
    endloop
  endfacet
  facet normal 0 0 1
    outer loop
      vertex 78.7235 1.60222 2
      vertex 5.27646 1.60222 2
      vertex 84.4 -0.4 2
    endloop
  endfacet
  facet normal 0 0 1
    outer loop
      vertex -0.4 -0.4 2
      vertex 5.27646 1.60222 2
      vertex 4.89158 1.52567 2
    endloop
  endfacet
  facet normal 0 0 1
    outer loop
      vertex -0.4 -0.4 2
      vertex 4.89158 1.52567 2
      vertex 4.5 1.5 2
    endloop
  endfacet
  facet normal 0 0 1
    outer loop
      vertex 5.27646 1.60222 2
      vertex -0.4 -0.4 2
      vertex 84.4 -0.4 2
    endloop
  endfacet
  facet normal 0 0 1
    outer loop
      vertex 4.10842 1.52567 2
      vertex -0.4 -0.4 2
      vertex 4.5 1.5 2
    endloop
  endfacet
  facet normal 0 0 1
    outer loop
      vertex 3.72354 1.60222 2
      vertex -0.4 -0.4 2
      vertex 4.10842 1.52567 2
    endloop
  endfacet
  facet normal 0 0 1
    outer loop
      vertex 3.35195 1.72836 2
      vertex -0.4 -0.4 2
      vertex 3.72354 1.60222 2
    endloop
  endfacet
  facet normal 0 0 1
    outer loop
      vertex 3 1.90192 2
      vertex -0.4 -0.4 2
      vertex 3.35195 1.72836 2
    endloop
  endfacet
  facet normal 0 0 1
    outer loop
      vertex 2.67372 2.11994 2
      vertex -0.4 -0.4 2
      vertex 3 1.90192 2
    endloop
  endfacet
  facet normal 0 0 1
    outer loop
      vertex 2.37868 2.37868 2
      vertex -0.4 -0.4 2
      vertex 2.67372 2.11994 2
    endloop
  endfacet
  facet normal 0 0 1
    outer loop
      vertex 2.11994 2.67372 2
      vertex -0.4 -0.4 2
      vertex 2.37868 2.37868 2
    endloop
  endfacet
  facet normal 0 0 1
    outer loop
      vertex 1.90192 3 2
      vertex -0.4 -0.4 2
      vertex 2.11994 2.67372 2
    endloop
  endfacet
  facet normal 0 0 1
    outer loop
      vertex 1.72836 3.35195 2
      vertex -0.4 -0.4 2
      vertex 1.90192 3 2
    endloop
  endfacet
  facet normal 0 0 1
    outer loop
      vertex 1.60222 3.72354 2
      vertex -0.4 -0.4 2
      vertex 1.72836 3.35195 2
    endloop
  endfacet
  facet normal 0 0 1
    outer loop
      vertex 1.52567 4.10842 2
      vertex -0.4 -0.4 2
      vertex 1.60222 3.72354 2
    endloop
  endfacet
  facet normal 0 0 1
    outer loop
      vertex 1.5 4.5 2
      vertex -0.4 -0.4 2
      vertex 1.52567 4.10842 2
    endloop
  endfacet
  facet normal 0 0 1
    outer loop
      vertex 1.52567 4.89158 2
      vertex -0.4 -0.4 2
      vertex 1.5 4.5 2
    endloop
  endfacet
  facet normal 0 1 -0
    outer loop
      vertex 84.4 -0.4 2
      vertex -0.4 -0.4 14.6
      vertex 84.4 -0.4 14.6
    endloop
  endfacet
  facet normal 0 1 0
    outer loop
      vertex -0.4 -0.4 14.6
      vertex 84.4 -0.4 2
      vertex -0.4 -0.4 2
    endloop
  endfacet
  facet normal 0.707107 0 -0.707107
    outer loop
      vertex 30 72.4 13.5
      vertex 24.5 74 8
      vertex 30 74 13.5
    endloop
  endfacet
  facet normal 0.707107 0 -0.707107
    outer loop
      vertex 24.5 74 8
      vertex 30 72.4 13.5
      vertex 24.5 72.4 8
    endloop
  endfacet
  facet normal -0.707107 0 -0.707107
    outer loop
      vertex 35.5 72.4 8
      vertex 30 74 13.5
      vertex 35.5 74 8
    endloop
  endfacet
  facet normal -0.707107 -0 -0.707107
    outer loop
      vertex 30 74 13.5
      vertex 35.5 72.4 8
      vertex 30 72.4 13.5
    endloop
  endfacet
  facet normal 1 -0 0
    outer loop
      vertex 24.5 72.4 8
      vertex 24.5 74 2
      vertex 24.5 74 8
    endloop
  endfacet
  facet normal 1 0 0
    outer loop
      vertex 24.5 74 2
      vertex 24.5 72.4 8
      vertex 24.5 72.4 2
    endloop
  endfacet
  facet normal -1 0 0
    outer loop
      vertex 35.5 72.4 2
      vertex 35.5 74 8
      vertex 35.5 74 2
    endloop
  endfacet
  facet normal -1 -0 0
    outer loop
      vertex 35.5 74 8
      vertex 35.5 72.4 2
      vertex 35.5 72.4 8
    endloop
  endfacet
  facet normal 0.997858 0.0654145 0
    outer loop
      vertex 7.5 4.5 8
      vertex 7.47433 4.89158 2
      vertex 7.47433 4.89158 8
    endloop
  endfacet
  facet normal 0.997858 0.0654145 0
    outer loop
      vertex 7.47433 4.89158 2
      vertex 7.5 4.5 8
      vertex 7.5 4.5 2
    endloop
  endfacet
  facet normal -0.0654145 0.997858 0
    outer loop
      vertex 4.5 7.5 2
      vertex 4.10842 7.47433 8
      vertex 4.5 7.5 8
    endloop
  endfacet
  facet normal -0.0654145 0.997858 0
    outer loop
      vertex 4.10842 7.47433 8
      vertex 4.5 7.5 2
      vertex 4.10842 7.47433 2
    endloop
  endfacet
  facet normal 0.659341 0.751844 -0
    outer loop
      vertex 6.62132 6.62132 2
      vertex 6.32628 6.88006 8
      vertex 6.62132 6.62132 8
    endloop
  endfacet
  facet normal 0.659341 0.751844 0
    outer loop
      vertex 6.32628 6.88006 8
      vertex 6.62132 6.62132 2
      vertex 6.32628 6.88006 2
    endloop
  endfacet
  facet normal -0.751844 0.659341 0
    outer loop
      vertex 2.11994 6.32628 2
      vertex 2.37868 6.62132 8
      vertex 2.37868 6.62132 2
    endloop
  endfacet
  facet normal -0.751844 0.659341 0
    outer loop
      vertex 2.37868 6.62132 8
      vertex 2.11994 6.32628 2
      vertex 2.11994 6.32628 8
    endloop
  endfacet
  facet normal -0.442283 0.896875 0
    outer loop
      vertex 3.35195 7.27164 2
      vertex 3 7.09808 8
      vertex 3.35195 7.27164 8
    endloop
  endfacet
  facet normal -0.442283 0.896875 0
    outer loop
      vertex 3 7.09808 8
      vertex 3.35195 7.27164 2
      vertex 3 7.09808 2
    endloop
  endfacet
  facet normal -0.946928 -0.321444 0
    outer loop
      vertex 1.72836 3.35195 2
      vertex 1.60222 3.72354 8
      vertex 1.60222 3.72354 2
    endloop
  endfacet
  facet normal -0.946928 -0.321444 0
    outer loop
      vertex 1.60222 3.72354 8
      vertex 1.72836 3.35195 2
      vertex 1.72836 3.35195 8
    endloop
  endfacet
  facet normal 0.896875 0.442283 0
    outer loop
      vertex 7.27164 5.64805 8
      vertex 7.09808 6 2
      vertex 7.09808 6 8
    endloop
  endfacet
  facet normal 0.896875 0.442283 0
    outer loop
      vertex 7.09808 6 2
      vertex 7.27164 5.64805 8
      vertex 7.27164 5.64805 2
    endloop
  endfacet
  facet normal 0.980789 0.195072 0
    outer loop
      vertex 7.47433 4.89158 8
      vertex 7.39778 5.27646 2
      vertex 7.39778 5.27646 8
    endloop
  endfacet
  facet normal 0.980789 0.195072 0
    outer loop
      vertex 7.39778 5.27646 2
      vertex 7.47433 4.89158 8
      vertex 7.47433 4.89158 2
    endloop
  endfacet
  facet normal 0.321444 0.946928 -0
    outer loop
      vertex 5.64805 7.27164 2
      vertex 5.27646 7.39778 8
      vertex 5.64805 7.27164 8
    endloop
  endfacet
  facet normal 0.321444 0.946928 0
    outer loop
      vertex 5.27646 7.39778 8
      vertex 5.64805 7.27164 2
      vertex 5.27646 7.39778 2
    endloop
  endfacet
  facet normal 0.555582 0.831462 -0
    outer loop
      vertex 6.32628 6.88006 2
      vertex 6 7.09808 8
      vertex 6.32628 6.88006 8
    endloop
  endfacet
  facet normal 0.555582 0.831462 0
    outer loop
      vertex 6 7.09808 8
      vertex 6.32628 6.88006 2
      vertex 6 7.09808 2
    endloop
  endfacet
  facet normal -0.896875 0.442283 0
    outer loop
      vertex 1.72836 5.64805 2
      vertex 1.90192 6 8
      vertex 1.90192 6 2
    endloop
  endfacet
  facet normal -0.896875 0.442283 0
    outer loop
      vertex 1.90192 6 8
      vertex 1.72836 5.64805 2
      vertex 1.72836 5.64805 8
    endloop
  endfacet
  facet normal -0.831462 0.555582 0
    outer loop
      vertex 1.90192 6 2
      vertex 2.11994 6.32628 8
      vertex 2.11994 6.32628 2
    endloop
  endfacet
  facet normal -0.831462 0.555582 0
    outer loop
      vertex 2.11994 6.32628 8
      vertex 1.90192 6 2
      vertex 1.90192 6 8
    endloop
  endfacet
  facet normal -0.980789 0.195072 0
    outer loop
      vertex 1.52567 4.89158 2
      vertex 1.60222 5.27646 8
      vertex 1.60222 5.27646 2
    endloop
  endfacet
  facet normal -0.980789 0.195072 0
    outer loop
      vertex 1.60222 5.27646 8
      vertex 1.52567 4.89158 2
      vertex 1.52567 4.89158 8
    endloop
  endfacet
  facet normal -0.659341 0.751844 0
    outer loop
      vertex 2.67372 6.88006 2
      vertex 2.37868 6.62132 8
      vertex 2.67372 6.88006 8
    endloop
  endfacet
  facet normal -0.659341 0.751844 0
    outer loop
      vertex 2.37868 6.62132 8
      vertex 2.67372 6.88006 2
      vertex 2.37868 6.62132 2
    endloop
  endfacet
  facet normal -0.195072 0.980789 0
    outer loop
      vertex 4.10842 7.47433 2
      vertex 3.72354 7.39778 8
      vertex 4.10842 7.47433 8
    endloop
  endfacet
  facet normal -0.195072 0.980789 0
    outer loop
      vertex 3.72354 7.39778 8
      vertex 4.10842 7.47433 2
      vertex 3.72354 7.39778 2
    endloop
  endfacet
  facet normal 0.946928 -0.321444 0
    outer loop
      vertex 7.27164 3.35195 8
      vertex 7.39778 3.72354 2
      vertex 7.39778 3.72354 8
    endloop
  endfacet
  facet normal 0.946928 -0.321444 0
    outer loop
      vertex 7.39778 3.72354 2
      vertex 7.27164 3.35195 8
      vertex 7.27164 3.35195 2
    endloop
  endfacet
  facet normal 0.321444 -0.946928 0
    outer loop
      vertex 5.27646 1.60222 2
      vertex 5.64805 1.72836 8
      vertex 5.27646 1.60222 8
    endloop
  endfacet
  facet normal 0.321444 -0.946928 0
    outer loop
      vertex 5.64805 1.72836 8
      vertex 5.27646 1.60222 2
      vertex 5.64805 1.72836 2
    endloop
  endfacet
  facet normal 0.195072 -0.980789 0
    outer loop
      vertex 4.89158 1.52567 2
      vertex 5.27646 1.60222 8
      vertex 4.89158 1.52567 8
    endloop
  endfacet
  facet normal 0.195072 -0.980789 0
    outer loop
      vertex 5.27646 1.60222 8
      vertex 4.89158 1.52567 2
      vertex 5.27646 1.60222 2
    endloop
  endfacet
  facet normal -0.555582 -0.831462 0
    outer loop
      vertex 2.67372 2.11994 2
      vertex 3 1.90192 8
      vertex 2.67372 2.11994 8
    endloop
  endfacet
  facet normal -0.555582 -0.831462 -0
    outer loop
      vertex 3 1.90192 8
      vertex 2.67372 2.11994 2
      vertex 3 1.90192 2
    endloop
  endfacet
  facet normal -0.195072 -0.980789 0
    outer loop
      vertex 3.72354 1.60222 2
      vertex 4.10842 1.52567 8
      vertex 3.72354 1.60222 8
    endloop
  endfacet
  facet normal -0.195072 -0.980789 -0
    outer loop
      vertex 4.10842 1.52567 8
      vertex 3.72354 1.60222 2
      vertex 4.10842 1.52567 2
    endloop
  endfacet
  facet normal -0.659341 -0.751844 0
    outer loop
      vertex 2.37868 2.37868 2
      vertex 2.67372 2.11994 8
      vertex 2.37868 2.37868 8
    endloop
  endfacet
  facet normal -0.659341 -0.751844 -0
    outer loop
      vertex 2.67372 2.11994 8
      vertex 2.37868 2.37868 2
      vertex 2.67372 2.11994 2
    endloop
  endfacet
  facet normal -0.980789 -0.195072 0
    outer loop
      vertex 1.60222 3.72354 2
      vertex 1.52567 4.10842 8
      vertex 1.52567 4.10842 2
    endloop
  endfacet
  facet normal -0.980789 -0.195072 0
    outer loop
      vertex 1.52567 4.10842 8
      vertex 1.60222 3.72354 2
      vertex 1.60222 3.72354 8
    endloop
  endfacet
  facet normal 0.946928 0.321444 0
    outer loop
      vertex 7.39778 5.27646 8
      vertex 7.27164 5.64805 2
      vertex 7.27164 5.64805 8
    endloop
  endfacet
  facet normal 0.946928 0.321444 0
    outer loop
      vertex 7.27164 5.64805 2
      vertex 7.39778 5.27646 8
      vertex 7.39778 5.27646 2
    endloop
  endfacet
  facet normal 0.751844 0.659341 0
    outer loop
      vertex 6.88006 6.32628 8
      vertex 6.62132 6.62132 2
      vertex 6.62132 6.62132 8
    endloop
  endfacet
  facet normal 0.751844 0.659341 0
    outer loop
      vertex 6.62132 6.62132 2
      vertex 6.88006 6.32628 8
      vertex 6.88006 6.32628 2
    endloop
  endfacet
  facet normal 0.831462 0.555582 0
    outer loop
      vertex 7.09808 6 8
      vertex 6.88006 6.32628 2
      vertex 6.88006 6.32628 8
    endloop
  endfacet
  facet normal 0.831462 0.555582 0
    outer loop
      vertex 6.88006 6.32628 2
      vertex 7.09808 6 8
      vertex 7.09808 6 2
    endloop
  endfacet
  facet normal 0.195072 0.980789 -0
    outer loop
      vertex 5.27646 7.39778 2
      vertex 4.89158 7.47433 8
      vertex 5.27646 7.39778 8
    endloop
  endfacet
  facet normal 0.195072 0.980789 0
    outer loop
      vertex 4.89158 7.47433 8
      vertex 5.27646 7.39778 2
      vertex 4.89158 7.47433 2
    endloop
  endfacet
  facet normal 0.0654145 0.997858 -0
    outer loop
      vertex 4.89158 7.47433 2
      vertex 4.5 7.5 8
      vertex 4.89158 7.47433 8
    endloop
  endfacet
  facet normal 0.0654145 0.997858 0
    outer loop
      vertex 4.5 7.5 8
      vertex 4.89158 7.47433 2
      vertex 4.5 7.5 2
    endloop
  endfacet
  facet normal 0.442283 0.896875 -0
    outer loop
      vertex 6 7.09808 2
      vertex 5.64805 7.27164 8
      vertex 6 7.09808 8
    endloop
  endfacet
  facet normal 0.442283 0.896875 0
    outer loop
      vertex 5.64805 7.27164 8
      vertex 6 7.09808 2
      vertex 5.64805 7.27164 2
    endloop
  endfacet
  facet normal -0.946928 0.321444 0
    outer loop
      vertex 1.60222 5.27646 2
      vertex 1.72836 5.64805 8
      vertex 1.72836 5.64805 2
    endloop
  endfacet
  facet normal -0.946928 0.321444 0
    outer loop
      vertex 1.72836 5.64805 8
      vertex 1.60222 5.27646 2
      vertex 1.60222 5.27646 8
    endloop
  endfacet
  facet normal -0.997858 0.0654145 0
    outer loop
      vertex 1.5 4.5 2
      vertex 1.52567 4.89158 8
      vertex 1.52567 4.89158 2
    endloop
  endfacet
  facet normal -0.997858 0.0654145 0
    outer loop
      vertex 1.52567 4.89158 8
      vertex 1.5 4.5 2
      vertex 1.5 4.5 8
    endloop
  endfacet
  facet normal 0 0 1
    outer loop
      vertex 5.8 4.5 8
      vertex 7.5 4.5 8
      vertex 7.47433 4.89158 8
    endloop
  endfacet
  facet normal 0 0 1
    outer loop
      vertex 5.78888 4.66968 8
      vertex 7.47433 4.89158 8
      vertex 7.39778 5.27646 8
    endloop
  endfacet
  facet normal 0 0 1
    outer loop
      vertex 7.5 4.5 8
      vertex 5.8 4.5 8
      vertex 7.47433 4.10842 8
    endloop
  endfacet
  facet normal 0 0 1
    outer loop
      vertex 5.7557 4.83646 8
      vertex 7.39778 5.27646 8
      vertex 7.27164 5.64805 8
    endloop
  endfacet
  facet normal -0 0 1
    outer loop
      vertex 5.78888 4.33032 8
      vertex 7.47433 4.10842 8
      vertex 5.8 4.5 8
    endloop
  endfacet
  facet normal 0 0 1
    outer loop
      vertex 5.70104 4.99749 8
      vertex 7.27164 5.64805 8
      vertex 7.09808 6 8
    endloop
  endfacet
  facet normal 0 0 1
    outer loop
      vertex 7.47433 4.10842 8
      vertex 5.78888 4.33032 8
      vertex 7.39778 3.72354 8
    endloop
  endfacet
  facet normal 0 0 1
    outer loop
      vertex 5.62583 5.15 8
      vertex 7.09808 6 8
      vertex 6.88006 6.32628 8
    endloop
  endfacet
  facet normal -0 0 1
    outer loop
      vertex 5.7557 4.16354 8
      vertex 7.39778 3.72354 8
      vertex 5.78888 4.33032 8
    endloop
  endfacet
  facet normal 0 0 1
    outer loop
      vertex 5.53136 5.29139 8
      vertex 6.88006 6.32628 8
      vertex 6.62132 6.62132 8
    endloop
  endfacet
  facet normal 0 0 1
    outer loop
      vertex 7.39778 3.72354 8
      vertex 5.7557 4.16354 8
      vertex 7.27164 3.35195 8
    endloop
  endfacet
  facet normal 0 0 1
    outer loop
      vertex 5.41924 5.41924 8
      vertex 6.62132 6.62132 8
      vertex 6.32628 6.88006 8
    endloop
  endfacet
  facet normal -0 0 1
    outer loop
      vertex 5.70104 4.00251 8
      vertex 7.27164 3.35195 8
      vertex 5.7557 4.16354 8
    endloop
  endfacet
  facet normal 0 0 1
    outer loop
      vertex 5.29139 5.53136 8
      vertex 6.32628 6.88006 8
      vertex 6 7.09808 8
    endloop
  endfacet
  facet normal 0 0 1
    outer loop
      vertex 7.27164 3.35195 8
      vertex 5.70104 4.00251 8
      vertex 7.09808 3 8
    endloop
  endfacet
  facet normal -0 0 1
    outer loop
      vertex 5.62583 3.85 8
      vertex 7.09808 3 8
      vertex 5.70104 4.00251 8
    endloop
  endfacet
  facet normal 0 0 1
    outer loop
      vertex 7.47433 4.89158 8
      vertex 5.78888 4.66968 8
      vertex 5.8 4.5 8
    endloop
  endfacet
  facet normal 0 0 1
    outer loop
      vertex 7.39778 5.27646 8
      vertex 5.7557 4.83646 8
      vertex 5.78888 4.66968 8
    endloop
  endfacet
  facet normal 0 0 1
    outer loop
      vertex 7.27164 5.64805 8
      vertex 5.70104 4.99749 8
      vertex 5.7557 4.83646 8
    endloop
  endfacet
  facet normal 0 0 1
    outer loop
      vertex 5.15 5.62583 8
      vertex 6 7.09808 8
      vertex 5.64805 7.27164 8
    endloop
  endfacet
  facet normal 0 0 1
    outer loop
      vertex 7.09808 6 8
      vertex 5.62583 5.15 8
      vertex 5.70104 4.99749 8
    endloop
  endfacet
  facet normal 0 0 1
    outer loop
      vertex 6.88006 6.32628 8
      vertex 5.53136 5.29139 8
      vertex 5.62583 5.15 8
    endloop
  endfacet
  facet normal 0 0 1
    outer loop
      vertex 6.62132 6.62132 8
      vertex 5.41924 5.41924 8
      vertex 5.53136 5.29139 8
    endloop
  endfacet
  facet normal 0 0 1
    outer loop
      vertex 6.32628 6.88006 8
      vertex 5.29139 5.53136 8
      vertex 5.41924 5.41924 8
    endloop
  endfacet
  facet normal 0 0 1
    outer loop
      vertex 4.99749 5.70104 8
      vertex 5.64805 7.27164 8
      vertex 5.27646 7.39778 8
    endloop
  endfacet
  facet normal 0 0 1
    outer loop
      vertex 6 7.09808 8
      vertex 5.15 5.62583 8
      vertex 5.29139 5.53136 8
    endloop
  endfacet
  facet normal 0 0 1
    outer loop
      vertex 5.64805 7.27164 8
      vertex 4.99749 5.70104 8
      vertex 5.15 5.62583 8
    endloop
  endfacet
  facet normal 0 0 1
    outer loop
      vertex 4.83646 5.7557 8
      vertex 5.27646 7.39778 8
      vertex 4.89158 7.47433 8
    endloop
  endfacet
  facet normal 0 0 1
    outer loop
      vertex 5.27646 7.39778 8
      vertex 4.83646 5.7557 8
      vertex 4.99749 5.70104 8
    endloop
  endfacet
  facet normal 0 0 1
    outer loop
      vertex 4.89158 7.47433 8
      vertex 4.66968 5.78888 8
      vertex 4.83646 5.7557 8
    endloop
  endfacet
  facet normal 0 0 1
    outer loop
      vertex 4.5 7.5 8
      vertex 4.66968 5.78888 8
      vertex 4.89158 7.47433 8
    endloop
  endfacet
  facet normal 0 0 1
    outer loop
      vertex 4.5 7.5 8
      vertex 4.5 5.8 8
      vertex 4.66968 5.78888 8
    endloop
  endfacet
  facet normal 0 0 1
    outer loop
      vertex 4.5 7.5 8
      vertex 4.33032 5.78888 8
      vertex 4.5 5.8 8
    endloop
  endfacet
  facet normal -0 0 1
    outer loop
      vertex 4.10842 7.47433 8
      vertex 4.33032 5.78888 8
      vertex 4.5 7.5 8
    endloop
  endfacet
  facet normal 0 0 1
    outer loop
      vertex 4.33032 5.78888 8
      vertex 4.10842 7.47433 8
      vertex 4.16354 5.7557 8
    endloop
  endfacet
  facet normal -0 0 1
    outer loop
      vertex 3.72354 7.39778 8
      vertex 4.16354 5.7557 8
      vertex 4.10842 7.47433 8
    endloop
  endfacet
  facet normal 0 0 1
    outer loop
      vertex 4.16354 5.7557 8
      vertex 3.72354 7.39778 8
      vertex 4.00251 5.70104 8
    endloop
  endfacet
  facet normal -0 0 1
    outer loop
      vertex 3.35195 7.27164 8
      vertex 4.00251 5.70104 8
      vertex 3.72354 7.39778 8
    endloop
  endfacet
  facet normal 0 0 1
    outer loop
      vertex 4.00251 5.70104 8
      vertex 3.35195 7.27164 8
      vertex 3.85 5.62583 8
    endloop
  endfacet
  facet normal -0 0 1
    outer loop
      vertex 3 7.09808 8
      vertex 3.85 5.62583 8
      vertex 3.35195 7.27164 8
    endloop
  endfacet
  facet normal 0 0 1
    outer loop
      vertex 3.85 5.62583 8
      vertex 3 7.09808 8
      vertex 3.70861 5.53136 8
    endloop
  endfacet
  facet normal -0 0 1
    outer loop
      vertex 2.67372 6.88006 8
      vertex 3.70861 5.53136 8
      vertex 3 7.09808 8
    endloop
  endfacet
  facet normal 0 0 1
    outer loop
      vertex 3.70861 5.53136 8
      vertex 2.67372 6.88006 8
      vertex 3.58076 5.41924 8
    endloop
  endfacet
  facet normal -0 0 1
    outer loop
      vertex 2.37868 6.62132 8
      vertex 3.58076 5.41924 8
      vertex 2.67372 6.88006 8
    endloop
  endfacet
  facet normal 0 0 1
    outer loop
      vertex 3.58076 5.41924 8
      vertex 2.37868 6.62132 8
      vertex 3.46864 5.29139 8
    endloop
  endfacet
  facet normal -0 0 1
    outer loop
      vertex 2.11994 6.32628 8
      vertex 3.46864 5.29139 8
      vertex 2.37868 6.62132 8
    endloop
  endfacet
  facet normal 0 0 1
    outer loop
      vertex 3.46864 5.29139 8
      vertex 2.11994 6.32628 8
      vertex 3.37417 5.15 8
    endloop
  endfacet
  facet normal -0 0 1
    outer loop
      vertex 1.90192 6 8
      vertex 3.37417 5.15 8
      vertex 2.11994 6.32628 8
    endloop
  endfacet
  facet normal 0 0 1
    outer loop
      vertex 7.09808 3 8
      vertex 5.62583 3.85 8
      vertex 6.88006 2.67372 8
    endloop
  endfacet
  facet normal -0 0 1
    outer loop
      vertex 5.53136 3.70861 8
      vertex 6.88006 2.67372 8
      vertex 5.62583 3.85 8
    endloop
  endfacet
  facet normal 0 0 1
    outer loop
      vertex 6.88006 2.67372 8
      vertex 5.53136 3.70861 8
      vertex 6.62132 2.37868 8
    endloop
  endfacet
  facet normal -0 0 1
    outer loop
      vertex 5.41924 3.58076 8
      vertex 6.62132 2.37868 8
      vertex 5.53136 3.70861 8
    endloop
  endfacet
  facet normal 0 0 1
    outer loop
      vertex 6.62132 2.37868 8
      vertex 5.41924 3.58076 8
      vertex 6.32628 2.11994 8
    endloop
  endfacet
  facet normal -0 0 1
    outer loop
      vertex 5.29139 3.46864 8
      vertex 6.32628 2.11994 8
      vertex 5.41924 3.58076 8
    endloop
  endfacet
  facet normal 0 0 1
    outer loop
      vertex 6.32628 2.11994 8
      vertex 5.29139 3.46864 8
      vertex 6 1.90192 8
    endloop
  endfacet
  facet normal -0 0 1
    outer loop
      vertex 5.15 3.37417 8
      vertex 6 1.90192 8
      vertex 5.29139 3.46864 8
    endloop
  endfacet
  facet normal 0 0 1
    outer loop
      vertex 6 1.90192 8
      vertex 5.15 3.37417 8
      vertex 5.64805 1.72836 8
    endloop
  endfacet
  facet normal -0 0 1
    outer loop
      vertex 4.99749 3.29896 8
      vertex 5.64805 1.72836 8
      vertex 5.15 3.37417 8
    endloop
  endfacet
  facet normal 0 0 1
    outer loop
      vertex 5.64805 1.72836 8
      vertex 4.99749 3.29896 8
      vertex 5.27646 1.60222 8
    endloop
  endfacet
  facet normal -0 0 1
    outer loop
      vertex 4.83646 3.2443 8
      vertex 5.27646 1.60222 8
      vertex 4.99749 3.29896 8
    endloop
  endfacet
  facet normal 0 0 1
    outer loop
      vertex 5.27646 1.60222 8
      vertex 4.83646 3.2443 8
      vertex 4.89158 1.52567 8
    endloop
  endfacet
  facet normal -0 0 1
    outer loop
      vertex 4.66968 3.21112 8
      vertex 4.89158 1.52567 8
      vertex 4.83646 3.2443 8
    endloop
  endfacet
  facet normal -0 0 1
    outer loop
      vertex 4.5 3.2 8
      vertex 4.89158 1.52567 8
      vertex 4.66968 3.21112 8
    endloop
  endfacet
  facet normal 0 0 1
    outer loop
      vertex 4.5 3.2 8
      vertex 4.5 1.5 8
      vertex 4.89158 1.52567 8
    endloop
  endfacet
  facet normal 0 0 1
    outer loop
      vertex 4.33032 3.21112 8
      vertex 4.5 1.5 8
      vertex 4.5 3.2 8
    endloop
  endfacet
  facet normal 0 0 1
    outer loop
      vertex 4.10842 1.52567 8
      vertex 4.33032 3.21112 8
      vertex 4.16354 3.2443 8
    endloop
  endfacet
  facet normal 0 0 1
    outer loop
      vertex 4.33032 3.21112 8
      vertex 4.10842 1.52567 8
      vertex 4.5 1.5 8
    endloop
  endfacet
  facet normal 0 0 1
    outer loop
      vertex 3.72354 1.60222 8
      vertex 4.16354 3.2443 8
      vertex 4.00251 3.29896 8
    endloop
  endfacet
  facet normal 0 0 1
    outer loop
      vertex 3.35195 1.72836 8
      vertex 4.00251 3.29896 8
      vertex 3.85 3.37417 8
    endloop
  endfacet
  facet normal 0 0 1
    outer loop
      vertex 4.16354 3.2443 8
      vertex 3.72354 1.60222 8
      vertex 4.10842 1.52567 8
    endloop
  endfacet
  facet normal 0 0 1
    outer loop
      vertex 3 1.90192 8
      vertex 3.85 3.37417 8
      vertex 3.70861 3.46864 8
    endloop
  endfacet
  facet normal 0 0 1
    outer loop
      vertex 2.67372 2.11994 8
      vertex 3.70861 3.46864 8
      vertex 3.58076 3.58076 8
    endloop
  endfacet
  facet normal 0 0 1
    outer loop
      vertex 2.37868 2.37868 8
      vertex 3.58076 3.58076 8
      vertex 3.46864 3.70861 8
    endloop
  endfacet
  facet normal 0 0 1
    outer loop
      vertex 2.11994 2.67372 8
      vertex 3.46864 3.70861 8
      vertex 3.37417 3.85 8
    endloop
  endfacet
  facet normal 0 0 1
    outer loop
      vertex 4.00251 3.29896 8
      vertex 3.35195 1.72836 8
      vertex 3.72354 1.60222 8
    endloop
  endfacet
  facet normal 0 0 1
    outer loop
      vertex 1.90192 3 8
      vertex 3.37417 3.85 8
      vertex 3.29896 4.00251 8
    endloop
  endfacet
  facet normal 0 0 1
    outer loop
      vertex 1.72836 3.35195 8
      vertex 3.29896 4.00251 8
      vertex 3.2443 4.16354 8
    endloop
  endfacet
  facet normal 0 0 1
    outer loop
      vertex 1.60222 3.72354 8
      vertex 3.2443 4.16354 8
      vertex 3.21112 4.33032 8
    endloop
  endfacet
  facet normal 0 0 1
    outer loop
      vertex 1.52567 4.10842 8
      vertex 3.21112 4.33032 8
      vertex 3.2 4.5 8
    endloop
  endfacet
  facet normal 0 0 1
    outer loop
      vertex 3.37417 5.15 8
      vertex 1.90192 6 8
      vertex 3.29896 4.99749 8
    endloop
  endfacet
  facet normal 0 0 1
    outer loop
      vertex 3.85 3.37417 8
      vertex 3 1.90192 8
      vertex 3.35195 1.72836 8
    endloop
  endfacet
  facet normal -0 0 1
    outer loop
      vertex 1.72836 5.64805 8
      vertex 3.29896 4.99749 8
      vertex 1.90192 6 8
    endloop
  endfacet
  facet normal 0 0 1
    outer loop
      vertex 3.70861 3.46864 8
      vertex 2.67372 2.11994 8
      vertex 3 1.90192 8
    endloop
  endfacet
  facet normal 0 0 1
    outer loop
      vertex 3.29896 4.99749 8
      vertex 1.72836 5.64805 8
      vertex 3.2443 4.83646 8
    endloop
  endfacet
  facet normal 0 0 1
    outer loop
      vertex 3.58076 3.58076 8
      vertex 2.37868 2.37868 8
      vertex 2.67372 2.11994 8
    endloop
  endfacet
  facet normal -0 0 1
    outer loop
      vertex 1.60222 5.27646 8
      vertex 3.2443 4.83646 8
      vertex 1.72836 5.64805 8
    endloop
  endfacet
  facet normal 0 0 1
    outer loop
      vertex 3.46864 3.70861 8
      vertex 2.11994 2.67372 8
      vertex 2.37868 2.37868 8
    endloop
  endfacet
  facet normal 0 0 1
    outer loop
      vertex 3.2443 4.83646 8
      vertex 1.60222 5.27646 8
      vertex 3.21112 4.66968 8
    endloop
  endfacet
  facet normal 0 0 1
    outer loop
      vertex 3.37417 3.85 8
      vertex 1.90192 3 8
      vertex 2.11994 2.67372 8
    endloop
  endfacet
  facet normal -0 0 1
    outer loop
      vertex 1.52567 4.89158 8
      vertex 3.21112 4.66968 8
      vertex 1.60222 5.27646 8
    endloop
  endfacet
  facet normal 0 0 1
    outer loop
      vertex 3.29896 4.00251 8
      vertex 1.72836 3.35195 8
      vertex 1.90192 3 8
    endloop
  endfacet
  facet normal 0 0 1
    outer loop
      vertex 3.21112 4.66968 8
      vertex 1.52567 4.89158 8
      vertex 3.2 4.5 8
    endloop
  endfacet
  facet normal 0 0 1
    outer loop
      vertex 3.2443 4.16354 8
      vertex 1.60222 3.72354 8
      vertex 1.72836 3.35195 8
    endloop
  endfacet
  facet normal 0 0 1
    outer loop
      vertex 1.5 4.5 8
      vertex 3.2 4.5 8
      vertex 1.52567 4.89158 8
    endloop
  endfacet
  facet normal 0 0 1
    outer loop
      vertex 3.21112 4.33032 8
      vertex 1.52567 4.10842 8
      vertex 1.60222 3.72354 8
    endloop
  endfacet
  facet normal 0 0 1
    outer loop
      vertex 3.2 4.5 8
      vertex 1.5 4.5 8
      vertex 1.52567 4.10842 8
    endloop
  endfacet
  facet normal -0.555582 0.831462 0
    outer loop
      vertex 3 7.09808 2
      vertex 2.67372 6.88006 8
      vertex 3 7.09808 8
    endloop
  endfacet
  facet normal -0.555582 0.831462 0
    outer loop
      vertex 2.67372 6.88006 8
      vertex 3 7.09808 2
      vertex 2.67372 6.88006 2
    endloop
  endfacet
  facet normal 0.555582 -0.831462 0
    outer loop
      vertex 6 1.90192 2
      vertex 6.32628 2.11994 8
      vertex 6 1.90192 8
    endloop
  endfacet
  facet normal 0.555582 -0.831462 0
    outer loop
      vertex 6.32628 2.11994 8
      vertex 6 1.90192 2
      vertex 6.32628 2.11994 2
    endloop
  endfacet
  facet normal 0.751844 -0.659341 0
    outer loop
      vertex 6.62132 2.37868 8
      vertex 6.88006 2.67372 2
      vertex 6.88006 2.67372 8
    endloop
  endfacet
  facet normal 0.751844 -0.659341 0
    outer loop
      vertex 6.88006 2.67372 2
      vertex 6.62132 2.37868 8
      vertex 6.62132 2.37868 2
    endloop
  endfacet
  facet normal 0.831462 -0.555582 0
    outer loop
      vertex 6.88006 2.67372 8
      vertex 7.09808 3 2
      vertex 7.09808 3 8
    endloop
  endfacet
  facet normal 0.831462 -0.555582 0
    outer loop
      vertex 7.09808 3 2
      vertex 6.88006 2.67372 8
      vertex 6.88006 2.67372 2
    endloop
  endfacet
  facet normal 0.980789 -0.195072 0
    outer loop
      vertex 7.39778 3.72354 8
      vertex 7.47433 4.10842 2
      vertex 7.47433 4.10842 8
    endloop
  endfacet
  facet normal 0.980789 -0.195072 0
    outer loop
      vertex 7.47433 4.10842 2
      vertex 7.39778 3.72354 8
      vertex 7.39778 3.72354 2
    endloop
  endfacet
  facet normal -0.442283 -0.896875 0
    outer loop
      vertex 3 1.90192 2
      vertex 3.35195 1.72836 8
      vertex 3 1.90192 8
    endloop
  endfacet
  facet normal -0.442283 -0.896875 -0
    outer loop
      vertex 3.35195 1.72836 8
      vertex 3 1.90192 2
      vertex 3.35195 1.72836 2
    endloop
  endfacet
  facet normal -0.321444 -0.946928 0
    outer loop
      vertex 3.35195 1.72836 2
      vertex 3.72354 1.60222 8
      vertex 3.35195 1.72836 8
    endloop
  endfacet
  facet normal -0.321444 -0.946928 -0
    outer loop
      vertex 3.72354 1.60222 8
      vertex 3.35195 1.72836 2
      vertex 3.72354 1.60222 2
    endloop
  endfacet
  facet normal -0.0654145 -0.997858 0
    outer loop
      vertex 4.10842 1.52567 2
      vertex 4.5 1.5 8
      vertex 4.10842 1.52567 8
    endloop
  endfacet
  facet normal -0.0654145 -0.997858 -0
    outer loop
      vertex 4.5 1.5 8
      vertex 4.10842 1.52567 2
      vertex 4.5 1.5 2
    endloop
  endfacet
  facet normal -0.831462 -0.555582 0
    outer loop
      vertex 2.11994 2.67372 2
      vertex 1.90192 3 8
      vertex 1.90192 3 2
    endloop
  endfacet
  facet normal -0.831462 -0.555582 0
    outer loop
      vertex 1.90192 3 8
      vertex 2.11994 2.67372 2
      vertex 2.11994 2.67372 8
    endloop
  endfacet
  facet normal -0.896875 -0.442283 0
    outer loop
      vertex 1.90192 3 2
      vertex 1.72836 3.35195 8
      vertex 1.72836 3.35195 2
    endloop
  endfacet
  facet normal -0.896875 -0.442283 0
    outer loop
      vertex 1.72836 3.35195 8
      vertex 1.90192 3 2
      vertex 1.90192 3 8
    endloop
  endfacet
  facet normal -0.997858 -0.0654145 0
    outer loop
      vertex 1.52567 4.10842 2
      vertex 1.5 4.5 8
      vertex 1.5 4.5 2
    endloop
  endfacet
  facet normal -0.997858 -0.0654145 0
    outer loop
      vertex 1.5 4.5 8
      vertex 1.52567 4.10842 2
      vertex 1.52567 4.10842 8
    endloop
  endfacet
  facet normal -0.321444 0.946928 0
    outer loop
      vertex 3.72354 7.39778 2
      vertex 3.35195 7.27164 8
      vertex 3.72354 7.39778 8
    endloop
  endfacet
  facet normal -0.321444 0.946928 0
    outer loop
      vertex 3.35195 7.27164 8
      vertex 3.72354 7.39778 2
      vertex 3.35195 7.27164 2
    endloop
  endfacet
  facet normal 0.442283 -0.896875 0
    outer loop
      vertex 5.64805 1.72836 2
      vertex 6 1.90192 8
      vertex 5.64805 1.72836 8
    endloop
  endfacet
  facet normal 0.442283 -0.896875 0
    outer loop
      vertex 6 1.90192 8
      vertex 5.64805 1.72836 2
      vertex 6 1.90192 2
    endloop
  endfacet
  facet normal 0.659341 -0.751844 0
    outer loop
      vertex 6.32628 2.11994 2
      vertex 6.62132 2.37868 8
      vertex 6.32628 2.11994 8
    endloop
  endfacet
  facet normal 0.659341 -0.751844 0
    outer loop
      vertex 6.62132 2.37868 8
      vertex 6.32628 2.11994 2
      vertex 6.62132 2.37868 2
    endloop
  endfacet
  facet normal 0.896875 -0.442283 0
    outer loop
      vertex 7.09808 3 8
      vertex 7.27164 3.35195 2
      vertex 7.27164 3.35195 8
    endloop
  endfacet
  facet normal 0.896875 -0.442283 0
    outer loop
      vertex 7.27164 3.35195 2
      vertex 7.09808 3 8
      vertex 7.09808 3 2
    endloop
  endfacet
  facet normal 0.997858 -0.0654145 0
    outer loop
      vertex 7.47433 4.10842 8
      vertex 7.5 4.5 2
      vertex 7.5 4.5 8
    endloop
  endfacet
  facet normal 0.997858 -0.0654145 0
    outer loop
      vertex 7.5 4.5 2
      vertex 7.47433 4.10842 8
      vertex 7.47433 4.10842 2
    endloop
  endfacet
  facet normal 0.0654145 -0.997858 0
    outer loop
      vertex 4.5 1.5 2
      vertex 4.89158 1.52567 8
      vertex 4.5 1.5 8
    endloop
  endfacet
  facet normal 0.0654145 -0.997858 0
    outer loop
      vertex 4.89158 1.52567 8
      vertex 4.5 1.5 2
      vertex 4.89158 1.52567 2
    endloop
  endfacet
  facet normal -0.751844 -0.659341 0
    outer loop
      vertex 2.37868 2.37868 2
      vertex 2.11994 2.67372 8
      vertex 2.11994 2.67372 2
    endloop
  endfacet
  facet normal -0.751844 -0.659341 0
    outer loop
      vertex 2.11994 2.67372 8
      vertex 2.37868 2.37868 2
      vertex 2.37868 2.37868 8
    endloop
  endfacet
  facet normal 0.997853 0.0654906 0
    outer loop
      vertex 82.5 4.5 8
      vertex 82.4743 4.89158 2
      vertex 82.4743 4.89158 8
    endloop
  endfacet
  facet normal 0.997853 0.0654906 0
    outer loop
      vertex 82.4743 4.89158 2
      vertex 82.5 4.5 8
      vertex 82.5 4.5 2
    endloop
  endfacet
  facet normal -0.997853 -0.0654906 0
    outer loop
      vertex 76.5257 4.10842 2
      vertex 76.5 4.5 8
      vertex 76.5 4.5 2
    endloop
  endfacet
  facet normal -0.997853 -0.0654906 0
    outer loop
      vertex 76.5 4.5 8
      vertex 76.5257 4.10842 2
      vertex 76.5257 4.10842 8
    endloop
  endfacet
  facet normal -0.0654112 0.997858 0
    outer loop
      vertex 79.5 7.5 2
      vertex 79.1084 7.47433 8
      vertex 79.5 7.5 8
    endloop
  endfacet
  facet normal -0.0654112 0.997858 0
    outer loop
      vertex 79.1084 7.47433 8
      vertex 79.5 7.5 2
      vertex 79.1084 7.47433 2
    endloop
  endfacet
  facet normal 0.0654112 -0.997858 0
    outer loop
      vertex 79.5 1.5 2
      vertex 79.8916 1.52567 8
      vertex 79.5 1.5 8
    endloop
  endfacet
  facet normal 0.0654112 -0.997858 0
    outer loop
      vertex 79.8916 1.52567 8
      vertex 79.5 1.5 2
      vertex 79.8916 1.52567 2
    endloop
  endfacet
  facet normal 0.659392 0.751799 -0
    outer loop
      vertex 81.6213 6.62132 2
      vertex 81.3263 6.88006 8
      vertex 81.6213 6.62132 8
    endloop
  endfacet
  facet normal 0.659392 0.751799 0
    outer loop
      vertex 81.3263 6.88006 8
      vertex 81.6213 6.62132 2
      vertex 81.3263 6.88006 2
    endloop
  endfacet
  facet normal -0.751768 0.659428 0
    outer loop
      vertex 77.1199 6.32628 2
      vertex 77.3787 6.62132 8
      vertex 77.3787 6.62132 2
    endloop
  endfacet
  facet normal -0.751768 0.659428 0
    outer loop
      vertex 77.3787 6.62132 8
      vertex 77.1199 6.32628 2
      vertex 77.1199 6.32628 8
    endloop
  endfacet
  facet normal -0.442233 0.8969 0
    outer loop
      vertex 78.352 7.27164 2
      vertex 78 7.09808 8
      vertex 78.352 7.27164 8
    endloop
  endfacet
  facet normal -0.442233 0.8969 0
    outer loop
      vertex 78 7.09808 8
      vertex 78.352 7.27164 2
      vertex 78 7.09808 2
    endloop
  endfacet
  facet normal 0.751768 -0.659428 0
    outer loop
      vertex 81.6213 2.37868 8
      vertex 81.8801 2.67372 2
      vertex 81.8801 2.67372 8
    endloop
  endfacet
  facet normal 0.751768 -0.659428 0
    outer loop
      vertex 81.8801 2.67372 2
      vertex 81.6213 2.37868 8
      vertex 81.6213 2.37868 2
    endloop
  endfacet
  facet normal -0.946882 -0.321582 0
    outer loop
      vertex 76.7284 3.35195 2
      vertex 76.6022 3.72354 8
      vertex 76.6022 3.72354 2
    endloop
  endfacet
  facet normal -0.946882 -0.321582 0
    outer loop
      vertex 76.6022 3.72354 8
      vertex 76.7284 3.35195 2
      vertex 76.7284 3.35195 8
    endloop
  endfacet
  facet normal 0.896936 0.44216 0
    outer loop
      vertex 82.2716 5.64805 8
      vertex 82.0981 6 2
      vertex 82.0981 6 8
    endloop
  endfacet
  facet normal 0.896936 0.44216 0
    outer loop
      vertex 82.0981 6 2
      vertex 82.2716 5.64805 8
      vertex 82.2716 5.64805 2
    endloop
  endfacet
  facet normal 0.980813 0.19495 0
    outer loop
      vertex 82.4743 4.89158 8
      vertex 82.3978 5.27646 2
      vertex 82.3978 5.27646 8
    endloop
  endfacet
  facet normal 0.980813 0.19495 0
    outer loop
      vertex 82.3978 5.27646 2
      vertex 82.4743 4.89158 8
      vertex 82.4743 4.89158 2
    endloop
  endfacet
  facet normal 0.321514 0.946905 -0
    outer loop
      vertex 80.648 7.27164 2
      vertex 80.2765 7.39778 8
      vertex 80.648 7.27164 8
    endloop
  endfacet
  facet normal 0.321514 0.946905 0
    outer loop
      vertex 80.2765 7.39778 8
      vertex 80.648 7.27164 2
      vertex 80.2765 7.39778 2
    endloop
  endfacet
  facet normal 0.555558 0.831477 -0
    outer loop
      vertex 81.3263 6.88006 2
      vertex 81 7.09808 8
      vertex 81.3263 6.88006 8
    endloop
  endfacet
  facet normal 0.555558 0.831477 0
    outer loop
      vertex 81 7.09808 8
      vertex 81.3263 6.88006 2
      vertex 81 7.09808 2
    endloop
  endfacet
  facet normal -0.896936 0.44216 0
    outer loop
      vertex 76.7284 5.64805 2
      vertex 76.9019 6 8
      vertex 76.9019 6 2
    endloop
  endfacet
  facet normal -0.896936 0.44216 0
    outer loop
      vertex 76.9019 6 8
      vertex 76.7284 5.64805 2
      vertex 76.7284 5.64805 8
    endloop
  endfacet
  facet normal -0.831485 0.555547 0
    outer loop
      vertex 76.9019 6 2
      vertex 77.1199 6.32628 8
      vertex 77.1199 6.32628 2
    endloop
  endfacet
  facet normal -0.831485 0.555547 0
    outer loop
      vertex 77.1199 6.32628 8
      vertex 76.9019 6 2
      vertex 76.9019 6 8
    endloop
  endfacet
  facet normal -0.980813 0.19495 0
    outer loop
      vertex 76.5257 4.89158 2
      vertex 76.6022 5.27646 8
      vertex 76.6022 5.27646 2
    endloop
  endfacet
  facet normal -0.980813 0.19495 0
    outer loop
      vertex 76.6022 5.27646 8
      vertex 76.5257 4.89158 2
      vertex 76.5257 4.89158 8
    endloop
  endfacet
  facet normal -0.659392 0.751799 0
    outer loop
      vertex 77.6737 6.88006 2
      vertex 77.3787 6.62132 8
      vertex 77.6737 6.88006 8
    endloop
  endfacet
  facet normal -0.659392 0.751799 0
    outer loop
      vertex 77.3787 6.62132 8
      vertex 77.6737 6.88006 2
      vertex 77.3787 6.62132 2
    endloop
  endfacet
  facet normal -0.195062 0.980791 0
    outer loop
      vertex 79.1084 7.47433 2
      vertex 78.7235 7.39778 8
      vertex 79.1084 7.47433 8
    endloop
  endfacet
  facet normal -0.195062 0.980791 0
    outer loop
      vertex 78.7235 7.39778 8
      vertex 79.1084 7.47433 2
      vertex 78.7235 7.39778 2
    endloop
  endfacet
  facet normal 0.946882 -0.321582 0
    outer loop
      vertex 82.2716 3.35195 8
      vertex 82.3978 3.72354 2
      vertex 82.3978 3.72354 8
    endloop
  endfacet
  facet normal 0.946882 -0.321582 0
    outer loop
      vertex 82.3978 3.72354 2
      vertex 82.2716 3.35195 8
      vertex 82.2716 3.35195 2
    endloop
  endfacet
  facet normal 0.321514 -0.946905 0
    outer loop
      vertex 80.2765 1.60222 2
      vertex 80.648 1.72836 8
      vertex 80.2765 1.60222 8
    endloop
  endfacet
  facet normal 0.321514 -0.946905 0
    outer loop
      vertex 80.648 1.72836 8
      vertex 80.2765 1.60222 2
      vertex 80.648 1.72836 2
    endloop
  endfacet
  facet normal 0.195062 -0.980791 0
    outer loop
      vertex 79.8916 1.52567 2
      vertex 80.2765 1.60222 8
      vertex 79.8916 1.52567 8
    endloop
  endfacet
  facet normal 0.195062 -0.980791 0
    outer loop
      vertex 80.2765 1.60222 8
      vertex 79.8916 1.52567 2
      vertex 80.2765 1.60222 2
    endloop
  endfacet
  facet normal -0.555558 -0.831477 0
    outer loop
      vertex 77.6737 2.11994 2
      vertex 78 1.90192 8
      vertex 77.6737 2.11994 8
    endloop
  endfacet
  facet normal -0.555558 -0.831477 -0
    outer loop
      vertex 78 1.90192 8
      vertex 77.6737 2.11994 2
      vertex 78 1.90192 2
    endloop
  endfacet
  facet normal -0.195062 -0.980791 0
    outer loop
      vertex 78.7235 1.60222 2
      vertex 79.1084 1.52567 8
      vertex 78.7235 1.60222 8
    endloop
  endfacet
  facet normal -0.195062 -0.980791 -0
    outer loop
      vertex 79.1084 1.52567 8
      vertex 78.7235 1.60222 2
      vertex 79.1084 1.52567 2
    endloop
  endfacet
  facet normal -0.659392 -0.751799 0
    outer loop
      vertex 77.3787 2.37868 2
      vertex 77.6737 2.11994 8
      vertex 77.3787 2.37868 8
    endloop
  endfacet
  facet normal -0.659392 -0.751799 -0
    outer loop
      vertex 77.6737 2.11994 8
      vertex 77.3787 2.37868 2
      vertex 77.6737 2.11994 2
    endloop
  endfacet
  facet normal -0.980813 -0.19495 0
    outer loop
      vertex 76.6022 3.72354 2
      vertex 76.5257 4.10842 8
      vertex 76.5257 4.10842 2
    endloop
  endfacet
  facet normal -0.980813 -0.19495 0
    outer loop
      vertex 76.5257 4.10842 8
      vertex 76.6022 3.72354 2
      vertex 76.6022 3.72354 8
    endloop
  endfacet
  facet normal 0.946882 0.321582 0
    outer loop
      vertex 82.3978 5.27646 8
      vertex 82.2716 5.64805 2
      vertex 82.2716 5.64805 8
    endloop
  endfacet
  facet normal 0.946882 0.321582 0
    outer loop
      vertex 82.2716 5.64805 2
      vertex 82.3978 5.27646 8
      vertex 82.3978 5.27646 2
    endloop
  endfacet
  facet normal 0.751768 0.659428 0
    outer loop
      vertex 81.8801 6.32628 8
      vertex 81.6213 6.62132 2
      vertex 81.6213 6.62132 8
    endloop
  endfacet
  facet normal 0.751768 0.659428 0
    outer loop
      vertex 81.6213 6.62132 2
      vertex 81.8801 6.32628 8
      vertex 81.8801 6.32628 2
    endloop
  endfacet
  facet normal 0.831485 0.555547 0
    outer loop
      vertex 82.0981 6 8
      vertex 81.8801 6.32628 2
      vertex 81.8801 6.32628 8
    endloop
  endfacet
  facet normal 0.831485 0.555547 0
    outer loop
      vertex 81.8801 6.32628 2
      vertex 82.0981 6 8
      vertex 82.0981 6 2
    endloop
  endfacet
  facet normal 0.0654112 0.997858 -0
    outer loop
      vertex 79.8916 7.47433 2
      vertex 79.5 7.5 8
      vertex 79.8916 7.47433 8
    endloop
  endfacet
  facet normal 0.0654112 0.997858 0
    outer loop
      vertex 79.5 7.5 8
      vertex 79.8916 7.47433 2
      vertex 79.5 7.5 2
    endloop
  endfacet
  facet normal -0.946882 0.321582 0
    outer loop
      vertex 76.6022 5.27646 2
      vertex 76.7284 5.64805 8
      vertex 76.7284 5.64805 2
    endloop
  endfacet
  facet normal -0.946882 0.321582 0
    outer loop
      vertex 76.7284 5.64805 8
      vertex 76.6022 5.27646 2
      vertex 76.6022 5.27646 8
    endloop
  endfacet
  facet normal -0.997853 0.0654906 0
    outer loop
      vertex 76.5 4.5 2
      vertex 76.5257 4.89158 8
      vertex 76.5257 4.89158 2
    endloop
  endfacet
  facet normal -0.997853 0.0654906 0
    outer loop
      vertex 76.5257 4.89158 8
      vertex 76.5 4.5 2
      vertex 76.5 4.5 8
    endloop
  endfacet
  facet normal 0 0 1
    outer loop
      vertex 80.8 4.5 8
      vertex 82.5 4.5 8
      vertex 82.4743 4.89158 8
    endloop
  endfacet
  facet normal 0 0 1
    outer loop
      vertex 80.7889 4.66968 8
      vertex 82.4743 4.89158 8
      vertex 82.3978 5.27646 8
    endloop
  endfacet
  facet normal 0 0 1
    outer loop
      vertex 82.5 4.5 8
      vertex 80.8 4.5 8
      vertex 82.4743 4.10842 8
    endloop
  endfacet
  facet normal 0 0 1
    outer loop
      vertex 80.7557 4.83646 8
      vertex 82.3978 5.27646 8
      vertex 82.2716 5.64805 8
    endloop
  endfacet
  facet normal -0 0 1
    outer loop
      vertex 80.7889 4.33032 8
      vertex 82.4743 4.10842 8
      vertex 80.8 4.5 8
    endloop
  endfacet
  facet normal 0 0 1
    outer loop
      vertex 80.701 4.99749 8
      vertex 82.2716 5.64805 8
      vertex 82.0981 6 8
    endloop
  endfacet
  facet normal 0 0 1
    outer loop
      vertex 82.4743 4.10842 8
      vertex 80.7889 4.33032 8
      vertex 82.3978 3.72354 8
    endloop
  endfacet
  facet normal 0 0 1
    outer loop
      vertex 80.6258 5.15 8
      vertex 82.0981 6 8
      vertex 81.8801 6.32628 8
    endloop
  endfacet
  facet normal -0 0 1
    outer loop
      vertex 80.7557 4.16354 8
      vertex 82.3978 3.72354 8
      vertex 80.7889 4.33032 8
    endloop
  endfacet
  facet normal 0 0 1
    outer loop
      vertex 80.5314 5.29139 8
      vertex 81.8801 6.32628 8
      vertex 81.6213 6.62132 8
    endloop
  endfacet
  facet normal 0 0 1
    outer loop
      vertex 82.3978 3.72354 8
      vertex 80.7557 4.16354 8
      vertex 82.2716 3.35195 8
    endloop
  endfacet
  facet normal 0 0 1
    outer loop
      vertex 80.4192 5.41924 8
      vertex 81.6213 6.62132 8
      vertex 81.3263 6.88006 8
    endloop
  endfacet
  facet normal -0 0 1
    outer loop
      vertex 80.701 4.00251 8
      vertex 82.2716 3.35195 8
      vertex 80.7557 4.16354 8
    endloop
  endfacet
  facet normal 0 0 1
    outer loop
      vertex 80.2914 5.53136 8
      vertex 81.3263 6.88006 8
      vertex 81 7.09808 8
    endloop
  endfacet
  facet normal 0 0 1
    outer loop
      vertex 82.2716 3.35195 8
      vertex 80.701 4.00251 8
      vertex 82.0981 3 8
    endloop
  endfacet
  facet normal -0 0 1
    outer loop
      vertex 80.6258 3.85 8
      vertex 82.0981 3 8
      vertex 80.701 4.00251 8
    endloop
  endfacet
  facet normal 0 0 1
    outer loop
      vertex 82.4743 4.89158 8
      vertex 80.7889 4.66968 8
      vertex 80.8 4.5 8
    endloop
  endfacet
  facet normal 0 0 1
    outer loop
      vertex 82.3978 5.27646 8
      vertex 80.7557 4.83646 8
      vertex 80.7889 4.66968 8
    endloop
  endfacet
  facet normal 0 0 1
    outer loop
      vertex 82.2716 5.64805 8
      vertex 80.701 4.99749 8
      vertex 80.7557 4.83646 8
    endloop
  endfacet
  facet normal 0 0 1
    outer loop
      vertex 80.15 5.62583 8
      vertex 81 7.09808 8
      vertex 80.648 7.27164 8
    endloop
  endfacet
  facet normal 0 0 1
    outer loop
      vertex 82.0981 6 8
      vertex 80.6258 5.15 8
      vertex 80.701 4.99749 8
    endloop
  endfacet
  facet normal 0 0 1
    outer loop
      vertex 81.8801 6.32628 8
      vertex 80.5314 5.29139 8
      vertex 80.6258 5.15 8
    endloop
  endfacet
  facet normal 0 0 1
    outer loop
      vertex 81.6213 6.62132 8
      vertex 80.4192 5.41924 8
      vertex 80.5314 5.29139 8
    endloop
  endfacet
  facet normal 0 0 1
    outer loop
      vertex 81.3263 6.88006 8
      vertex 80.2914 5.53136 8
      vertex 80.4192 5.41924 8
    endloop
  endfacet
  facet normal 0 0 1
    outer loop
      vertex 79.9975 5.70104 8
      vertex 80.648 7.27164 8
      vertex 80.2765 7.39778 8
    endloop
  endfacet
  facet normal 0 0 1
    outer loop
      vertex 81 7.09808 8
      vertex 80.15 5.62583 8
      vertex 80.2914 5.53136 8
    endloop
  endfacet
  facet normal 0 0 1
    outer loop
      vertex 80.648 7.27164 8
      vertex 79.9975 5.70104 8
      vertex 80.15 5.62583 8
    endloop
  endfacet
  facet normal 0 0 1
    outer loop
      vertex 79.8365 5.7557 8
      vertex 80.2765 7.39778 8
      vertex 79.8916 7.47433 8
    endloop
  endfacet
  facet normal 0 0 1
    outer loop
      vertex 80.2765 7.39778 8
      vertex 79.8365 5.7557 8
      vertex 79.9975 5.70104 8
    endloop
  endfacet
  facet normal 0 0 1
    outer loop
      vertex 79.8916 7.47433 8
      vertex 79.6697 5.78888 8
      vertex 79.8365 5.7557 8
    endloop
  endfacet
  facet normal 0 0 1
    outer loop
      vertex 79.5 7.5 8
      vertex 79.6697 5.78888 8
      vertex 79.8916 7.47433 8
    endloop
  endfacet
  facet normal 0 0 1
    outer loop
      vertex 79.5 7.5 8
      vertex 79.5 5.8 8
      vertex 79.6697 5.78888 8
    endloop
  endfacet
  facet normal 0 0 1
    outer loop
      vertex 79.5 7.5 8
      vertex 79.3303 5.78888 8
      vertex 79.5 5.8 8
    endloop
  endfacet
  facet normal -0 0 1
    outer loop
      vertex 79.1084 7.47433 8
      vertex 79.3303 5.78888 8
      vertex 79.5 7.5 8
    endloop
  endfacet
  facet normal 0 0 1
    outer loop
      vertex 79.3303 5.78888 8
      vertex 79.1084 7.47433 8
      vertex 79.1635 5.7557 8
    endloop
  endfacet
  facet normal -0 0 1
    outer loop
      vertex 78.7235 7.39778 8
      vertex 79.1635 5.7557 8
      vertex 79.1084 7.47433 8
    endloop
  endfacet
  facet normal 0 0 1
    outer loop
      vertex 79.1635 5.7557 8
      vertex 78.7235 7.39778 8
      vertex 79.0025 5.70104 8
    endloop
  endfacet
  facet normal -0 0 1
    outer loop
      vertex 78.352 7.27164 8
      vertex 79.0025 5.70104 8
      vertex 78.7235 7.39778 8
    endloop
  endfacet
  facet normal 0 0 1
    outer loop
      vertex 79.0025 5.70104 8
      vertex 78.352 7.27164 8
      vertex 78.85 5.62583 8
    endloop
  endfacet
  facet normal -0 0 1
    outer loop
      vertex 78 7.09808 8
      vertex 78.85 5.62583 8
      vertex 78.352 7.27164 8
    endloop
  endfacet
  facet normal 0 0 1
    outer loop
      vertex 78.85 5.62583 8
      vertex 78 7.09808 8
      vertex 78.7086 5.53136 8
    endloop
  endfacet
  facet normal -0 0 1
    outer loop
      vertex 77.6737 6.88006 8
      vertex 78.7086 5.53136 8
      vertex 78 7.09808 8
    endloop
  endfacet
  facet normal 0 0 1
    outer loop
      vertex 78.7086 5.53136 8
      vertex 77.6737 6.88006 8
      vertex 78.5808 5.41924 8
    endloop
  endfacet
  facet normal -0 0 1
    outer loop
      vertex 77.3787 6.62132 8
      vertex 78.5808 5.41924 8
      vertex 77.6737 6.88006 8
    endloop
  endfacet
  facet normal 0 0 1
    outer loop
      vertex 78.5808 5.41924 8
      vertex 77.3787 6.62132 8
      vertex 78.4686 5.29139 8
    endloop
  endfacet
  facet normal -0 0 1
    outer loop
      vertex 77.1199 6.32628 8
      vertex 78.4686 5.29139 8
      vertex 77.3787 6.62132 8
    endloop
  endfacet
  facet normal 0 0 1
    outer loop
      vertex 78.4686 5.29139 8
      vertex 77.1199 6.32628 8
      vertex 78.3742 5.15 8
    endloop
  endfacet
  facet normal -0 0 1
    outer loop
      vertex 76.9019 6 8
      vertex 78.3742 5.15 8
      vertex 77.1199 6.32628 8
    endloop
  endfacet
  facet normal 0 0 1
    outer loop
      vertex 82.0981 3 8
      vertex 80.6258 3.85 8
      vertex 81.8801 2.67372 8
    endloop
  endfacet
  facet normal -0 0 1
    outer loop
      vertex 80.5314 3.70861 8
      vertex 81.8801 2.67372 8
      vertex 80.6258 3.85 8
    endloop
  endfacet
  facet normal 0 0 1
    outer loop
      vertex 81.8801 2.67372 8
      vertex 80.5314 3.70861 8
      vertex 81.6213 2.37868 8
    endloop
  endfacet
  facet normal -0 0 1
    outer loop
      vertex 80.4192 3.58076 8
      vertex 81.6213 2.37868 8
      vertex 80.5314 3.70861 8
    endloop
  endfacet
  facet normal 0 0 1
    outer loop
      vertex 81.6213 2.37868 8
      vertex 80.4192 3.58076 8
      vertex 81.3263 2.11994 8
    endloop
  endfacet
  facet normal -0 0 1
    outer loop
      vertex 80.2914 3.46864 8
      vertex 81.3263 2.11994 8
      vertex 80.4192 3.58076 8
    endloop
  endfacet
  facet normal 0 0 1
    outer loop
      vertex 81.3263 2.11994 8
      vertex 80.2914 3.46864 8
      vertex 81 1.90192 8
    endloop
  endfacet
  facet normal -0 0 1
    outer loop
      vertex 80.15 3.37417 8
      vertex 81 1.90192 8
      vertex 80.2914 3.46864 8
    endloop
  endfacet
  facet normal 0 0 1
    outer loop
      vertex 81 1.90192 8
      vertex 80.15 3.37417 8
      vertex 80.648 1.72836 8
    endloop
  endfacet
  facet normal -0 0 1
    outer loop
      vertex 79.9975 3.29896 8
      vertex 80.648 1.72836 8
      vertex 80.15 3.37417 8
    endloop
  endfacet
  facet normal 0 0 1
    outer loop
      vertex 80.648 1.72836 8
      vertex 79.9975 3.29896 8
      vertex 80.2765 1.60222 8
    endloop
  endfacet
  facet normal -0 0 1
    outer loop
      vertex 79.8365 3.2443 8
      vertex 80.2765 1.60222 8
      vertex 79.9975 3.29896 8
    endloop
  endfacet
  facet normal 0 0 1
    outer loop
      vertex 80.2765 1.60222 8
      vertex 79.8365 3.2443 8
      vertex 79.8916 1.52567 8
    endloop
  endfacet
  facet normal -0 0 1
    outer loop
      vertex 79.6697 3.21112 8
      vertex 79.8916 1.52567 8
      vertex 79.8365 3.2443 8
    endloop
  endfacet
  facet normal -0 0 1
    outer loop
      vertex 79.5 3.2 8
      vertex 79.8916 1.52567 8
      vertex 79.6697 3.21112 8
    endloop
  endfacet
  facet normal 0 0 1
    outer loop
      vertex 79.5 3.2 8
      vertex 79.5 1.5 8
      vertex 79.8916 1.52567 8
    endloop
  endfacet
  facet normal 0 0 1
    outer loop
      vertex 79.3303 3.21112 8
      vertex 79.5 1.5 8
      vertex 79.5 3.2 8
    endloop
  endfacet
  facet normal 0 0 1
    outer loop
      vertex 79.1084 1.52567 8
      vertex 79.3303 3.21112 8
      vertex 79.1635 3.2443 8
    endloop
  endfacet
  facet normal 0 0 1
    outer loop
      vertex 79.3303 3.21112 8
      vertex 79.1084 1.52567 8
      vertex 79.5 1.5 8
    endloop
  endfacet
  facet normal 0 0 1
    outer loop
      vertex 78.7235 1.60222 8
      vertex 79.1635 3.2443 8
      vertex 79.0025 3.29896 8
    endloop
  endfacet
  facet normal 0 0 1
    outer loop
      vertex 78.352 1.72836 8
      vertex 79.0025 3.29896 8
      vertex 78.85 3.37417 8
    endloop
  endfacet
  facet normal 0 0 1
    outer loop
      vertex 79.1635 3.2443 8
      vertex 78.7235 1.60222 8
      vertex 79.1084 1.52567 8
    endloop
  endfacet
  facet normal 0 0 1
    outer loop
      vertex 78 1.90192 8
      vertex 78.85 3.37417 8
      vertex 78.7086 3.46864 8
    endloop
  endfacet
  facet normal 0 0 1
    outer loop
      vertex 77.6737 2.11994 8
      vertex 78.7086 3.46864 8
      vertex 78.5808 3.58076 8
    endloop
  endfacet
  facet normal 0 0 1
    outer loop
      vertex 77.3787 2.37868 8
      vertex 78.5808 3.58076 8
      vertex 78.4686 3.70861 8
    endloop
  endfacet
  facet normal 0 0 1
    outer loop
      vertex 77.1199 2.67372 8
      vertex 78.4686 3.70861 8
      vertex 78.3742 3.85 8
    endloop
  endfacet
  facet normal 0 0 1
    outer loop
      vertex 79.0025 3.29896 8
      vertex 78.352 1.72836 8
      vertex 78.7235 1.60222 8
    endloop
  endfacet
  facet normal 0 0 1
    outer loop
      vertex 76.9019 3 8
      vertex 78.3742 3.85 8
      vertex 78.299 4.00251 8
    endloop
  endfacet
  facet normal 0 0 1
    outer loop
      vertex 76.7284 3.35195 8
      vertex 78.299 4.00251 8
      vertex 78.2443 4.16354 8
    endloop
  endfacet
  facet normal 0 0 1
    outer loop
      vertex 76.6022 3.72354 8
      vertex 78.2443 4.16354 8
      vertex 78.2111 4.33032 8
    endloop
  endfacet
  facet normal 0 0 1
    outer loop
      vertex 76.5257 4.10842 8
      vertex 78.2111 4.33032 8
      vertex 78.2 4.5 8
    endloop
  endfacet
  facet normal 0 0 1
    outer loop
      vertex 78.3742 5.15 8
      vertex 76.9019 6 8
      vertex 78.299 4.99749 8
    endloop
  endfacet
  facet normal 0 0 1
    outer loop
      vertex 78.85 3.37417 8
      vertex 78 1.90192 8
      vertex 78.352 1.72836 8
    endloop
  endfacet
  facet normal -0 0 1
    outer loop
      vertex 76.7284 5.64805 8
      vertex 78.299 4.99749 8
      vertex 76.9019 6 8
    endloop
  endfacet
  facet normal 0 0 1
    outer loop
      vertex 78.7086 3.46864 8
      vertex 77.6737 2.11994 8
      vertex 78 1.90192 8
    endloop
  endfacet
  facet normal 0 0 1
    outer loop
      vertex 78.299 4.99749 8
      vertex 76.7284 5.64805 8
      vertex 78.2443 4.83646 8
    endloop
  endfacet
  facet normal 0 0 1
    outer loop
      vertex 78.5808 3.58076 8
      vertex 77.3787 2.37868 8
      vertex 77.6737 2.11994 8
    endloop
  endfacet
  facet normal -0 0 1
    outer loop
      vertex 76.6022 5.27646 8
      vertex 78.2443 4.83646 8
      vertex 76.7284 5.64805 8
    endloop
  endfacet
  facet normal 0 0 1
    outer loop
      vertex 78.4686 3.70861 8
      vertex 77.1199 2.67372 8
      vertex 77.3787 2.37868 8
    endloop
  endfacet
  facet normal 0 0 1
    outer loop
      vertex 78.2443 4.83646 8
      vertex 76.6022 5.27646 8
      vertex 78.2111 4.66968 8
    endloop
  endfacet
  facet normal 0 0 1
    outer loop
      vertex 78.3742 3.85 8
      vertex 76.9019 3 8
      vertex 77.1199 2.67372 8
    endloop
  endfacet
  facet normal -0 0 1
    outer loop
      vertex 76.5257 4.89158 8
      vertex 78.2111 4.66968 8
      vertex 76.6022 5.27646 8
    endloop
  endfacet
  facet normal 0 0 1
    outer loop
      vertex 78.299 4.00251 8
      vertex 76.7284 3.35195 8
      vertex 76.9019 3 8
    endloop
  endfacet
  facet normal 0 0 1
    outer loop
      vertex 78.2111 4.66968 8
      vertex 76.5257 4.89158 8
      vertex 78.2 4.5 8
    endloop
  endfacet
  facet normal 0 0 1
    outer loop
      vertex 78.2443 4.16354 8
      vertex 76.6022 3.72354 8
      vertex 76.7284 3.35195 8
    endloop
  endfacet
  facet normal 0 0 1
    outer loop
      vertex 76.5 4.5 8
      vertex 78.2 4.5 8
      vertex 76.5257 4.89158 8
    endloop
  endfacet
  facet normal 0 0 1
    outer loop
      vertex 78.2111 4.33032 8
      vertex 76.5257 4.10842 8
      vertex 76.6022 3.72354 8
    endloop
  endfacet
  facet normal 0 0 1
    outer loop
      vertex 78.2 4.5 8
      vertex 76.5 4.5 8
      vertex 76.5257 4.10842 8
    endloop
  endfacet
  facet normal 0.997853 -0.0654906 0
    outer loop
      vertex 82.4743 4.10842 8
      vertex 82.5 4.5 2
      vertex 82.5 4.5 8
    endloop
  endfacet
  facet normal 0.997853 -0.0654906 0
    outer loop
      vertex 82.5 4.5 2
      vertex 82.4743 4.10842 8
      vertex 82.4743 4.10842 2
    endloop
  endfacet
  facet normal 0.555558 -0.831477 0
    outer loop
      vertex 81 1.90192 2
      vertex 81.3263 2.11994 8
      vertex 81 1.90192 8
    endloop
  endfacet
  facet normal 0.555558 -0.831477 0
    outer loop
      vertex 81.3263 2.11994 8
      vertex 81 1.90192 2
      vertex 81.3263 2.11994 2
    endloop
  endfacet
  facet normal 0.659392 -0.751799 0
    outer loop
      vertex 81.3263 2.11994 2
      vertex 81.6213 2.37868 8
      vertex 81.3263 2.11994 8
    endloop
  endfacet
  facet normal 0.659392 -0.751799 0
    outer loop
      vertex 81.6213 2.37868 8
      vertex 81.3263 2.11994 2
      vertex 81.6213 2.37868 2
    endloop
  endfacet
  facet normal 0.831485 -0.555547 0
    outer loop
      vertex 81.8801 2.67372 8
      vertex 82.0981 3 2
      vertex 82.0981 3 8
    endloop
  endfacet
  facet normal 0.831485 -0.555547 0
    outer loop
      vertex 82.0981 3 2
      vertex 81.8801 2.67372 8
      vertex 81.8801 2.67372 2
    endloop
  endfacet
  facet normal 0.980813 -0.19495 0
    outer loop
      vertex 82.3978 3.72354 8
      vertex 82.4743 4.10842 2
      vertex 82.4743 4.10842 8
    endloop
  endfacet
  facet normal 0.980813 -0.19495 0
    outer loop
      vertex 82.4743 4.10842 2
      vertex 82.3978 3.72354 8
      vertex 82.3978 3.72354 2
    endloop
  endfacet
  facet normal -0.442233 -0.8969 0
    outer loop
      vertex 78 1.90192 2
      vertex 78.352 1.72836 8
      vertex 78 1.90192 8
    endloop
  endfacet
  facet normal -0.442233 -0.8969 -0
    outer loop
      vertex 78.352 1.72836 8
      vertex 78 1.90192 2
      vertex 78.352 1.72836 2
    endloop
  endfacet
  facet normal -0.321514 -0.946905 0
    outer loop
      vertex 78.352 1.72836 2
      vertex 78.7235 1.60222 8
      vertex 78.352 1.72836 8
    endloop
  endfacet
  facet normal -0.321514 -0.946905 -0
    outer loop
      vertex 78.7235 1.60222 8
      vertex 78.352 1.72836 2
      vertex 78.7235 1.60222 2
    endloop
  endfacet
  facet normal -0.0654112 -0.997858 0
    outer loop
      vertex 79.1084 1.52567 2
      vertex 79.5 1.5 8
      vertex 79.1084 1.52567 8
    endloop
  endfacet
  facet normal -0.0654112 -0.997858 -0
    outer loop
      vertex 79.5 1.5 8
      vertex 79.1084 1.52567 2
      vertex 79.5 1.5 2
    endloop
  endfacet
  facet normal -0.831485 -0.555547 0
    outer loop
      vertex 77.1199 2.67372 2
      vertex 76.9019 3 8
      vertex 76.9019 3 2
    endloop
  endfacet
  facet normal -0.831485 -0.555547 0
    outer loop
      vertex 76.9019 3 8
      vertex 77.1199 2.67372 2
      vertex 77.1199 2.67372 8
    endloop
  endfacet
  facet normal -0.896936 -0.44216 0
    outer loop
      vertex 76.9019 3 2
      vertex 76.7284 3.35195 8
      vertex 76.7284 3.35195 2
    endloop
  endfacet
  facet normal -0.896936 -0.44216 0
    outer loop
      vertex 76.7284 3.35195 8
      vertex 76.9019 3 2
      vertex 76.9019 3 8
    endloop
  endfacet
  facet normal 0.195062 0.980791 -0
    outer loop
      vertex 80.2765 7.39778 2
      vertex 79.8916 7.47433 8
      vertex 80.2765 7.39778 8
    endloop
  endfacet
  facet normal 0.195062 0.980791 0
    outer loop
      vertex 79.8916 7.47433 8
      vertex 80.2765 7.39778 2
      vertex 79.8916 7.47433 2
    endloop
  endfacet
  facet normal 0.442233 0.8969 -0
    outer loop
      vertex 81 7.09808 2
      vertex 80.648 7.27164 8
      vertex 81 7.09808 8
    endloop
  endfacet
  facet normal 0.442233 0.8969 0
    outer loop
      vertex 80.648 7.27164 8
      vertex 81 7.09808 2
      vertex 80.648 7.27164 2
    endloop
  endfacet
  facet normal -0.555558 0.831477 0
    outer loop
      vertex 78 7.09808 2
      vertex 77.6737 6.88006 8
      vertex 78 7.09808 8
    endloop
  endfacet
  facet normal -0.555558 0.831477 0
    outer loop
      vertex 77.6737 6.88006 8
      vertex 78 7.09808 2
      vertex 77.6737 6.88006 2
    endloop
  endfacet
  facet normal -0.321514 0.946905 0
    outer loop
      vertex 78.7235 7.39778 2
      vertex 78.352 7.27164 8
      vertex 78.7235 7.39778 8
    endloop
  endfacet
  facet normal -0.321514 0.946905 0
    outer loop
      vertex 78.352 7.27164 8
      vertex 78.7235 7.39778 2
      vertex 78.352 7.27164 2
    endloop
  endfacet
  facet normal 0.442233 -0.8969 0
    outer loop
      vertex 80.648 1.72836 2
      vertex 81 1.90192 8
      vertex 80.648 1.72836 8
    endloop
  endfacet
  facet normal 0.442233 -0.8969 0
    outer loop
      vertex 81 1.90192 8
      vertex 80.648 1.72836 2
      vertex 81 1.90192 2
    endloop
  endfacet
  facet normal 0.896936 -0.44216 0
    outer loop
      vertex 82.0981 3 8
      vertex 82.2716 3.35195 2
      vertex 82.2716 3.35195 8
    endloop
  endfacet
  facet normal 0.896936 -0.44216 0
    outer loop
      vertex 82.2716 3.35195 2
      vertex 82.0981 3 8
      vertex 82.0981 3 2
    endloop
  endfacet
  facet normal -0.751768 -0.659428 0
    outer loop
      vertex 77.3787 2.37868 2
      vertex 77.1199 2.67372 8
      vertex 77.1199 2.67372 2
    endloop
  endfacet
  facet normal -0.751768 -0.659428 0
    outer loop
      vertex 77.1199 2.67372 8
      vertex 77.3787 2.37868 2
      vertex 77.3787 2.37868 8
    endloop
  endfacet
  facet normal 0.997858 0.0654112 0
    outer loop
      vertex 7.5 67.5 8
      vertex 7.47433 67.8916 2
      vertex 7.47433 67.8916 8
    endloop
  endfacet
  facet normal 0.997858 0.0654112 0
    outer loop
      vertex 7.47433 67.8916 2
      vertex 7.5 67.5 8
      vertex 7.5 67.5 2
    endloop
  endfacet
  facet normal -0.997858 -0.0654112 0
    outer loop
      vertex 1.52567 67.1084 2
      vertex 1.5 67.5 8
      vertex 1.5 67.5 2
    endloop
  endfacet
  facet normal -0.997858 -0.0654112 0
    outer loop
      vertex 1.5 67.5 8
      vertex 1.52567 67.1084 2
      vertex 1.52567 67.1084 8
    endloop
  endfacet
  facet normal -0.0654906 0.997853 0
    outer loop
      vertex 4.5 70.5 2
      vertex 4.10842 70.4743 8
      vertex 4.5 70.5 8
    endloop
  endfacet
  facet normal -0.0654906 0.997853 0
    outer loop
      vertex 4.10842 70.4743 8
      vertex 4.5 70.5 2
      vertex 4.10842 70.4743 2
    endloop
  endfacet
  facet normal 0.0654906 -0.997853 0
    outer loop
      vertex 4.5 64.5 2
      vertex 4.89158 64.5257 8
      vertex 4.5 64.5 8
    endloop
  endfacet
  facet normal 0.0654906 -0.997853 0
    outer loop
      vertex 4.89158 64.5257 8
      vertex 4.5 64.5 2
      vertex 4.89158 64.5257 2
    endloop
  endfacet
  facet normal -0.659428 -0.751768 0
    outer loop
      vertex 2.37868 65.3787 2
      vertex 2.67372 65.1199 8
      vertex 2.37868 65.3787 8
    endloop
  endfacet
  facet normal -0.659428 -0.751768 -0
    outer loop
      vertex 2.67372 65.1199 8
      vertex 2.37868 65.3787 2
      vertex 2.67372 65.1199 2
    endloop
  endfacet
  facet normal 0.659428 0.751768 -0
    outer loop
      vertex 6.62132 69.6213 2
      vertex 6.32628 69.8801 8
      vertex 6.62132 69.6213 8
    endloop
  endfacet
  facet normal 0.659428 0.751768 0
    outer loop
      vertex 6.32628 69.8801 8
      vertex 6.62132 69.6213 2
      vertex 6.32628 69.8801 2
    endloop
  endfacet
  facet normal -0.751799 0.659392 0
    outer loop
      vertex 2.11994 69.3263 2
      vertex 2.37868 69.6213 8
      vertex 2.37868 69.6213 2
    endloop
  endfacet
  facet normal -0.751799 0.659392 0
    outer loop
      vertex 2.37868 69.6213 8
      vertex 2.11994 69.3263 2
      vertex 2.11994 69.3263 8
    endloop
  endfacet
  facet normal -0.44216 0.896936 0
    outer loop
      vertex 3.35195 70.2716 2
      vertex 3 70.0981 8
      vertex 3.35195 70.2716 8
    endloop
  endfacet
  facet normal -0.44216 0.896936 0
    outer loop
      vertex 3 70.0981 8
      vertex 3.35195 70.2716 2
      vertex 3 70.0981 2
    endloop
  endfacet
  facet normal 0.751799 -0.659392 0
    outer loop
      vertex 6.62132 65.3787 8
      vertex 6.88006 65.6737 2
      vertex 6.88006 65.6737 8
    endloop
  endfacet
  facet normal 0.751799 -0.659392 0
    outer loop
      vertex 6.88006 65.6737 2
      vertex 6.62132 65.3787 8
      vertex 6.62132 65.3787 2
    endloop
  endfacet
  facet normal 0.831477 -0.555558 0
    outer loop
      vertex 6.88006 65.6737 8
      vertex 7.09808 66 2
      vertex 7.09808 66 8
    endloop
  endfacet
  facet normal 0.831477 -0.555558 0
    outer loop
      vertex 7.09808 66 2
      vertex 6.88006 65.6737 8
      vertex 6.88006 65.6737 2
    endloop
  endfacet
  facet normal 0.8969 0.442233 0
    outer loop
      vertex 7.27164 68.648 8
      vertex 7.09808 69 2
      vertex 7.09808 69 8
    endloop
  endfacet
  facet normal 0.8969 0.442233 0
    outer loop
      vertex 7.09808 69 2
      vertex 7.27164 68.648 8
      vertex 7.27164 68.648 2
    endloop
  endfacet
  facet normal 0.980791 0.195062 0
    outer loop
      vertex 7.47433 67.8916 8
      vertex 7.39778 68.2765 2
      vertex 7.39778 68.2765 8
    endloop
  endfacet
  facet normal 0.980791 0.195062 0
    outer loop
      vertex 7.39778 68.2765 2
      vertex 7.47433 67.8916 8
      vertex 7.47433 67.8916 2
    endloop
  endfacet
  facet normal 0.321582 0.946882 -0
    outer loop
      vertex 5.64805 70.2716 2
      vertex 5.27646 70.3978 8
      vertex 5.64805 70.2716 8
    endloop
  endfacet
  facet normal 0.321582 0.946882 0
    outer loop
      vertex 5.27646 70.3978 8
      vertex 5.64805 70.2716 2
      vertex 5.27646 70.3978 2
    endloop
  endfacet
  facet normal 0.555547 0.831485 -0
    outer loop
      vertex 6.32628 69.8801 2
      vertex 6 70.0981 8
      vertex 6.32628 69.8801 8
    endloop
  endfacet
  facet normal 0.555547 0.831485 0
    outer loop
      vertex 6 70.0981 8
      vertex 6.32628 69.8801 2
      vertex 6 70.0981 2
    endloop
  endfacet
  facet normal -0.946905 0.321514 0
    outer loop
      vertex 1.60222 68.2765 2
      vertex 1.72836 68.648 8
      vertex 1.72836 68.648 2
    endloop
  endfacet
  facet normal -0.946905 0.321514 0
    outer loop
      vertex 1.72836 68.648 8
      vertex 1.60222 68.2765 2
      vertex 1.60222 68.2765 8
    endloop
  endfacet
  facet normal -0.831477 0.555558 0
    outer loop
      vertex 1.90192 69 2
      vertex 2.11994 69.3263 8
      vertex 2.11994 69.3263 2
    endloop
  endfacet
  facet normal -0.831477 0.555558 0
    outer loop
      vertex 2.11994 69.3263 8
      vertex 1.90192 69 2
      vertex 1.90192 69 8
    endloop
  endfacet
  facet normal -0.980791 0.195062 0
    outer loop
      vertex 1.52567 67.8916 2
      vertex 1.60222 68.2765 8
      vertex 1.60222 68.2765 2
    endloop
  endfacet
  facet normal -0.980791 0.195062 0
    outer loop
      vertex 1.60222 68.2765 8
      vertex 1.52567 67.8916 2
      vertex 1.52567 67.8916 8
    endloop
  endfacet
  facet normal -0.19495 0.980813 0
    outer loop
      vertex 4.10842 70.4743 2
      vertex 3.72354 70.3978 8
      vertex 4.10842 70.4743 8
    endloop
  endfacet
  facet normal -0.19495 0.980813 0
    outer loop
      vertex 3.72354 70.3978 8
      vertex 4.10842 70.4743 2
      vertex 3.72354 70.3978 2
    endloop
  endfacet
  facet normal 0.19495 -0.980813 0
    outer loop
      vertex 4.89158 64.5257 2
      vertex 5.27646 64.6022 8
      vertex 4.89158 64.5257 8
    endloop
  endfacet
  facet normal 0.19495 -0.980813 0
    outer loop
      vertex 5.27646 64.6022 8
      vertex 4.89158 64.5257 2
      vertex 5.27646 64.6022 2
    endloop
  endfacet
  facet normal -0.555547 -0.831485 0
    outer loop
      vertex 2.67372 65.1199 2
      vertex 3 64.9019 8
      vertex 2.67372 65.1199 8
    endloop
  endfacet
  facet normal -0.555547 -0.831485 -0
    outer loop
      vertex 3 64.9019 8
      vertex 2.67372 65.1199 2
      vertex 3 64.9019 2
    endloop
  endfacet
  facet normal -0.19495 -0.980813 0
    outer loop
      vertex 3.72354 64.6022 2
      vertex 4.10842 64.5257 8
      vertex 3.72354 64.6022 8
    endloop
  endfacet
  facet normal -0.19495 -0.980813 -0
    outer loop
      vertex 4.10842 64.5257 8
      vertex 3.72354 64.6022 2
      vertex 4.10842 64.5257 2
    endloop
  endfacet
  facet normal -0.980791 -0.195062 0
    outer loop
      vertex 1.60222 66.7235 2
      vertex 1.52567 67.1084 8
      vertex 1.52567 67.1084 2
    endloop
  endfacet
  facet normal -0.980791 -0.195062 0
    outer loop
      vertex 1.52567 67.1084 8
      vertex 1.60222 66.7235 2
      vertex 1.60222 66.7235 8
    endloop
  endfacet
  facet normal 0.946905 0.321514 0
    outer loop
      vertex 7.39778 68.2765 8
      vertex 7.27164 68.648 2
      vertex 7.27164 68.648 8
    endloop
  endfacet
  facet normal 0.946905 0.321514 0
    outer loop
      vertex 7.27164 68.648 2
      vertex 7.39778 68.2765 8
      vertex 7.39778 68.2765 2
    endloop
  endfacet
  facet normal 0.751799 0.659392 0
    outer loop
      vertex 6.88006 69.3263 8
      vertex 6.62132 69.6213 2
      vertex 6.62132 69.6213 8
    endloop
  endfacet
  facet normal 0.751799 0.659392 0
    outer loop
      vertex 6.62132 69.6213 2
      vertex 6.88006 69.3263 8
      vertex 6.88006 69.3263 2
    endloop
  endfacet
  facet normal 0.831477 0.555558 0
    outer loop
      vertex 7.09808 69 8
      vertex 6.88006 69.3263 2
      vertex 6.88006 69.3263 8
    endloop
  endfacet
  facet normal 0.831477 0.555558 0
    outer loop
      vertex 6.88006 69.3263 2
      vertex 7.09808 69 8
      vertex 7.09808 69 2
    endloop
  endfacet
  facet normal 0.19495 0.980813 -0
    outer loop
      vertex 5.27646 70.3978 2
      vertex 4.89158 70.4743 8
      vertex 5.27646 70.3978 8
    endloop
  endfacet
  facet normal 0.19495 0.980813 0
    outer loop
      vertex 4.89158 70.4743 8
      vertex 5.27646 70.3978 2
      vertex 4.89158 70.4743 2
    endloop
  endfacet
  facet normal 0.0654906 0.997853 -0
    outer loop
      vertex 4.89158 70.4743 2
      vertex 4.5 70.5 8
      vertex 4.89158 70.4743 8
    endloop
  endfacet
  facet normal 0.0654906 0.997853 0
    outer loop
      vertex 4.5 70.5 8
      vertex 4.89158 70.4743 2
      vertex 4.5 70.5 2
    endloop
  endfacet
  facet normal 0.44216 0.896936 -0
    outer loop
      vertex 6 70.0981 2
      vertex 5.64805 70.2716 8
      vertex 6 70.0981 8
    endloop
  endfacet
  facet normal 0.44216 0.896936 0
    outer loop
      vertex 5.64805 70.2716 8
      vertex 6 70.0981 2
      vertex 5.64805 70.2716 2
    endloop
  endfacet
  facet normal -0.8969 0.442233 0
    outer loop
      vertex 1.72836 68.648 2
      vertex 1.90192 69 8
      vertex 1.90192 69 2
    endloop
  endfacet
  facet normal -0.8969 0.442233 0
    outer loop
      vertex 1.90192 69 8
      vertex 1.72836 68.648 2
      vertex 1.72836 68.648 8
    endloop
  endfacet
  facet normal -0.997858 0.0654112 0
    outer loop
      vertex 1.5 67.5 2
      vertex 1.52567 67.8916 8
      vertex 1.52567 67.8916 2
    endloop
  endfacet
  facet normal -0.997858 0.0654112 0
    outer loop
      vertex 1.52567 67.8916 8
      vertex 1.5 67.5 2
      vertex 1.5 67.5 8
    endloop
  endfacet
  facet normal 0 0 1
    outer loop
      vertex 5.8 67.5 8
      vertex 7.5 67.5 8
      vertex 7.47433 67.8916 8
    endloop
  endfacet
  facet normal 0 0 1
    outer loop
      vertex 5.78888 67.6697 8
      vertex 7.47433 67.8916 8
      vertex 7.39778 68.2765 8
    endloop
  endfacet
  facet normal 0 0 1
    outer loop
      vertex 7.5 67.5 8
      vertex 5.8 67.5 8
      vertex 7.47433 67.1084 8
    endloop
  endfacet
  facet normal 0 0 1
    outer loop
      vertex 5.7557 67.8365 8
      vertex 7.39778 68.2765 8
      vertex 7.27164 68.648 8
    endloop
  endfacet
  facet normal -0 0 1
    outer loop
      vertex 5.78888 67.3303 8
      vertex 7.47433 67.1084 8
      vertex 5.8 67.5 8
    endloop
  endfacet
  facet normal 0 0 1
    outer loop
      vertex 5.70104 67.9975 8
      vertex 7.27164 68.648 8
      vertex 7.09808 69 8
    endloop
  endfacet
  facet normal 0 0 1
    outer loop
      vertex 7.47433 67.1084 8
      vertex 5.78888 67.3303 8
      vertex 7.39778 66.7235 8
    endloop
  endfacet
  facet normal 0 0 1
    outer loop
      vertex 5.62583 68.15 8
      vertex 7.09808 69 8
      vertex 6.88006 69.3263 8
    endloop
  endfacet
  facet normal -0 0 1
    outer loop
      vertex 5.7557 67.1635 8
      vertex 7.39778 66.7235 8
      vertex 5.78888 67.3303 8
    endloop
  endfacet
  facet normal 0 0 1
    outer loop
      vertex 5.53136 68.2914 8
      vertex 6.88006 69.3263 8
      vertex 6.62132 69.6213 8
    endloop
  endfacet
  facet normal 0 0 1
    outer loop
      vertex 7.39778 66.7235 8
      vertex 5.7557 67.1635 8
      vertex 7.27164 66.352 8
    endloop
  endfacet
  facet normal 0 0 1
    outer loop
      vertex 5.41924 68.4192 8
      vertex 6.62132 69.6213 8
      vertex 6.32628 69.8801 8
    endloop
  endfacet
  facet normal -0 0 1
    outer loop
      vertex 5.70104 67.0025 8
      vertex 7.27164 66.352 8
      vertex 5.7557 67.1635 8
    endloop
  endfacet
  facet normal 0 0 1
    outer loop
      vertex 5.29139 68.5314 8
      vertex 6.32628 69.8801 8
      vertex 6 70.0981 8
    endloop
  endfacet
  facet normal 0 0 1
    outer loop
      vertex 7.27164 66.352 8
      vertex 5.70104 67.0025 8
      vertex 7.09808 66 8
    endloop
  endfacet
  facet normal -0 0 1
    outer loop
      vertex 5.62583 66.85 8
      vertex 7.09808 66 8
      vertex 5.70104 67.0025 8
    endloop
  endfacet
  facet normal 0 0 1
    outer loop
      vertex 7.47433 67.8916 8
      vertex 5.78888 67.6697 8
      vertex 5.8 67.5 8
    endloop
  endfacet
  facet normal 0 0 1
    outer loop
      vertex 7.39778 68.2765 8
      vertex 5.7557 67.8365 8
      vertex 5.78888 67.6697 8
    endloop
  endfacet
  facet normal 0 0 1
    outer loop
      vertex 7.27164 68.648 8
      vertex 5.70104 67.9975 8
      vertex 5.7557 67.8365 8
    endloop
  endfacet
  facet normal 0 0 1
    outer loop
      vertex 5.15 68.6258 8
      vertex 6 70.0981 8
      vertex 5.64805 70.2716 8
    endloop
  endfacet
  facet normal 0 0 1
    outer loop
      vertex 7.09808 69 8
      vertex 5.62583 68.15 8
      vertex 5.70104 67.9975 8
    endloop
  endfacet
  facet normal 0 0 1
    outer loop
      vertex 6.88006 69.3263 8
      vertex 5.53136 68.2914 8
      vertex 5.62583 68.15 8
    endloop
  endfacet
  facet normal 0 0 1
    outer loop
      vertex 6.62132 69.6213 8
      vertex 5.41924 68.4192 8
      vertex 5.53136 68.2914 8
    endloop
  endfacet
  facet normal 0 0 1
    outer loop
      vertex 6.32628 69.8801 8
      vertex 5.29139 68.5314 8
      vertex 5.41924 68.4192 8
    endloop
  endfacet
  facet normal 0 0 1
    outer loop
      vertex 4.99749 68.701 8
      vertex 5.64805 70.2716 8
      vertex 5.27646 70.3978 8
    endloop
  endfacet
  facet normal 0 0 1
    outer loop
      vertex 6 70.0981 8
      vertex 5.15 68.6258 8
      vertex 5.29139 68.5314 8
    endloop
  endfacet
  facet normal 0 0 1
    outer loop
      vertex 5.64805 70.2716 8
      vertex 4.99749 68.701 8
      vertex 5.15 68.6258 8
    endloop
  endfacet
  facet normal 0 0 1
    outer loop
      vertex 4.83646 68.7557 8
      vertex 5.27646 70.3978 8
      vertex 4.89158 70.4743 8
    endloop
  endfacet
  facet normal 0 0 1
    outer loop
      vertex 5.27646 70.3978 8
      vertex 4.83646 68.7557 8
      vertex 4.99749 68.701 8
    endloop
  endfacet
  facet normal 0 0 1
    outer loop
      vertex 4.89158 70.4743 8
      vertex 4.66968 68.7889 8
      vertex 4.83646 68.7557 8
    endloop
  endfacet
  facet normal 0 0 1
    outer loop
      vertex 4.5 70.5 8
      vertex 4.66968 68.7889 8
      vertex 4.89158 70.4743 8
    endloop
  endfacet
  facet normal 0 0 1
    outer loop
      vertex 4.5 70.5 8
      vertex 4.5 68.8 8
      vertex 4.66968 68.7889 8
    endloop
  endfacet
  facet normal 0 0 1
    outer loop
      vertex 4.5 70.5 8
      vertex 4.33032 68.7889 8
      vertex 4.5 68.8 8
    endloop
  endfacet
  facet normal -0 0 1
    outer loop
      vertex 4.10842 70.4743 8
      vertex 4.33032 68.7889 8
      vertex 4.5 70.5 8
    endloop
  endfacet
  facet normal 0 0 1
    outer loop
      vertex 4.33032 68.7889 8
      vertex 4.10842 70.4743 8
      vertex 4.16354 68.7557 8
    endloop
  endfacet
  facet normal -0 0 1
    outer loop
      vertex 3.72354 70.3978 8
      vertex 4.16354 68.7557 8
      vertex 4.10842 70.4743 8
    endloop
  endfacet
  facet normal 0 0 1
    outer loop
      vertex 4.16354 68.7557 8
      vertex 3.72354 70.3978 8
      vertex 4.00251 68.701 8
    endloop
  endfacet
  facet normal -0 0 1
    outer loop
      vertex 3.35195 70.2716 8
      vertex 4.00251 68.701 8
      vertex 3.72354 70.3978 8
    endloop
  endfacet
  facet normal 0 0 1
    outer loop
      vertex 4.00251 68.701 8
      vertex 3.35195 70.2716 8
      vertex 3.85 68.6258 8
    endloop
  endfacet
  facet normal -0 0 1
    outer loop
      vertex 3 70.0981 8
      vertex 3.85 68.6258 8
      vertex 3.35195 70.2716 8
    endloop
  endfacet
  facet normal 0 0 1
    outer loop
      vertex 3.85 68.6258 8
      vertex 3 70.0981 8
      vertex 3.70861 68.5314 8
    endloop
  endfacet
  facet normal -0 0 1
    outer loop
      vertex 2.67372 69.8801 8
      vertex 3.70861 68.5314 8
      vertex 3 70.0981 8
    endloop
  endfacet
  facet normal 0 0 1
    outer loop
      vertex 3.70861 68.5314 8
      vertex 2.67372 69.8801 8
      vertex 3.58076 68.4192 8
    endloop
  endfacet
  facet normal -0 0 1
    outer loop
      vertex 2.37868 69.6213 8
      vertex 3.58076 68.4192 8
      vertex 2.67372 69.8801 8
    endloop
  endfacet
  facet normal 0 0 1
    outer loop
      vertex 3.58076 68.4192 8
      vertex 2.37868 69.6213 8
      vertex 3.46864 68.2914 8
    endloop
  endfacet
  facet normal -0 0 1
    outer loop
      vertex 2.11994 69.3263 8
      vertex 3.46864 68.2914 8
      vertex 2.37868 69.6213 8
    endloop
  endfacet
  facet normal 0 0 1
    outer loop
      vertex 3.46864 68.2914 8
      vertex 2.11994 69.3263 8
      vertex 3.37417 68.15 8
    endloop
  endfacet
  facet normal -0 0 1
    outer loop
      vertex 1.90192 69 8
      vertex 3.37417 68.15 8
      vertex 2.11994 69.3263 8
    endloop
  endfacet
  facet normal 0 0 1
    outer loop
      vertex 7.09808 66 8
      vertex 5.62583 66.85 8
      vertex 6.88006 65.6737 8
    endloop
  endfacet
  facet normal -0 0 1
    outer loop
      vertex 5.53136 66.7086 8
      vertex 6.88006 65.6737 8
      vertex 5.62583 66.85 8
    endloop
  endfacet
  facet normal 0 0 1
    outer loop
      vertex 6.88006 65.6737 8
      vertex 5.53136 66.7086 8
      vertex 6.62132 65.3787 8
    endloop
  endfacet
  facet normal -0 0 1
    outer loop
      vertex 5.41924 66.5808 8
      vertex 6.62132 65.3787 8
      vertex 5.53136 66.7086 8
    endloop
  endfacet
  facet normal 0 0 1
    outer loop
      vertex 6.62132 65.3787 8
      vertex 5.41924 66.5808 8
      vertex 6.32628 65.1199 8
    endloop
  endfacet
  facet normal -0 0 1
    outer loop
      vertex 5.29139 66.4686 8
      vertex 6.32628 65.1199 8
      vertex 5.41924 66.5808 8
    endloop
  endfacet
  facet normal 0 0 1
    outer loop
      vertex 6.32628 65.1199 8
      vertex 5.29139 66.4686 8
      vertex 6 64.9019 8
    endloop
  endfacet
  facet normal -0 0 1
    outer loop
      vertex 5.15 66.3742 8
      vertex 6 64.9019 8
      vertex 5.29139 66.4686 8
    endloop
  endfacet
  facet normal 0 0 1
    outer loop
      vertex 6 64.9019 8
      vertex 5.15 66.3742 8
      vertex 5.64805 64.7284 8
    endloop
  endfacet
  facet normal -0 0 1
    outer loop
      vertex 4.99749 66.299 8
      vertex 5.64805 64.7284 8
      vertex 5.15 66.3742 8
    endloop
  endfacet
  facet normal 0 0 1
    outer loop
      vertex 5.64805 64.7284 8
      vertex 4.99749 66.299 8
      vertex 5.27646 64.6022 8
    endloop
  endfacet
  facet normal -0 0 1
    outer loop
      vertex 4.83646 66.2443 8
      vertex 5.27646 64.6022 8
      vertex 4.99749 66.299 8
    endloop
  endfacet
  facet normal 0 0 1
    outer loop
      vertex 5.27646 64.6022 8
      vertex 4.83646 66.2443 8
      vertex 4.89158 64.5257 8
    endloop
  endfacet
  facet normal -0 0 1
    outer loop
      vertex 4.66968 66.2111 8
      vertex 4.89158 64.5257 8
      vertex 4.83646 66.2443 8
    endloop
  endfacet
  facet normal -0 0 1
    outer loop
      vertex 4.5 66.2 8
      vertex 4.89158 64.5257 8
      vertex 4.66968 66.2111 8
    endloop
  endfacet
  facet normal 0 0 1
    outer loop
      vertex 4.5 66.2 8
      vertex 4.5 64.5 8
      vertex 4.89158 64.5257 8
    endloop
  endfacet
  facet normal 0 0 1
    outer loop
      vertex 4.33032 66.2111 8
      vertex 4.5 64.5 8
      vertex 4.5 66.2 8
    endloop
  endfacet
  facet normal 0 0 1
    outer loop
      vertex 4.10842 64.5257 8
      vertex 4.33032 66.2111 8
      vertex 4.16354 66.2443 8
    endloop
  endfacet
  facet normal 0 0 1
    outer loop
      vertex 4.33032 66.2111 8
      vertex 4.10842 64.5257 8
      vertex 4.5 64.5 8
    endloop
  endfacet
  facet normal 0 0 1
    outer loop
      vertex 3.72354 64.6022 8
      vertex 4.16354 66.2443 8
      vertex 4.00251 66.299 8
    endloop
  endfacet
  facet normal 0 0 1
    outer loop
      vertex 3.35195 64.7284 8
      vertex 4.00251 66.299 8
      vertex 3.85 66.3742 8
    endloop
  endfacet
  facet normal 0 0 1
    outer loop
      vertex 4.16354 66.2443 8
      vertex 3.72354 64.6022 8
      vertex 4.10842 64.5257 8
    endloop
  endfacet
  facet normal 0 0 1
    outer loop
      vertex 3 64.9019 8
      vertex 3.85 66.3742 8
      vertex 3.70861 66.4686 8
    endloop
  endfacet
  facet normal 0 0 1
    outer loop
      vertex 2.67372 65.1199 8
      vertex 3.70861 66.4686 8
      vertex 3.58076 66.5808 8
    endloop
  endfacet
  facet normal 0 0 1
    outer loop
      vertex 2.37868 65.3787 8
      vertex 3.58076 66.5808 8
      vertex 3.46864 66.7086 8
    endloop
  endfacet
  facet normal 0 0 1
    outer loop
      vertex 2.11994 65.6737 8
      vertex 3.46864 66.7086 8
      vertex 3.37417 66.85 8
    endloop
  endfacet
  facet normal 0 0 1
    outer loop
      vertex 4.00251 66.299 8
      vertex 3.35195 64.7284 8
      vertex 3.72354 64.6022 8
    endloop
  endfacet
  facet normal 0 0 1
    outer loop
      vertex 1.90192 66 8
      vertex 3.37417 66.85 8
      vertex 3.29896 67.0025 8
    endloop
  endfacet
  facet normal 0 0 1
    outer loop
      vertex 1.72836 66.352 8
      vertex 3.29896 67.0025 8
      vertex 3.2443 67.1635 8
    endloop
  endfacet
  facet normal 0 0 1
    outer loop
      vertex 1.60222 66.7235 8
      vertex 3.2443 67.1635 8
      vertex 3.21112 67.3303 8
    endloop
  endfacet
  facet normal 0 0 1
    outer loop
      vertex 1.52567 67.1084 8
      vertex 3.21112 67.3303 8
      vertex 3.2 67.5 8
    endloop
  endfacet
  facet normal 0 0 1
    outer loop
      vertex 3.37417 68.15 8
      vertex 1.90192 69 8
      vertex 3.29896 67.9975 8
    endloop
  endfacet
  facet normal 0 0 1
    outer loop
      vertex 3.85 66.3742 8
      vertex 3 64.9019 8
      vertex 3.35195 64.7284 8
    endloop
  endfacet
  facet normal -0 0 1
    outer loop
      vertex 1.72836 68.648 8
      vertex 3.29896 67.9975 8
      vertex 1.90192 69 8
    endloop
  endfacet
  facet normal 0 0 1
    outer loop
      vertex 3.70861 66.4686 8
      vertex 2.67372 65.1199 8
      vertex 3 64.9019 8
    endloop
  endfacet
  facet normal 0 0 1
    outer loop
      vertex 3.29896 67.9975 8
      vertex 1.72836 68.648 8
      vertex 3.2443 67.8365 8
    endloop
  endfacet
  facet normal 0 0 1
    outer loop
      vertex 3.58076 66.5808 8
      vertex 2.37868 65.3787 8
      vertex 2.67372 65.1199 8
    endloop
  endfacet
  facet normal -0 0 1
    outer loop
      vertex 1.60222 68.2765 8
      vertex 3.2443 67.8365 8
      vertex 1.72836 68.648 8
    endloop
  endfacet
  facet normal 0 0 1
    outer loop
      vertex 3.46864 66.7086 8
      vertex 2.11994 65.6737 8
      vertex 2.37868 65.3787 8
    endloop
  endfacet
  facet normal 0 0 1
    outer loop
      vertex 3.2443 67.8365 8
      vertex 1.60222 68.2765 8
      vertex 3.21112 67.6697 8
    endloop
  endfacet
  facet normal 0 0 1
    outer loop
      vertex 3.37417 66.85 8
      vertex 1.90192 66 8
      vertex 2.11994 65.6737 8
    endloop
  endfacet
  facet normal -0 0 1
    outer loop
      vertex 1.52567 67.8916 8
      vertex 3.21112 67.6697 8
      vertex 1.60222 68.2765 8
    endloop
  endfacet
  facet normal 0 0 1
    outer loop
      vertex 3.29896 67.0025 8
      vertex 1.72836 66.352 8
      vertex 1.90192 66 8
    endloop
  endfacet
  facet normal 0 0 1
    outer loop
      vertex 3.21112 67.6697 8
      vertex 1.52567 67.8916 8
      vertex 3.2 67.5 8
    endloop
  endfacet
  facet normal 0 0 1
    outer loop
      vertex 3.2443 67.1635 8
      vertex 1.60222 66.7235 8
      vertex 1.72836 66.352 8
    endloop
  endfacet
  facet normal 0 0 1
    outer loop
      vertex 1.5 67.5 8
      vertex 3.2 67.5 8
      vertex 1.52567 67.8916 8
    endloop
  endfacet
  facet normal 0 0 1
    outer loop
      vertex 3.21112 67.3303 8
      vertex 1.52567 67.1084 8
      vertex 1.60222 66.7235 8
    endloop
  endfacet
  facet normal 0 0 1
    outer loop
      vertex 3.2 67.5 8
      vertex 1.5 67.5 8
      vertex 1.52567 67.1084 8
    endloop
  endfacet
  facet normal -0.555547 0.831485 0
    outer loop
      vertex 3 70.0981 2
      vertex 2.67372 69.8801 8
      vertex 3 70.0981 8
    endloop
  endfacet
  facet normal -0.555547 0.831485 0
    outer loop
      vertex 2.67372 69.8801 8
      vertex 3 70.0981 2
      vertex 2.67372 69.8801 2
    endloop
  endfacet
  facet normal -0.659428 0.751768 0
    outer loop
      vertex 2.67372 69.8801 2
      vertex 2.37868 69.6213 8
      vertex 2.67372 69.8801 8
    endloop
  endfacet
  facet normal -0.659428 0.751768 0
    outer loop
      vertex 2.37868 69.6213 8
      vertex 2.67372 69.8801 2
      vertex 2.37868 69.6213 2
    endloop
  endfacet
  facet normal -0.321582 0.946882 0
    outer loop
      vertex 3.72354 70.3978 2
      vertex 3.35195 70.2716 8
      vertex 3.72354 70.3978 8
    endloop
  endfacet
  facet normal -0.321582 0.946882 0
    outer loop
      vertex 3.35195 70.2716 8
      vertex 3.72354 70.3978 2
      vertex 3.35195 70.2716 2
    endloop
  endfacet
  facet normal 0.321582 -0.946882 0
    outer loop
      vertex 5.27646 64.6022 2
      vertex 5.64805 64.7284 8
      vertex 5.27646 64.6022 8
    endloop
  endfacet
  facet normal 0.321582 -0.946882 0
    outer loop
      vertex 5.64805 64.7284 8
      vertex 5.27646 64.6022 2
      vertex 5.64805 64.7284 2
    endloop
  endfacet
  facet normal 0.555547 -0.831485 0
    outer loop
      vertex 6 64.9019 2
      vertex 6.32628 65.1199 8
      vertex 6 64.9019 8
    endloop
  endfacet
  facet normal 0.555547 -0.831485 0
    outer loop
      vertex 6.32628 65.1199 8
      vertex 6 64.9019 2
      vertex 6.32628 65.1199 2
    endloop
  endfacet
  facet normal 0.980791 -0.195062 0
    outer loop
      vertex 7.39778 66.7235 8
      vertex 7.47433 67.1084 2
      vertex 7.47433 67.1084 8
    endloop
  endfacet
  facet normal 0.980791 -0.195062 0
    outer loop
      vertex 7.47433 67.1084 2
      vertex 7.39778 66.7235 8
      vertex 7.39778 66.7235 2
    endloop
  endfacet
  facet normal -0.44216 -0.896936 0
    outer loop
      vertex 3 64.9019 2
      vertex 3.35195 64.7284 8
      vertex 3 64.9019 8
    endloop
  endfacet
  facet normal -0.44216 -0.896936 -0
    outer loop
      vertex 3.35195 64.7284 8
      vertex 3 64.9019 2
      vertex 3.35195 64.7284 2
    endloop
  endfacet
  facet normal -0.0654906 -0.997853 0
    outer loop
      vertex 4.10842 64.5257 2
      vertex 4.5 64.5 8
      vertex 4.10842 64.5257 8
    endloop
  endfacet
  facet normal -0.0654906 -0.997853 -0
    outer loop
      vertex 4.5 64.5 8
      vertex 4.10842 64.5257 2
      vertex 4.5 64.5 2
    endloop
  endfacet
  facet normal -0.831477 -0.555558 0
    outer loop
      vertex 2.11994 65.6737 2
      vertex 1.90192 66 8
      vertex 1.90192 66 2
    endloop
  endfacet
  facet normal -0.831477 -0.555558 0
    outer loop
      vertex 1.90192 66 8
      vertex 2.11994 65.6737 2
      vertex 2.11994 65.6737 8
    endloop
  endfacet
  facet normal -0.946905 -0.321514 0
    outer loop
      vertex 1.72836 66.352 2
      vertex 1.60222 66.7235 8
      vertex 1.60222 66.7235 2
    endloop
  endfacet
  facet normal -0.946905 -0.321514 0
    outer loop
      vertex 1.60222 66.7235 8
      vertex 1.72836 66.352 2
      vertex 1.72836 66.352 8
    endloop
  endfacet
  facet normal 0.44216 -0.896936 0
    outer loop
      vertex 5.64805 64.7284 2
      vertex 6 64.9019 8
      vertex 5.64805 64.7284 8
    endloop
  endfacet
  facet normal 0.44216 -0.896936 0
    outer loop
      vertex 6 64.9019 8
      vertex 5.64805 64.7284 2
      vertex 6 64.9019 2
    endloop
  endfacet
  facet normal 0.659428 -0.751768 0
    outer loop
      vertex 6.32628 65.1199 2
      vertex 6.62132 65.3787 8
      vertex 6.32628 65.1199 8
    endloop
  endfacet
  facet normal 0.659428 -0.751768 0
    outer loop
      vertex 6.62132 65.3787 8
      vertex 6.32628 65.1199 2
      vertex 6.62132 65.3787 2
    endloop
  endfacet
  facet normal 0.8969 -0.442233 0
    outer loop
      vertex 7.09808 66 8
      vertex 7.27164 66.352 2
      vertex 7.27164 66.352 8
    endloop
  endfacet
  facet normal 0.8969 -0.442233 0
    outer loop
      vertex 7.27164 66.352 2
      vertex 7.09808 66 8
      vertex 7.09808 66 2
    endloop
  endfacet
  facet normal 0.997858 -0.0654112 0
    outer loop
      vertex 7.47433 67.1084 8
      vertex 7.5 67.5 2
      vertex 7.5 67.5 8
    endloop
  endfacet
  facet normal 0.997858 -0.0654112 0
    outer loop
      vertex 7.5 67.5 2
      vertex 7.47433 67.1084 8
      vertex 7.47433 67.1084 2
    endloop
  endfacet
  facet normal -0.321582 -0.946882 0
    outer loop
      vertex 3.35195 64.7284 2
      vertex 3.72354 64.6022 8
      vertex 3.35195 64.7284 8
    endloop
  endfacet
  facet normal -0.321582 -0.946882 -0
    outer loop
      vertex 3.72354 64.6022 8
      vertex 3.35195 64.7284 2
      vertex 3.72354 64.6022 2
    endloop
  endfacet
  facet normal -0.751799 -0.659392 0
    outer loop
      vertex 2.37868 65.3787 2
      vertex 2.11994 65.6737 8
      vertex 2.11994 65.6737 2
    endloop
  endfacet
  facet normal -0.751799 -0.659392 0
    outer loop
      vertex 2.11994 65.6737 8
      vertex 2.37868 65.3787 2
      vertex 2.37868 65.3787 8
    endloop
  endfacet
  facet normal -0.8969 -0.442233 0
    outer loop
      vertex 1.90192 66 2
      vertex 1.72836 66.352 8
      vertex 1.72836 66.352 2
    endloop
  endfacet
  facet normal -0.8969 -0.442233 0
    outer loop
      vertex 1.72836 66.352 8
      vertex 1.90192 66 2
      vertex 1.90192 66 8
    endloop
  endfacet
  facet normal 0.946905 -0.321514 0
    outer loop
      vertex 7.27164 66.352 8
      vertex 7.39778 66.7235 2
      vertex 7.39778 66.7235 8
    endloop
  endfacet
  facet normal 0.946905 -0.321514 0
    outer loop
      vertex 7.39778 66.7235 2
      vertex 7.27164 66.352 8
      vertex 7.27164 66.352 2
    endloop
  endfacet
  facet normal 0.997853 0.0654873 0
    outer loop
      vertex 82.5 67.5 8
      vertex 82.4743 67.8916 2
      vertex 82.4743 67.8916 8
    endloop
  endfacet
  facet normal 0.997853 0.0654873 0
    outer loop
      vertex 82.4743 67.8916 2
      vertex 82.5 67.5 8
      vertex 82.5 67.5 2
    endloop
  endfacet
  facet normal -0.0654873 0.997853 0
    outer loop
      vertex 79.5 70.5 2
      vertex 79.1084 70.4743 8
      vertex 79.5 70.5 8
    endloop
  endfacet
  facet normal -0.0654873 0.997853 0
    outer loop
      vertex 79.1084 70.4743 8
      vertex 79.5 70.5 2
      vertex 79.1084 70.4743 2
    endloop
  endfacet
  facet normal 0.659478 0.751724 -0
    outer loop
      vertex 81.6213 69.6213 2
      vertex 81.3263 69.8801 8
      vertex 81.6213 69.6213 8
    endloop
  endfacet
  facet normal 0.659478 0.751724 0
    outer loop
      vertex 81.3263 69.8801 8
      vertex 81.6213 69.6213 2
      vertex 81.3263 69.8801 2
    endloop
  endfacet
  facet normal -0.751724 0.659478 0
    outer loop
      vertex 77.1199 69.3263 2
      vertex 77.3787 69.6213 8
      vertex 77.3787 69.6213 2
    endloop
  endfacet
  facet normal -0.751724 0.659478 0
    outer loop
      vertex 77.3787 69.6213 8
      vertex 77.1199 69.3263 2
      vertex 77.1199 69.3263 8
    endloop
  endfacet
  facet normal -0.44211 0.896961 0
    outer loop
      vertex 78.352 70.2716 2
      vertex 78 70.0981 8
      vertex 78.352 70.2716 8
    endloop
  endfacet
  facet normal -0.44211 0.896961 0
    outer loop
      vertex 78 70.0981 8
      vertex 78.352 70.2716 2
      vertex 78 70.0981 2
    endloop
  endfacet
  facet normal 0.831501 -0.555523 0
    outer loop
      vertex 81.8801 65.6737 8
      vertex 82.0981 66 2
      vertex 82.0981 66 8
    endloop
  endfacet
  facet normal 0.831501 -0.555523 0
    outer loop
      vertex 82.0981 66 2
      vertex 81.8801 65.6737 8
      vertex 81.8801 65.6737 2
    endloop
  endfacet
  facet normal 0.896961 0.44211 0
    outer loop
      vertex 82.2716 68.648 8
      vertex 82.0981 69 2
      vertex 82.0981 69 8
    endloop
  endfacet
  facet normal 0.896961 0.44211 0
    outer loop
      vertex 82.0981 69 2
      vertex 82.2716 68.648 8
      vertex 82.2716 68.648 2
    endloop
  endfacet
  facet normal 0.980815 0.19494 0
    outer loop
      vertex 82.4743 67.8916 8
      vertex 82.3978 68.2765 2
      vertex 82.3978 68.2765 8
    endloop
  endfacet
  facet normal 0.980815 0.19494 0
    outer loop
      vertex 82.3978 68.2765 2
      vertex 82.4743 67.8916 8
      vertex 82.4743 67.8916 2
    endloop
  endfacet
  facet normal 0.321651 0.946858 -0
    outer loop
      vertex 80.648 70.2716 2
      vertex 80.2765 70.3978 8
      vertex 80.648 70.2716 8
    endloop
  endfacet
  facet normal 0.321651 0.946858 0
    outer loop
      vertex 80.2765 70.3978 8
      vertex 80.648 70.2716 2
      vertex 80.2765 70.3978 2
    endloop
  endfacet
  facet normal 0.555523 0.831501 -0
    outer loop
      vertex 81.3263 69.8801 2
      vertex 81 70.0981 8
      vertex 81.3263 69.8801 8
    endloop
  endfacet
  facet normal 0.555523 0.831501 0
    outer loop
      vertex 81 70.0981 8
      vertex 81.3263 69.8801 2
      vertex 81 70.0981 2
    endloop
  endfacet
  facet normal -0.946858 0.321651 0
    outer loop
      vertex 76.6022 68.2765 2
      vertex 76.7284 68.648 8
      vertex 76.7284 68.648 2
    endloop
  endfacet
  facet normal -0.946858 0.321651 0
    outer loop
      vertex 76.7284 68.648 8
      vertex 76.6022 68.2765 2
      vertex 76.6022 68.2765 8
    endloop
  endfacet
  facet normal -0.831501 0.555523 0
    outer loop
      vertex 76.9019 69 2
      vertex 77.1199 69.3263 8
      vertex 77.1199 69.3263 2
    endloop
  endfacet
  facet normal -0.831501 0.555523 0
    outer loop
      vertex 77.1199 69.3263 8
      vertex 76.9019 69 2
      vertex 76.9019 69 8
    endloop
  endfacet
  facet normal -0.980815 0.19494 0
    outer loop
      vertex 76.5257 67.8916 2
      vertex 76.6022 68.2765 8
      vertex 76.6022 68.2765 2
    endloop
  endfacet
  facet normal -0.980815 0.19494 0
    outer loop
      vertex 76.6022 68.2765 8
      vertex 76.5257 67.8916 2
      vertex 76.5257 67.8916 8
    endloop
  endfacet
  facet normal -0.19494 0.980815 0
    outer loop
      vertex 79.1084 70.4743 2
      vertex 78.7235 70.3978 8
      vertex 79.1084 70.4743 8
    endloop
  endfacet
  facet normal -0.19494 0.980815 0
    outer loop
      vertex 78.7235 70.3978 8
      vertex 79.1084 70.4743 2
      vertex 78.7235 70.3978 2
    endloop
  endfacet
  facet normal 0.19494 -0.980815 0
    outer loop
      vertex 79.8916 64.5257 2
      vertex 80.2765 64.6022 8
      vertex 79.8916 64.5257 8
    endloop
  endfacet
  facet normal 0.19494 -0.980815 0
    outer loop
      vertex 80.2765 64.6022 8
      vertex 79.8916 64.5257 2
      vertex 80.2765 64.6022 2
    endloop
  endfacet
  facet normal -0.555523 -0.831501 0
    outer loop
      vertex 77.6737 65.1199 2
      vertex 78 64.9019 8
      vertex 77.6737 65.1199 8
    endloop
  endfacet
  facet normal -0.555523 -0.831501 -0
    outer loop
      vertex 78 64.9019 8
      vertex 77.6737 65.1199 2
      vertex 78 64.9019 2
    endloop
  endfacet
  facet normal -0.19494 -0.980815 0
    outer loop
      vertex 78.7235 64.6022 2
      vertex 79.1084 64.5257 8
      vertex 78.7235 64.6022 8
    endloop
  endfacet
  facet normal -0.19494 -0.980815 -0
    outer loop
      vertex 79.1084 64.5257 8
      vertex 78.7235 64.6022 2
      vertex 79.1084 64.5257 2
    endloop
  endfacet
  facet normal -0.980815 -0.19494 0
    outer loop
      vertex 76.6022 66.7235 2
      vertex 76.5257 67.1084 8
      vertex 76.5257 67.1084 2
    endloop
  endfacet
  facet normal -0.980815 -0.19494 0
    outer loop
      vertex 76.5257 67.1084 8
      vertex 76.6022 66.7235 2
      vertex 76.6022 66.7235 8
    endloop
  endfacet
  facet normal 0.946858 0.321651 0
    outer loop
      vertex 82.3978 68.2765 8
      vertex 82.2716 68.648 2
      vertex 82.2716 68.648 8
    endloop
  endfacet
  facet normal 0.946858 0.321651 0
    outer loop
      vertex 82.2716 68.648 2
      vertex 82.3978 68.2765 8
      vertex 82.3978 68.2765 2
    endloop
  endfacet
  facet normal 0.751724 0.659478 0
    outer loop
      vertex 81.8801 69.3263 8
      vertex 81.6213 69.6213 2
      vertex 81.6213 69.6213 8
    endloop
  endfacet
  facet normal 0.751724 0.659478 0
    outer loop
      vertex 81.6213 69.6213 2
      vertex 81.8801 69.3263 8
      vertex 81.8801 69.3263 2
    endloop
  endfacet
  facet normal 0.831501 0.555523 0
    outer loop
      vertex 82.0981 69 8
      vertex 81.8801 69.3263 2
      vertex 81.8801 69.3263 8
    endloop
  endfacet
  facet normal 0.831501 0.555523 0
    outer loop
      vertex 81.8801 69.3263 2
      vertex 82.0981 69 8
      vertex 82.0981 69 2
    endloop
  endfacet
  facet normal 0.19494 0.980815 -0
    outer loop
      vertex 80.2765 70.3978 2
      vertex 79.8916 70.4743 8
      vertex 80.2765 70.3978 8
    endloop
  endfacet
  facet normal 0.19494 0.980815 0
    outer loop
      vertex 79.8916 70.4743 8
      vertex 80.2765 70.3978 2
      vertex 79.8916 70.4743 2
    endloop
  endfacet
  facet normal 0.0654873 0.997853 -0
    outer loop
      vertex 79.8916 70.4743 2
      vertex 79.5 70.5 8
      vertex 79.8916 70.4743 8
    endloop
  endfacet
  facet normal 0.0654873 0.997853 0
    outer loop
      vertex 79.5 70.5 8
      vertex 79.8916 70.4743 2
      vertex 79.5 70.5 2
    endloop
  endfacet
  facet normal 0.44211 0.896961 -0
    outer loop
      vertex 81 70.0981 2
      vertex 80.648 70.2716 8
      vertex 81 70.0981 8
    endloop
  endfacet
  facet normal 0.44211 0.896961 0
    outer loop
      vertex 80.648 70.2716 8
      vertex 81 70.0981 2
      vertex 80.648 70.2716 2
    endloop
  endfacet
  facet normal -0.896961 0.44211 0
    outer loop
      vertex 76.7284 68.648 2
      vertex 76.9019 69 8
      vertex 76.9019 69 2
    endloop
  endfacet
  facet normal -0.896961 0.44211 0
    outer loop
      vertex 76.9019 69 8
      vertex 76.7284 68.648 2
      vertex 76.7284 68.648 8
    endloop
  endfacet
  facet normal -0.997853 0.0654873 0
    outer loop
      vertex 76.5 67.5 2
      vertex 76.5257 67.8916 8
      vertex 76.5257 67.8916 2
    endloop
  endfacet
  facet normal -0.997853 0.0654873 0
    outer loop
      vertex 76.5257 67.8916 8
      vertex 76.5 67.5 2
      vertex 76.5 67.5 8
    endloop
  endfacet
  facet normal 0 0 1
    outer loop
      vertex 80.8 67.5 8
      vertex 82.5 67.5 8
      vertex 82.4743 67.8916 8
    endloop
  endfacet
  facet normal 0 0 1
    outer loop
      vertex 80.7889 67.6697 8
      vertex 82.4743 67.8916 8
      vertex 82.3978 68.2765 8
    endloop
  endfacet
  facet normal 0 0 1
    outer loop
      vertex 82.5 67.5 8
      vertex 80.8 67.5 8
      vertex 82.4743 67.1084 8
    endloop
  endfacet
  facet normal 0 0 1
    outer loop
      vertex 80.7557 67.8365 8
      vertex 82.3978 68.2765 8
      vertex 82.2716 68.648 8
    endloop
  endfacet
  facet normal -0 0 1
    outer loop
      vertex 80.7889 67.3303 8
      vertex 82.4743 67.1084 8
      vertex 80.8 67.5 8
    endloop
  endfacet
  facet normal 0 0 1
    outer loop
      vertex 80.701 67.9975 8
      vertex 82.2716 68.648 8
      vertex 82.0981 69 8
    endloop
  endfacet
  facet normal 0 0 1
    outer loop
      vertex 82.4743 67.1084 8
      vertex 80.7889 67.3303 8
      vertex 82.3978 66.7235 8
    endloop
  endfacet
  facet normal 0 0 1
    outer loop
      vertex 80.6258 68.15 8
      vertex 82.0981 69 8
      vertex 81.8801 69.3263 8
    endloop
  endfacet
  facet normal -0 0 1
    outer loop
      vertex 80.7557 67.1635 8
      vertex 82.3978 66.7235 8
      vertex 80.7889 67.3303 8
    endloop
  endfacet
  facet normal 0 0 1
    outer loop
      vertex 80.5314 68.2914 8
      vertex 81.8801 69.3263 8
      vertex 81.6213 69.6213 8
    endloop
  endfacet
  facet normal 0 0 1
    outer loop
      vertex 82.3978 66.7235 8
      vertex 80.7557 67.1635 8
      vertex 82.2716 66.352 8
    endloop
  endfacet
  facet normal 0 0 1
    outer loop
      vertex 80.4192 68.4192 8
      vertex 81.6213 69.6213 8
      vertex 81.3263 69.8801 8
    endloop
  endfacet
  facet normal -0 0 1
    outer loop
      vertex 80.701 67.0025 8
      vertex 82.2716 66.352 8
      vertex 80.7557 67.1635 8
    endloop
  endfacet
  facet normal 0 0 1
    outer loop
      vertex 80.2914 68.5314 8
      vertex 81.3263 69.8801 8
      vertex 81 70.0981 8
    endloop
  endfacet
  facet normal 0 0 1
    outer loop
      vertex 82.2716 66.352 8
      vertex 80.701 67.0025 8
      vertex 82.0981 66 8
    endloop
  endfacet
  facet normal -0 0 1
    outer loop
      vertex 80.6258 66.85 8
      vertex 82.0981 66 8
      vertex 80.701 67.0025 8
    endloop
  endfacet
  facet normal 0 0 1
    outer loop
      vertex 82.4743 67.8916 8
      vertex 80.7889 67.6697 8
      vertex 80.8 67.5 8
    endloop
  endfacet
  facet normal 0 0 1
    outer loop
      vertex 82.3978 68.2765 8
      vertex 80.7557 67.8365 8
      vertex 80.7889 67.6697 8
    endloop
  endfacet
  facet normal 0 0 1
    outer loop
      vertex 82.2716 68.648 8
      vertex 80.701 67.9975 8
      vertex 80.7557 67.8365 8
    endloop
  endfacet
  facet normal 0 0 1
    outer loop
      vertex 80.15 68.6258 8
      vertex 81 70.0981 8
      vertex 80.648 70.2716 8
    endloop
  endfacet
  facet normal 0 0 1
    outer loop
      vertex 82.0981 69 8
      vertex 80.6258 68.15 8
      vertex 80.701 67.9975 8
    endloop
  endfacet
  facet normal 0 0 1
    outer loop
      vertex 81.8801 69.3263 8
      vertex 80.5314 68.2914 8
      vertex 80.6258 68.15 8
    endloop
  endfacet
  facet normal 0 0 1
    outer loop
      vertex 81.6213 69.6213 8
      vertex 80.4192 68.4192 8
      vertex 80.5314 68.2914 8
    endloop
  endfacet
  facet normal 0 0 1
    outer loop
      vertex 81.3263 69.8801 8
      vertex 80.2914 68.5314 8
      vertex 80.4192 68.4192 8
    endloop
  endfacet
  facet normal 0 0 1
    outer loop
      vertex 79.9975 68.701 8
      vertex 80.648 70.2716 8
      vertex 80.2765 70.3978 8
    endloop
  endfacet
  facet normal 0 0 1
    outer loop
      vertex 81 70.0981 8
      vertex 80.15 68.6258 8
      vertex 80.2914 68.5314 8
    endloop
  endfacet
  facet normal 0 0 1
    outer loop
      vertex 80.648 70.2716 8
      vertex 79.9975 68.701 8
      vertex 80.15 68.6258 8
    endloop
  endfacet
  facet normal 0 0 1
    outer loop
      vertex 79.8365 68.7557 8
      vertex 80.2765 70.3978 8
      vertex 79.8916 70.4743 8
    endloop
  endfacet
  facet normal 0 0 1
    outer loop
      vertex 80.2765 70.3978 8
      vertex 79.8365 68.7557 8
      vertex 79.9975 68.701 8
    endloop
  endfacet
  facet normal 0 0 1
    outer loop
      vertex 79.8916 70.4743 8
      vertex 79.6697 68.7889 8
      vertex 79.8365 68.7557 8
    endloop
  endfacet
  facet normal 0 0 1
    outer loop
      vertex 79.5 70.5 8
      vertex 79.6697 68.7889 8
      vertex 79.8916 70.4743 8
    endloop
  endfacet
  facet normal 0 0 1
    outer loop
      vertex 79.5 70.5 8
      vertex 79.5 68.8 8
      vertex 79.6697 68.7889 8
    endloop
  endfacet
  facet normal 0 0 1
    outer loop
      vertex 79.5 70.5 8
      vertex 79.3303 68.7889 8
      vertex 79.5 68.8 8
    endloop
  endfacet
  facet normal -0 0 1
    outer loop
      vertex 79.1084 70.4743 8
      vertex 79.3303 68.7889 8
      vertex 79.5 70.5 8
    endloop
  endfacet
  facet normal 0 0 1
    outer loop
      vertex 79.3303 68.7889 8
      vertex 79.1084 70.4743 8
      vertex 79.1635 68.7557 8
    endloop
  endfacet
  facet normal -0 0 1
    outer loop
      vertex 78.7235 70.3978 8
      vertex 79.1635 68.7557 8
      vertex 79.1084 70.4743 8
    endloop
  endfacet
  facet normal 0 0 1
    outer loop
      vertex 79.1635 68.7557 8
      vertex 78.7235 70.3978 8
      vertex 79.0025 68.701 8
    endloop
  endfacet
  facet normal -0 0 1
    outer loop
      vertex 78.352 70.2716 8
      vertex 79.0025 68.701 8
      vertex 78.7235 70.3978 8
    endloop
  endfacet
  facet normal 0 0 1
    outer loop
      vertex 79.0025 68.701 8
      vertex 78.352 70.2716 8
      vertex 78.85 68.6258 8
    endloop
  endfacet
  facet normal -0 0 1
    outer loop
      vertex 78 70.0981 8
      vertex 78.85 68.6258 8
      vertex 78.352 70.2716 8
    endloop
  endfacet
  facet normal 0 0 1
    outer loop
      vertex 78.85 68.6258 8
      vertex 78 70.0981 8
      vertex 78.7086 68.5314 8
    endloop
  endfacet
  facet normal -0 0 1
    outer loop
      vertex 77.6737 69.8801 8
      vertex 78.7086 68.5314 8
      vertex 78 70.0981 8
    endloop
  endfacet
  facet normal 0 0 1
    outer loop
      vertex 78.7086 68.5314 8
      vertex 77.6737 69.8801 8
      vertex 78.5808 68.4192 8
    endloop
  endfacet
  facet normal -0 0 1
    outer loop
      vertex 77.3787 69.6213 8
      vertex 78.5808 68.4192 8
      vertex 77.6737 69.8801 8
    endloop
  endfacet
  facet normal 0 0 1
    outer loop
      vertex 78.5808 68.4192 8
      vertex 77.3787 69.6213 8
      vertex 78.4686 68.2914 8
    endloop
  endfacet
  facet normal -0 0 1
    outer loop
      vertex 77.1199 69.3263 8
      vertex 78.4686 68.2914 8
      vertex 77.3787 69.6213 8
    endloop
  endfacet
  facet normal 0 0 1
    outer loop
      vertex 78.4686 68.2914 8
      vertex 77.1199 69.3263 8
      vertex 78.3742 68.15 8
    endloop
  endfacet
  facet normal -0 0 1
    outer loop
      vertex 76.9019 69 8
      vertex 78.3742 68.15 8
      vertex 77.1199 69.3263 8
    endloop
  endfacet
  facet normal 0 0 1
    outer loop
      vertex 82.0981 66 8
      vertex 80.6258 66.85 8
      vertex 81.8801 65.6737 8
    endloop
  endfacet
  facet normal -0 0 1
    outer loop
      vertex 80.5314 66.7086 8
      vertex 81.8801 65.6737 8
      vertex 80.6258 66.85 8
    endloop
  endfacet
  facet normal 0 0 1
    outer loop
      vertex 81.8801 65.6737 8
      vertex 80.5314 66.7086 8
      vertex 81.6213 65.3787 8
    endloop
  endfacet
  facet normal -0 0 1
    outer loop
      vertex 80.4192 66.5808 8
      vertex 81.6213 65.3787 8
      vertex 80.5314 66.7086 8
    endloop
  endfacet
  facet normal 0 0 1
    outer loop
      vertex 81.6213 65.3787 8
      vertex 80.4192 66.5808 8
      vertex 81.3263 65.1199 8
    endloop
  endfacet
  facet normal -0 0 1
    outer loop
      vertex 80.2914 66.4686 8
      vertex 81.3263 65.1199 8
      vertex 80.4192 66.5808 8
    endloop
  endfacet
  facet normal 0 0 1
    outer loop
      vertex 81.3263 65.1199 8
      vertex 80.2914 66.4686 8
      vertex 81 64.9019 8
    endloop
  endfacet
  facet normal -0 0 1
    outer loop
      vertex 80.15 66.3742 8
      vertex 81 64.9019 8
      vertex 80.2914 66.4686 8
    endloop
  endfacet
  facet normal 0 0 1
    outer loop
      vertex 81 64.9019 8
      vertex 80.15 66.3742 8
      vertex 80.648 64.7284 8
    endloop
  endfacet
  facet normal -0 0 1
    outer loop
      vertex 79.9975 66.299 8
      vertex 80.648 64.7284 8
      vertex 80.15 66.3742 8
    endloop
  endfacet
  facet normal 0 0 1
    outer loop
      vertex 80.648 64.7284 8
      vertex 79.9975 66.299 8
      vertex 80.2765 64.6022 8
    endloop
  endfacet
  facet normal -0 0 1
    outer loop
      vertex 79.8365 66.2443 8
      vertex 80.2765 64.6022 8
      vertex 79.9975 66.299 8
    endloop
  endfacet
  facet normal 0 0 1
    outer loop
      vertex 80.2765 64.6022 8
      vertex 79.8365 66.2443 8
      vertex 79.8916 64.5257 8
    endloop
  endfacet
  facet normal -0 0 1
    outer loop
      vertex 79.6697 66.2111 8
      vertex 79.8916 64.5257 8
      vertex 79.8365 66.2443 8
    endloop
  endfacet
  facet normal -0 0 1
    outer loop
      vertex 79.5 66.2 8
      vertex 79.8916 64.5257 8
      vertex 79.6697 66.2111 8
    endloop
  endfacet
  facet normal 0 0 1
    outer loop
      vertex 79.5 66.2 8
      vertex 79.5 64.5 8
      vertex 79.8916 64.5257 8
    endloop
  endfacet
  facet normal 0 0 1
    outer loop
      vertex 79.3303 66.2111 8
      vertex 79.5 64.5 8
      vertex 79.5 66.2 8
    endloop
  endfacet
  facet normal 0 0 1
    outer loop
      vertex 79.1084 64.5257 8
      vertex 79.3303 66.2111 8
      vertex 79.1635 66.2443 8
    endloop
  endfacet
  facet normal 0 0 1
    outer loop
      vertex 79.3303 66.2111 8
      vertex 79.1084 64.5257 8
      vertex 79.5 64.5 8
    endloop
  endfacet
  facet normal 0 0 1
    outer loop
      vertex 78.7235 64.6022 8
      vertex 79.1635 66.2443 8
      vertex 79.0025 66.299 8
    endloop
  endfacet
  facet normal 0 0 1
    outer loop
      vertex 78.352 64.7284 8
      vertex 79.0025 66.299 8
      vertex 78.85 66.3742 8
    endloop
  endfacet
  facet normal 0 0 1
    outer loop
      vertex 79.1635 66.2443 8
      vertex 78.7235 64.6022 8
      vertex 79.1084 64.5257 8
    endloop
  endfacet
  facet normal 0 0 1
    outer loop
      vertex 78 64.9019 8
      vertex 78.85 66.3742 8
      vertex 78.7086 66.4686 8
    endloop
  endfacet
  facet normal 0 0 1
    outer loop
      vertex 77.6737 65.1199 8
      vertex 78.7086 66.4686 8
      vertex 78.5808 66.5808 8
    endloop
  endfacet
  facet normal 0 0 1
    outer loop
      vertex 77.3787 65.3787 8
      vertex 78.5808 66.5808 8
      vertex 78.4686 66.7086 8
    endloop
  endfacet
  facet normal 0 0 1
    outer loop
      vertex 77.1199 65.6737 8
      vertex 78.4686 66.7086 8
      vertex 78.3742 66.85 8
    endloop
  endfacet
  facet normal 0 0 1
    outer loop
      vertex 79.0025 66.299 8
      vertex 78.352 64.7284 8
      vertex 78.7235 64.6022 8
    endloop
  endfacet
  facet normal 0 0 1
    outer loop
      vertex 76.9019 66 8
      vertex 78.3742 66.85 8
      vertex 78.299 67.0025 8
    endloop
  endfacet
  facet normal 0 0 1
    outer loop
      vertex 76.7284 66.352 8
      vertex 78.299 67.0025 8
      vertex 78.2443 67.1635 8
    endloop
  endfacet
  facet normal 0 0 1
    outer loop
      vertex 76.6022 66.7235 8
      vertex 78.2443 67.1635 8
      vertex 78.2111 67.3303 8
    endloop
  endfacet
  facet normal 0 0 1
    outer loop
      vertex 76.5257 67.1084 8
      vertex 78.2111 67.3303 8
      vertex 78.2 67.5 8
    endloop
  endfacet
  facet normal 0 0 1
    outer loop
      vertex 78.3742 68.15 8
      vertex 76.9019 69 8
      vertex 78.299 67.9975 8
    endloop
  endfacet
  facet normal 0 0 1
    outer loop
      vertex 78.85 66.3742 8
      vertex 78 64.9019 8
      vertex 78.352 64.7284 8
    endloop
  endfacet
  facet normal -0 0 1
    outer loop
      vertex 76.7284 68.648 8
      vertex 78.299 67.9975 8
      vertex 76.9019 69 8
    endloop
  endfacet
  facet normal 0 0 1
    outer loop
      vertex 78.7086 66.4686 8
      vertex 77.6737 65.1199 8
      vertex 78 64.9019 8
    endloop
  endfacet
  facet normal 0 0 1
    outer loop
      vertex 78.299 67.9975 8
      vertex 76.7284 68.648 8
      vertex 78.2443 67.8365 8
    endloop
  endfacet
  facet normal 0 0 1
    outer loop
      vertex 78.5808 66.5808 8
      vertex 77.3787 65.3787 8
      vertex 77.6737 65.1199 8
    endloop
  endfacet
  facet normal -0 0 1
    outer loop
      vertex 76.6022 68.2765 8
      vertex 78.2443 67.8365 8
      vertex 76.7284 68.648 8
    endloop
  endfacet
  facet normal 0 0 1
    outer loop
      vertex 78.4686 66.7086 8
      vertex 77.1199 65.6737 8
      vertex 77.3787 65.3787 8
    endloop
  endfacet
  facet normal 0 0 1
    outer loop
      vertex 78.2443 67.8365 8
      vertex 76.6022 68.2765 8
      vertex 78.2111 67.6697 8
    endloop
  endfacet
  facet normal 0 0 1
    outer loop
      vertex 78.3742 66.85 8
      vertex 76.9019 66 8
      vertex 77.1199 65.6737 8
    endloop
  endfacet
  facet normal -0 0 1
    outer loop
      vertex 76.5257 67.8916 8
      vertex 78.2111 67.6697 8
      vertex 76.6022 68.2765 8
    endloop
  endfacet
  facet normal 0 0 1
    outer loop
      vertex 78.299 67.0025 8
      vertex 76.7284 66.352 8
      vertex 76.9019 66 8
    endloop
  endfacet
  facet normal 0 0 1
    outer loop
      vertex 78.2111 67.6697 8
      vertex 76.5257 67.8916 8
      vertex 78.2 67.5 8
    endloop
  endfacet
  facet normal 0 0 1
    outer loop
      vertex 78.2443 67.1635 8
      vertex 76.6022 66.7235 8
      vertex 76.7284 66.352 8
    endloop
  endfacet
  facet normal 0 0 1
    outer loop
      vertex 76.5 67.5 8
      vertex 78.2 67.5 8
      vertex 76.5257 67.8916 8
    endloop
  endfacet
  facet normal 0 0 1
    outer loop
      vertex 78.2111 67.3303 8
      vertex 76.5257 67.1084 8
      vertex 76.6022 66.7235 8
    endloop
  endfacet
  facet normal 0 0 1
    outer loop
      vertex 78.2 67.5 8
      vertex 76.5 67.5 8
      vertex 76.5257 67.1084 8
    endloop
  endfacet
  facet normal -0.555523 0.831501 0
    outer loop
      vertex 78 70.0981 2
      vertex 77.6737 69.8801 8
      vertex 78 70.0981 8
    endloop
  endfacet
  facet normal -0.555523 0.831501 0
    outer loop
      vertex 77.6737 69.8801 8
      vertex 78 70.0981 2
      vertex 77.6737 69.8801 2
    endloop
  endfacet
  facet normal -0.659478 0.751724 0
    outer loop
      vertex 77.6737 69.8801 2
      vertex 77.3787 69.6213 8
      vertex 77.6737 69.8801 8
    endloop
  endfacet
  facet normal -0.659478 0.751724 0
    outer loop
      vertex 77.3787 69.6213 8
      vertex 77.6737 69.8801 2
      vertex 77.3787 69.6213 2
    endloop
  endfacet
  facet normal -0.321651 0.946858 0
    outer loop
      vertex 78.7235 70.3978 2
      vertex 78.352 70.2716 8
      vertex 78.7235 70.3978 8
    endloop
  endfacet
  facet normal -0.321651 0.946858 0
    outer loop
      vertex 78.352 70.2716 8
      vertex 78.7235 70.3978 2
      vertex 78.352 70.2716 2
    endloop
  endfacet
  facet normal 0.321651 -0.946858 0
    outer loop
      vertex 80.2765 64.6022 2
      vertex 80.648 64.7284 8
      vertex 80.2765 64.6022 8
    endloop
  endfacet
  facet normal 0.321651 -0.946858 0
    outer loop
      vertex 80.648 64.7284 8
      vertex 80.2765 64.6022 2
      vertex 80.648 64.7284 2
    endloop
  endfacet
  facet normal 0.751724 -0.659478 0
    outer loop
      vertex 81.6213 65.3787 8
      vertex 81.8801 65.6737 2
      vertex 81.8801 65.6737 8
    endloop
  endfacet
  facet normal 0.751724 -0.659478 0
    outer loop
      vertex 81.8801 65.6737 2
      vertex 81.6213 65.3787 8
      vertex 81.6213 65.3787 2
    endloop
  endfacet
  facet normal 0.555523 -0.831501 0
    outer loop
      vertex 81 64.9019 2
      vertex 81.3263 65.1199 8
      vertex 81 64.9019 8
    endloop
  endfacet
  facet normal 0.555523 -0.831501 0
    outer loop
      vertex 81.3263 65.1199 8
      vertex 81 64.9019 2
      vertex 81.3263 65.1199 2
    endloop
  endfacet
  facet normal 0.980815 -0.19494 0
    outer loop
      vertex 82.3978 66.7235 8
      vertex 82.4743 67.1084 2
      vertex 82.4743 67.1084 8
    endloop
  endfacet
  facet normal 0.980815 -0.19494 0
    outer loop
      vertex 82.4743 67.1084 2
      vertex 82.3978 66.7235 8
      vertex 82.3978 66.7235 2
    endloop
  endfacet
  facet normal -0.44211 -0.896961 0
    outer loop
      vertex 78 64.9019 2
      vertex 78.352 64.7284 8
      vertex 78 64.9019 8
    endloop
  endfacet
  facet normal -0.44211 -0.896961 -0
    outer loop
      vertex 78.352 64.7284 8
      vertex 78 64.9019 2
      vertex 78.352 64.7284 2
    endloop
  endfacet
  facet normal -0.0654873 -0.997853 0
    outer loop
      vertex 79.1084 64.5257 2
      vertex 79.5 64.5 8
      vertex 79.1084 64.5257 8
    endloop
  endfacet
  facet normal -0.0654873 -0.997853 -0
    outer loop
      vertex 79.5 64.5 8
      vertex 79.1084 64.5257 2
      vertex 79.5 64.5 2
    endloop
  endfacet
  facet normal -0.831501 -0.555523 0
    outer loop
      vertex 77.1199 65.6737 2
      vertex 76.9019 66 8
      vertex 76.9019 66 2
    endloop
  endfacet
  facet normal -0.831501 -0.555523 0
    outer loop
      vertex 76.9019 66 8
      vertex 77.1199 65.6737 2
      vertex 77.1199 65.6737 8
    endloop
  endfacet
  facet normal -0.659478 -0.751724 0
    outer loop
      vertex 77.3787 65.3787 2
      vertex 77.6737 65.1199 8
      vertex 77.3787 65.3787 8
    endloop
  endfacet
  facet normal -0.659478 -0.751724 -0
    outer loop
      vertex 77.6737 65.1199 8
      vertex 77.3787 65.3787 2
      vertex 77.6737 65.1199 2
    endloop
  endfacet
  facet normal -0.946858 -0.321651 0
    outer loop
      vertex 76.7284 66.352 2
      vertex 76.6022 66.7235 8
      vertex 76.6022 66.7235 2
    endloop
  endfacet
  facet normal -0.946858 -0.321651 0
    outer loop
      vertex 76.6022 66.7235 8
      vertex 76.7284 66.352 2
      vertex 76.7284 66.352 8
    endloop
  endfacet
  facet normal -0.997853 -0.0654873 0
    outer loop
      vertex 76.5257 67.1084 2
      vertex 76.5 67.5 8
      vertex 76.5 67.5 2
    endloop
  endfacet
  facet normal -0.997853 -0.0654873 0
    outer loop
      vertex 76.5 67.5 8
      vertex 76.5257 67.1084 2
      vertex 76.5257 67.1084 8
    endloop
  endfacet
  facet normal 0.44211 -0.896961 0
    outer loop
      vertex 80.648 64.7284 2
      vertex 81 64.9019 8
      vertex 80.648 64.7284 8
    endloop
  endfacet
  facet normal 0.44211 -0.896961 0
    outer loop
      vertex 81 64.9019 8
      vertex 80.648 64.7284 2
      vertex 81 64.9019 2
    endloop
  endfacet
  facet normal 0.659478 -0.751724 0
    outer loop
      vertex 81.3263 65.1199 2
      vertex 81.6213 65.3787 8
      vertex 81.3263 65.1199 8
    endloop
  endfacet
  facet normal 0.659478 -0.751724 0
    outer loop
      vertex 81.6213 65.3787 8
      vertex 81.3263 65.1199 2
      vertex 81.6213 65.3787 2
    endloop
  endfacet
  facet normal 0.896961 -0.44211 0
    outer loop
      vertex 82.0981 66 8
      vertex 82.2716 66.352 2
      vertex 82.2716 66.352 8
    endloop
  endfacet
  facet normal 0.896961 -0.44211 0
    outer loop
      vertex 82.2716 66.352 2
      vertex 82.0981 66 8
      vertex 82.0981 66 2
    endloop
  endfacet
  facet normal 0.997853 -0.0654873 0
    outer loop
      vertex 82.4743 67.1084 8
      vertex 82.5 67.5 2
      vertex 82.5 67.5 8
    endloop
  endfacet
  facet normal 0.997853 -0.0654873 0
    outer loop
      vertex 82.5 67.5 2
      vertex 82.4743 67.1084 8
      vertex 82.4743 67.1084 2
    endloop
  endfacet
  facet normal -0.321651 -0.946858 0
    outer loop
      vertex 78.352 64.7284 2
      vertex 78.7235 64.6022 8
      vertex 78.352 64.7284 8
    endloop
  endfacet
  facet normal -0.321651 -0.946858 -0
    outer loop
      vertex 78.7235 64.6022 8
      vertex 78.352 64.7284 2
      vertex 78.7235 64.6022 2
    endloop
  endfacet
  facet normal 0.0654873 -0.997853 0
    outer loop
      vertex 79.5 64.5 2
      vertex 79.8916 64.5257 8
      vertex 79.5 64.5 8
    endloop
  endfacet
  facet normal 0.0654873 -0.997853 0
    outer loop
      vertex 79.8916 64.5257 8
      vertex 79.5 64.5 2
      vertex 79.8916 64.5257 2
    endloop
  endfacet
  facet normal -0.751724 -0.659478 0
    outer loop
      vertex 77.3787 65.3787 2
      vertex 77.1199 65.6737 8
      vertex 77.1199 65.6737 2
    endloop
  endfacet
  facet normal -0.751724 -0.659478 0
    outer loop
      vertex 77.1199 65.6737 8
      vertex 77.3787 65.3787 2
      vertex 77.3787 65.3787 8
    endloop
  endfacet
  facet normal -0.896961 -0.44211 0
    outer loop
      vertex 76.9019 66 2
      vertex 76.7284 66.352 8
      vertex 76.7284 66.352 2
    endloop
  endfacet
  facet normal -0.896961 -0.44211 0
    outer loop
      vertex 76.7284 66.352 8
      vertex 76.9019 66 2
      vertex 76.9019 66 8
    endloop
  endfacet
  facet normal 0.946858 -0.321651 0
    outer loop
      vertex 82.2716 66.352 8
      vertex 82.3978 66.7235 2
      vertex 82.3978 66.7235 8
    endloop
  endfacet
  facet normal 0.946858 -0.321651 0
    outer loop
      vertex 82.3978 66.7235 2
      vertex 82.2716 66.352 8
      vertex 82.2716 66.352 2
    endloop
  endfacet
  facet normal -0.997859 -0.0653948 0
    outer loop
      vertex 5.8 4.5 2
      vertex 5.78888 4.66968 8
      vertex 5.78888 4.66968 2
    endloop
  endfacet
  facet normal -0.997859 -0.0653948 0
    outer loop
      vertex 5.78888 4.66968 8
      vertex 5.8 4.5 2
      vertex 5.8 4.5 8
    endloop
  endfacet
  facet normal 0.0653948 -0.997859 0
    outer loop
      vertex 4.33032 5.78888 2
      vertex 4.5 5.8 8
      vertex 4.33032 5.78888 8
    endloop
  endfacet
  facet normal 0.0653948 -0.997859 0
    outer loop
      vertex 4.5 5.8 8
      vertex 4.33032 5.78888 2
      vertex 4.5 5.8 2
    endloop
  endfacet
  facet normal -0.659341 -0.751844 0
    outer loop
      vertex 5.29139 5.53136 2
      vertex 5.41924 5.41924 8
      vertex 5.29139 5.53136 8
    endloop
  endfacet
  facet normal -0.659341 -0.751844 -0
    outer loop
      vertex 5.41924 5.41924 8
      vertex 5.29139 5.53136 2
      vertex 5.41924 5.41924 2
    endloop
  endfacet
  facet normal 0.751844 -0.659341 0
    outer loop
      vertex 3.46864 5.29139 8
      vertex 3.58076 5.41924 2
      vertex 3.58076 5.41924 8
    endloop
  endfacet
  facet normal 0.751844 -0.659341 0
    outer loop
      vertex 3.58076 5.41924 2
      vertex 3.46864 5.29139 8
      vertex 3.46864 5.29139 2
    endloop
  endfacet
  facet normal 0.442291 -0.896872 0
    outer loop
      vertex 3.85 5.62583 2
      vertex 4.00251 5.70104 8
      vertex 3.85 5.62583 8
    endloop
  endfacet
  facet normal 0.442291 -0.896872 0
    outer loop
      vertex 4.00251 5.70104 8
      vertex 3.85 5.62583 2
      vertex 4.00251 5.70104 2
    endloop
  endfacet
  facet normal -0.83148 0.555555 0
    outer loop
      vertex 5.53136 3.70861 2
      vertex 5.62583 3.85 8
      vertex 5.62583 3.85 2
    endloop
  endfacet
  facet normal -0.83148 0.555555 0
    outer loop
      vertex 5.62583 3.85 8
      vertex 5.53136 3.70861 2
      vertex 5.53136 3.70861 8
    endloop
  endfacet
  facet normal -0.896872 -0.442291 0
    outer loop
      vertex 5.70104 4.99749 2
      vertex 5.62583 5.15 8
      vertex 5.62583 5.15 2
    endloop
  endfacet
  facet normal -0.896872 -0.442291 0
    outer loop
      vertex 5.62583 5.15 8
      vertex 5.70104 4.99749 2
      vertex 5.70104 4.99749 8
    endloop
  endfacet
  facet normal -0.83148 -0.555555 0
    outer loop
      vertex 5.62583 5.15 2
      vertex 5.53136 5.29139 8
      vertex 5.53136 5.29139 2
    endloop
  endfacet
  facet normal -0.83148 -0.555555 0
    outer loop
      vertex 5.53136 5.29139 8
      vertex 5.62583 5.15 2
      vertex 5.62583 5.15 8
    endloop
  endfacet
  facet normal -0.321427 -0.946934 0
    outer loop
      vertex 4.83646 5.7557 2
      vertex 4.99749 5.70104 8
      vertex 4.83646 5.7557 8
    endloop
  endfacet
  facet normal -0.321427 -0.946934 -0
    outer loop
      vertex 4.99749 5.70104 8
      vertex 4.83646 5.7557 2
      vertex 4.99749 5.70104 2
    endloop
  endfacet
  facet normal -0.555555 -0.83148 0
    outer loop
      vertex 5.15 5.62583 2
      vertex 5.29139 5.53136 8
      vertex 5.15 5.62583 8
    endloop
  endfacet
  facet normal -0.555555 -0.83148 -0
    outer loop
      vertex 5.29139 5.53136 8
      vertex 5.15 5.62583 2
      vertex 5.29139 5.53136 2
    endloop
  endfacet
  facet normal 0.946934 -0.321427 0
    outer loop
      vertex 3.2443 4.83646 8
      vertex 3.29896 4.99749 2
      vertex 3.29896 4.99749 8
    endloop
  endfacet
  facet normal 0.946934 -0.321427 0
    outer loop
      vertex 3.29896 4.99749 2
      vertex 3.2443 4.83646 8
      vertex 3.2443 4.83646 2
    endloop
  endfacet
  facet normal 0 0 1
    outer loop
      vertex 5.78888 4.66968 2
      vertex 5.78888 4.33032 2
      vertex 5.8 4.5 2
    endloop
  endfacet
  facet normal 0 0 1
    outer loop
      vertex 5.7557 4.83646 2
      vertex 5.78888 4.33032 2
      vertex 5.78888 4.66968 2
    endloop
  endfacet
  facet normal 0 0 1
    outer loop
      vertex 5.7557 4.83646 2
      vertex 5.7557 4.16354 2
      vertex 5.78888 4.33032 2
    endloop
  endfacet
  facet normal 0 0 1
    outer loop
      vertex 5.70104 4.99749 2
      vertex 5.7557 4.16354 2
      vertex 5.7557 4.83646 2
    endloop
  endfacet
  facet normal 0 0 1
    outer loop
      vertex 5.70104 4.99749 2
      vertex 5.70104 4.00251 2
      vertex 5.7557 4.16354 2
    endloop
  endfacet
  facet normal 0 0 1
    outer loop
      vertex 5.62583 5.15 2
      vertex 5.70104 4.00251 2
      vertex 5.70104 4.99749 2
    endloop
  endfacet
  facet normal 0 0 1
    outer loop
      vertex 5.62583 5.15 2
      vertex 5.62583 3.85 2
      vertex 5.70104 4.00251 2
    endloop
  endfacet
  facet normal 0 0 1
    outer loop
      vertex 5.53136 5.29139 2
      vertex 5.62583 3.85 2
      vertex 5.62583 5.15 2
    endloop
  endfacet
  facet normal 0 0 1
    outer loop
      vertex 5.53136 5.29139 2
      vertex 5.53136 3.70861 2
      vertex 5.62583 3.85 2
    endloop
  endfacet
  facet normal 0 0 1
    outer loop
      vertex 5.41924 5.41924 2
      vertex 5.53136 3.70861 2
      vertex 5.53136 5.29139 2
    endloop
  endfacet
  facet normal 0 0 1
    outer loop
      vertex 5.41924 5.41924 2
      vertex 5.41924 3.58076 2
      vertex 5.53136 3.70861 2
    endloop
  endfacet
  facet normal 0 0 1
    outer loop
      vertex 5.29139 5.53136 2
      vertex 5.41924 3.58076 2
      vertex 5.41924 5.41924 2
    endloop
  endfacet
  facet normal 0 0 1
    outer loop
      vertex 5.29139 5.53136 2
      vertex 5.29139 3.46864 2
      vertex 5.41924 3.58076 2
    endloop
  endfacet
  facet normal 0 0 1
    outer loop
      vertex 5.15 5.62583 2
      vertex 5.29139 3.46864 2
      vertex 5.29139 5.53136 2
    endloop
  endfacet
  facet normal 0 0 1
    outer loop
      vertex 5.15 5.62583 2
      vertex 5.15 3.37417 2
      vertex 5.29139 3.46864 2
    endloop
  endfacet
  facet normal 0 0 1
    outer loop
      vertex 4.99749 5.70104 2
      vertex 5.15 3.37417 2
      vertex 5.15 5.62583 2
    endloop
  endfacet
  facet normal 0 0 1
    outer loop
      vertex 4.99749 5.70104 2
      vertex 4.99749 3.29896 2
      vertex 5.15 3.37417 2
    endloop
  endfacet
  facet normal 0 0 1
    outer loop
      vertex 4.83646 5.7557 2
      vertex 4.99749 3.29896 2
      vertex 4.99749 5.70104 2
    endloop
  endfacet
  facet normal 0 0 1
    outer loop
      vertex 4.83646 5.7557 2
      vertex 4.83646 3.2443 2
      vertex 4.99749 3.29896 2
    endloop
  endfacet
  facet normal 0 0 1
    outer loop
      vertex 4.66968 5.78888 2
      vertex 4.83646 3.2443 2
      vertex 4.83646 5.7557 2
    endloop
  endfacet
  facet normal 0 0 1
    outer loop
      vertex 4.66968 5.78888 2
      vertex 4.66968 3.21112 2
      vertex 4.83646 3.2443 2
    endloop
  endfacet
  facet normal 0 0 1
    outer loop
      vertex 4.5 5.8 2
      vertex 4.66968 3.21112 2
      vertex 4.66968 5.78888 2
    endloop
  endfacet
  facet normal 0 0 1
    outer loop
      vertex 4.5 5.8 2
      vertex 4.5 3.2 2
      vertex 4.66968 3.21112 2
    endloop
  endfacet
  facet normal -0 0 1
    outer loop
      vertex 4.33032 5.78888 2
      vertex 4.5 3.2 2
      vertex 4.5 5.8 2
    endloop
  endfacet
  facet normal 0 0 1
    outer loop
      vertex 4.33032 5.78888 2
      vertex 4.33032 3.21112 2
      vertex 4.5 3.2 2
    endloop
  endfacet
  facet normal -0 0 1
    outer loop
      vertex 4.16354 5.7557 2
      vertex 4.33032 3.21112 2
      vertex 4.33032 5.78888 2
    endloop
  endfacet
  facet normal 0 0 1
    outer loop
      vertex 4.16354 5.7557 2
      vertex 4.16354 3.2443 2
      vertex 4.33032 3.21112 2
    endloop
  endfacet
  facet normal -0 0 1
    outer loop
      vertex 4.00251 5.70104 2
      vertex 4.16354 3.2443 2
      vertex 4.16354 5.7557 2
    endloop
  endfacet
  facet normal 0 0 1
    outer loop
      vertex 4.00251 5.70104 2
      vertex 4.00251 3.29896 2
      vertex 4.16354 3.2443 2
    endloop
  endfacet
  facet normal -0 0 1
    outer loop
      vertex 3.85 5.62583 2
      vertex 4.00251 3.29896 2
      vertex 4.00251 5.70104 2
    endloop
  endfacet
  facet normal 0 0 1
    outer loop
      vertex 3.85 5.62583 2
      vertex 3.85 3.37417 2
      vertex 4.00251 3.29896 2
    endloop
  endfacet
  facet normal -0 0 1
    outer loop
      vertex 3.70861 5.53136 2
      vertex 3.85 3.37417 2
      vertex 3.85 5.62583 2
    endloop
  endfacet
  facet normal 0 0 1
    outer loop
      vertex 3.70861 5.53136 2
      vertex 3.70861 3.46864 2
      vertex 3.85 3.37417 2
    endloop
  endfacet
  facet normal -0 0 1
    outer loop
      vertex 3.58076 5.41924 2
      vertex 3.70861 3.46864 2
      vertex 3.70861 5.53136 2
    endloop
  endfacet
  facet normal 0 0 1
    outer loop
      vertex 3.58076 5.41924 2
      vertex 3.58076 3.58076 2
      vertex 3.70861 3.46864 2
    endloop
  endfacet
  facet normal -0 0 1
    outer loop
      vertex 3.46864 5.29139 2
      vertex 3.58076 3.58076 2
      vertex 3.58076 5.41924 2
    endloop
  endfacet
  facet normal 0 0 1
    outer loop
      vertex 3.46864 5.29139 2
      vertex 3.46864 3.70861 2
      vertex 3.58076 3.58076 2
    endloop
  endfacet
  facet normal -0 0 1
    outer loop
      vertex 3.37417 5.15 2
      vertex 3.46864 3.70861 2
      vertex 3.46864 5.29139 2
    endloop
  endfacet
  facet normal 0 0 1
    outer loop
      vertex 3.37417 5.15 2
      vertex 3.37417 3.85 2
      vertex 3.46864 3.70861 2
    endloop
  endfacet
  facet normal -0 0 1
    outer loop
      vertex 3.29896 4.99749 2
      vertex 3.37417 3.85 2
      vertex 3.37417 5.15 2
    endloop
  endfacet
  facet normal 0 0 1
    outer loop
      vertex 3.29896 4.99749 2
      vertex 3.29896 4.00251 2
      vertex 3.37417 3.85 2
    endloop
  endfacet
  facet normal -0 0 1
    outer loop
      vertex 3.2443 4.83646 2
      vertex 3.29896 4.00251 2
      vertex 3.29896 4.99749 2
    endloop
  endfacet
  facet normal 0 0 1
    outer loop
      vertex 3.2443 4.83646 2
      vertex 3.2443 4.16354 2
      vertex 3.29896 4.00251 2
    endloop
  endfacet
  facet normal -0 0 1
    outer loop
      vertex 3.21112 4.66968 2
      vertex 3.2443 4.16354 2
      vertex 3.2443 4.83646 2
    endloop
  endfacet
  facet normal 0 0 1
    outer loop
      vertex 3.21112 4.66968 2
      vertex 3.21112 4.33032 2
      vertex 3.2443 4.16354 2
    endloop
  endfacet
  facet normal 0 -0 1
    outer loop
      vertex 3.21112 4.33032 2
      vertex 3.21112 4.66968 2
      vertex 3.2 4.5 2
    endloop
  endfacet
  facet normal 0.896872 -0.442291 0
    outer loop
      vertex 3.29896 4.99749 8
      vertex 3.37417 5.15 2
      vertex 3.37417 5.15 8
    endloop
  endfacet
  facet normal 0.896872 -0.442291 0
    outer loop
      vertex 3.37417 5.15 2
      vertex 3.29896 4.99749 8
      vertex 3.29896 4.99749 2
    endloop
  endfacet
  facet normal 0.997859 -0.0653948 0
    outer loop
      vertex 3.2 4.5 8
      vertex 3.21112 4.66968 2
      vertex 3.21112 4.66968 8
    endloop
  endfacet
  facet normal 0.997859 -0.0653948 0
    outer loop
      vertex 3.21112 4.66968 2
      vertex 3.2 4.5 8
      vertex 3.2 4.5 2
    endloop
  endfacet
  facet normal 0.555555 -0.83148 0
    outer loop
      vertex 3.70861 5.53136 2
      vertex 3.85 5.62583 8
      vertex 3.70861 5.53136 8
    endloop
  endfacet
  facet normal 0.555555 -0.83148 0
    outer loop
      vertex 3.85 5.62583 8
      vertex 3.70861 5.53136 2
      vertex 3.85 5.62583 2
    endloop
  endfacet
  facet normal 0.195121 -0.980779 0
    outer loop
      vertex 4.16354 5.7557 2
      vertex 4.33032 5.78888 8
      vertex 4.16354 5.7557 8
    endloop
  endfacet
  facet normal 0.195121 -0.980779 0
    outer loop
      vertex 4.33032 5.78888 8
      vertex 4.16354 5.7557 2
      vertex 4.33032 5.78888 2
    endloop
  endfacet
  facet normal -0.997859 0.0653948 0
    outer loop
      vertex 5.78888 4.33032 2
      vertex 5.8 4.5 8
      vertex 5.8 4.5 2
    endloop
  endfacet
  facet normal -0.997859 0.0653948 0
    outer loop
      vertex 5.8 4.5 8
      vertex 5.78888 4.33032 2
      vertex 5.78888 4.33032 8
    endloop
  endfacet
  facet normal -0.195121 0.980779 0
    outer loop
      vertex 4.83646 3.2443 2
      vertex 4.66968 3.21112 8
      vertex 4.83646 3.2443 8
    endloop
  endfacet
  facet normal -0.195121 0.980779 0
    outer loop
      vertex 4.66968 3.21112 8
      vertex 4.83646 3.2443 2
      vertex 4.66968 3.21112 2
    endloop
  endfacet
  facet normal -0.946934 -0.321427 0
    outer loop
      vertex 5.7557 4.83646 2
      vertex 5.70104 4.99749 8
      vertex 5.70104 4.99749 2
    endloop
  endfacet
  facet normal -0.946934 -0.321427 0
    outer loop
      vertex 5.70104 4.99749 8
      vertex 5.7557 4.83646 2
      vertex 5.7557 4.83646 8
    endloop
  endfacet
  facet normal -0.980779 -0.195121 0
    outer loop
      vertex 5.78888 4.66968 2
      vertex 5.7557 4.83646 8
      vertex 5.7557 4.83646 2
    endloop
  endfacet
  facet normal -0.980779 -0.195121 0
    outer loop
      vertex 5.7557 4.83646 8
      vertex 5.78888 4.66968 2
      vertex 5.78888 4.66968 8
    endloop
  endfacet
  facet normal -0.751844 -0.659341 0
    outer loop
      vertex 5.53136 5.29139 2
      vertex 5.41924 5.41924 8
      vertex 5.41924 5.41924 2
    endloop
  endfacet
  facet normal -0.751844 -0.659341 0
    outer loop
      vertex 5.41924 5.41924 8
      vertex 5.53136 5.29139 2
      vertex 5.53136 5.29139 8
    endloop
  endfacet
  facet normal -0.195121 -0.980779 0
    outer loop
      vertex 4.66968 5.78888 2
      vertex 4.83646 5.7557 8
      vertex 4.66968 5.78888 8
    endloop
  endfacet
  facet normal -0.195121 -0.980779 -0
    outer loop
      vertex 4.83646 5.7557 8
      vertex 4.66968 5.78888 2
      vertex 4.83646 5.7557 2
    endloop
  endfacet
  facet normal -0.0653948 -0.997859 0
    outer loop
      vertex 4.5 5.8 2
      vertex 4.66968 5.78888 8
      vertex 4.5 5.8 8
    endloop
  endfacet
  facet normal -0.0653948 -0.997859 -0
    outer loop
      vertex 4.66968 5.78888 8
      vertex 4.5 5.8 2
      vertex 4.66968 5.78888 2
    endloop
  endfacet
  facet normal -0.442291 -0.896872 0
    outer loop
      vertex 4.99749 5.70104 2
      vertex 5.15 5.62583 8
      vertex 4.99749 5.70104 8
    endloop
  endfacet
  facet normal -0.442291 -0.896872 -0
    outer loop
      vertex 5.15 5.62583 8
      vertex 4.99749 5.70104 2
      vertex 5.15 5.62583 2
    endloop
  endfacet
  facet normal 0.83148 -0.555555 0
    outer loop
      vertex 3.37417 5.15 8
      vertex 3.46864 5.29139 2
      vertex 3.46864 5.29139 8
    endloop
  endfacet
  facet normal 0.83148 -0.555555 0
    outer loop
      vertex 3.46864 5.29139 2
      vertex 3.37417 5.15 8
      vertex 3.37417 5.15 2
    endloop
  endfacet
  facet normal 0.997859 0.0653948 0
    outer loop
      vertex 3.21112 4.33032 8
      vertex 3.2 4.5 2
      vertex 3.2 4.5 8
    endloop
  endfacet
  facet normal 0.997859 0.0653948 0
    outer loop
      vertex 3.2 4.5 2
      vertex 3.21112 4.33032 8
      vertex 3.21112 4.33032 2
    endloop
  endfacet
  facet normal 0.980779 -0.195121 0
    outer loop
      vertex 3.21112 4.66968 8
      vertex 3.2443 4.83646 2
      vertex 3.2443 4.83646 8
    endloop
  endfacet
  facet normal 0.980779 -0.195121 0
    outer loop
      vertex 3.2443 4.83646 2
      vertex 3.21112 4.66968 8
      vertex 3.21112 4.66968 2
    endloop
  endfacet
  facet normal 0.659341 -0.751844 0
    outer loop
      vertex 3.58076 5.41924 2
      vertex 3.70861 5.53136 8
      vertex 3.58076 5.41924 8
    endloop
  endfacet
  facet normal 0.659341 -0.751844 0
    outer loop
      vertex 3.70861 5.53136 8
      vertex 3.58076 5.41924 2
      vertex 3.70861 5.53136 2
    endloop
  endfacet
  facet normal 0.321427 -0.946934 0
    outer loop
      vertex 4.00251 5.70104 2
      vertex 4.16354 5.7557 8
      vertex 4.00251 5.70104 8
    endloop
  endfacet
  facet normal 0.321427 -0.946934 0
    outer loop
      vertex 4.16354 5.7557 8
      vertex 4.00251 5.70104 2
      vertex 4.16354 5.7557 2
    endloop
  endfacet
  facet normal -0.555555 0.83148 0
    outer loop
      vertex 5.29139 3.46864 2
      vertex 5.15 3.37417 8
      vertex 5.29139 3.46864 8
    endloop
  endfacet
  facet normal -0.555555 0.83148 0
    outer loop
      vertex 5.15 3.37417 8
      vertex 5.29139 3.46864 2
      vertex 5.15 3.37417 2
    endloop
  endfacet
  facet normal -0.946934 0.321427 0
    outer loop
      vertex 5.70104 4.00251 2
      vertex 5.7557 4.16354 8
      vertex 5.7557 4.16354 2
    endloop
  endfacet
  facet normal -0.946934 0.321427 0
    outer loop
      vertex 5.7557 4.16354 8
      vertex 5.70104 4.00251 2
      vertex 5.70104 4.00251 8
    endloop
  endfacet
  facet normal -0.896872 0.442291 0
    outer loop
      vertex 5.62583 3.85 2
      vertex 5.70104 4.00251 8
      vertex 5.70104 4.00251 2
    endloop
  endfacet
  facet normal -0.896872 0.442291 0
    outer loop
      vertex 5.70104 4.00251 8
      vertex 5.62583 3.85 2
      vertex 5.62583 3.85 8
    endloop
  endfacet
  facet normal 0.83148 0.555555 0
    outer loop
      vertex 3.46864 3.70861 8
      vertex 3.37417 3.85 2
      vertex 3.37417 3.85 8
    endloop
  endfacet
  facet normal 0.83148 0.555555 0
    outer loop
      vertex 3.37417 3.85 2
      vertex 3.46864 3.70861 8
      vertex 3.46864 3.70861 2
    endloop
  endfacet
  facet normal 0.896872 0.442291 0
    outer loop
      vertex 3.37417 3.85 8
      vertex 3.29896 4.00251 2
      vertex 3.29896 4.00251 8
    endloop
  endfacet
  facet normal 0.896872 0.442291 0
    outer loop
      vertex 3.29896 4.00251 2
      vertex 3.37417 3.85 8
      vertex 3.37417 3.85 2
    endloop
  endfacet
  facet normal -0.442291 0.896872 0
    outer loop
      vertex 5.15 3.37417 2
      vertex 4.99749 3.29896 8
      vertex 5.15 3.37417 8
    endloop
  endfacet
  facet normal -0.442291 0.896872 0
    outer loop
      vertex 4.99749 3.29896 8
      vertex 5.15 3.37417 2
      vertex 4.99749 3.29896 2
    endloop
  endfacet
  facet normal -0.321427 0.946934 0
    outer loop
      vertex 4.99749 3.29896 2
      vertex 4.83646 3.2443 8
      vertex 4.99749 3.29896 8
    endloop
  endfacet
  facet normal -0.321427 0.946934 0
    outer loop
      vertex 4.83646 3.2443 8
      vertex 4.99749 3.29896 2
      vertex 4.83646 3.2443 2
    endloop
  endfacet
  facet normal -0.980779 0.195121 0
    outer loop
      vertex 5.7557 4.16354 2
      vertex 5.78888 4.33032 8
      vertex 5.78888 4.33032 2
    endloop
  endfacet
  facet normal -0.980779 0.195121 0
    outer loop
      vertex 5.78888 4.33032 8
      vertex 5.7557 4.16354 2
      vertex 5.7557 4.16354 8
    endloop
  endfacet
  facet normal -0.0653948 0.997859 0
    outer loop
      vertex 4.66968 3.21112 2
      vertex 4.5 3.2 8
      vertex 4.66968 3.21112 8
    endloop
  endfacet
  facet normal -0.0653948 0.997859 0
    outer loop
      vertex 4.5 3.2 8
      vertex 4.66968 3.21112 2
      vertex 4.5 3.2 2
    endloop
  endfacet
  facet normal 0.321427 0.946934 -0
    outer loop
      vertex 4.16354 3.2443 2
      vertex 4.00251 3.29896 8
      vertex 4.16354 3.2443 8
    endloop
  endfacet
  facet normal 0.321427 0.946934 0
    outer loop
      vertex 4.00251 3.29896 8
      vertex 4.16354 3.2443 2
      vertex 4.00251 3.29896 2
    endloop
  endfacet
  facet normal 0.980779 0.195121 0
    outer loop
      vertex 3.2443 4.16354 8
      vertex 3.21112 4.33032 2
      vertex 3.21112 4.33032 8
    endloop
  endfacet
  facet normal 0.980779 0.195121 0
    outer loop
      vertex 3.21112 4.33032 2
      vertex 3.2443 4.16354 8
      vertex 3.2443 4.16354 2
    endloop
  endfacet
  facet normal -0.659341 0.751844 0
    outer loop
      vertex 5.41924 3.58076 2
      vertex 5.29139 3.46864 8
      vertex 5.41924 3.58076 8
    endloop
  endfacet
  facet normal -0.659341 0.751844 0
    outer loop
      vertex 5.29139 3.46864 8
      vertex 5.41924 3.58076 2
      vertex 5.29139 3.46864 2
    endloop
  endfacet
  facet normal -0.751844 0.659341 0
    outer loop
      vertex 5.41924 3.58076 2
      vertex 5.53136 3.70861 8
      vertex 5.53136 3.70861 2
    endloop
  endfacet
  facet normal -0.751844 0.659341 0
    outer loop
      vertex 5.53136 3.70861 8
      vertex 5.41924 3.58076 2
      vertex 5.41924 3.58076 8
    endloop
  endfacet
  facet normal 0.0653948 0.997859 -0
    outer loop
      vertex 4.5 3.2 2
      vertex 4.33032 3.21112 8
      vertex 4.5 3.2 8
    endloop
  endfacet
  facet normal 0.0653948 0.997859 0
    outer loop
      vertex 4.33032 3.21112 8
      vertex 4.5 3.2 2
      vertex 4.33032 3.21112 2
    endloop
  endfacet
  facet normal 0.555555 0.83148 -0
    outer loop
      vertex 3.85 3.37417 2
      vertex 3.70861 3.46864 8
      vertex 3.85 3.37417 8
    endloop
  endfacet
  facet normal 0.555555 0.83148 0
    outer loop
      vertex 3.70861 3.46864 8
      vertex 3.85 3.37417 2
      vertex 3.70861 3.46864 2
    endloop
  endfacet
  facet normal 0.659341 0.751844 -0
    outer loop
      vertex 3.70861 3.46864 2
      vertex 3.58076 3.58076 8
      vertex 3.70861 3.46864 8
    endloop
  endfacet
  facet normal 0.659341 0.751844 0
    outer loop
      vertex 3.58076 3.58076 8
      vertex 3.70861 3.46864 2
      vertex 3.58076 3.58076 2
    endloop
  endfacet
  facet normal 0.751844 0.659341 0
    outer loop
      vertex 3.58076 3.58076 8
      vertex 3.46864 3.70861 2
      vertex 3.46864 3.70861 8
    endloop
  endfacet
  facet normal 0.751844 0.659341 0
    outer loop
      vertex 3.46864 3.70861 2
      vertex 3.58076 3.58076 8
      vertex 3.58076 3.58076 2
    endloop
  endfacet
  facet normal 0.946934 0.321427 0
    outer loop
      vertex 3.29896 4.00251 8
      vertex 3.2443 4.16354 2
      vertex 3.2443 4.16354 8
    endloop
  endfacet
  facet normal 0.946934 0.321427 0
    outer loop
      vertex 3.2443 4.16354 2
      vertex 3.29896 4.00251 8
      vertex 3.29896 4.00251 2
    endloop
  endfacet
  facet normal 0.195121 0.980779 -0
    outer loop
      vertex 4.33032 3.21112 2
      vertex 4.16354 3.2443 8
      vertex 4.33032 3.21112 8
    endloop
  endfacet
  facet normal 0.195121 0.980779 0
    outer loop
      vertex 4.16354 3.2443 8
      vertex 4.33032 3.21112 2
      vertex 4.16354 3.2443 2
    endloop
  endfacet
  facet normal 0.442291 0.896872 -0
    outer loop
      vertex 4.00251 3.29896 2
      vertex 3.85 3.37417 8
      vertex 4.00251 3.29896 8
    endloop
  endfacet
  facet normal 0.442291 0.896872 0
    outer loop
      vertex 3.85 3.37417 8
      vertex 4.00251 3.29896 2
      vertex 3.85 3.37417 2
    endloop
  endfacet
  facet normal -0.896895 -0.442243 0
    outer loop
      vertex 80.701 4.99749 2
      vertex 80.6258 5.15 8
      vertex 80.6258 5.15 2
    endloop
  endfacet
  facet normal -0.896895 -0.442243 0
    outer loop
      vertex 80.6258 5.15 8
      vertex 80.701 4.99749 2
      vertex 80.701 4.99749 8
    endloop
  endfacet
  facet normal 0 0 1
    outer loop
      vertex 80.7889 4.66968 2
      vertex 80.7889 4.33032 2
      vertex 80.8 4.5 2
    endloop
  endfacet
  facet normal 0 0 1
    outer loop
      vertex 80.7557 4.83646 2
      vertex 80.7889 4.33032 2
      vertex 80.7889 4.66968 2
    endloop
  endfacet
  facet normal 0 0 1
    outer loop
      vertex 80.7557 4.83646 2
      vertex 80.7557 4.16354 2
      vertex 80.7889 4.33032 2
    endloop
  endfacet
  facet normal 0 0 1
    outer loop
      vertex 80.701 4.99749 2
      vertex 80.7557 4.16354 2
      vertex 80.7557 4.83646 2
    endloop
  endfacet
  facet normal 0 0 1
    outer loop
      vertex 80.701 4.99749 2
      vertex 80.701 4.00251 2
      vertex 80.7557 4.16354 2
    endloop
  endfacet
  facet normal 0 0 1
    outer loop
      vertex 80.6258 5.15 2
      vertex 80.701 4.00251 2
      vertex 80.701 4.99749 2
    endloop
  endfacet
  facet normal 0 0 1
    outer loop
      vertex 80.6258 5.15 2
      vertex 80.6258 3.85 2
      vertex 80.701 4.00251 2
    endloop
  endfacet
  facet normal 0 0 1
    outer loop
      vertex 80.5314 5.29139 2
      vertex 80.6258 3.85 2
      vertex 80.6258 5.15 2
    endloop
  endfacet
  facet normal 0 0 1
    outer loop
      vertex 80.5314 5.29139 2
      vertex 80.5314 3.70861 2
      vertex 80.6258 3.85 2
    endloop
  endfacet
  facet normal 0 0 1
    outer loop
      vertex 80.4192 5.41924 2
      vertex 80.5314 3.70861 2
      vertex 80.5314 5.29139 2
    endloop
  endfacet
  facet normal 0 0 1
    outer loop
      vertex 80.4192 5.41924 2
      vertex 80.4192 3.58076 2
      vertex 80.5314 3.70861 2
    endloop
  endfacet
  facet normal 0 0 1
    outer loop
      vertex 80.2914 5.53136 2
      vertex 80.4192 3.58076 2
      vertex 80.4192 5.41924 2
    endloop
  endfacet
  facet normal 0 0 1
    outer loop
      vertex 80.2914 5.53136 2
      vertex 80.2914 3.46864 2
      vertex 80.4192 3.58076 2
    endloop
  endfacet
  facet normal 0 0 1
    outer loop
      vertex 80.15 5.62583 2
      vertex 80.2914 3.46864 2
      vertex 80.2914 5.53136 2
    endloop
  endfacet
  facet normal 0 0 1
    outer loop
      vertex 80.15 5.62583 2
      vertex 80.15 3.37417 2
      vertex 80.2914 3.46864 2
    endloop
  endfacet
  facet normal 0 0 1
    outer loop
      vertex 79.9975 5.70104 2
      vertex 80.15 3.37417 2
      vertex 80.15 5.62583 2
    endloop
  endfacet
  facet normal 0 0 1
    outer loop
      vertex 79.9975 5.70104 2
      vertex 79.9975 3.29896 2
      vertex 80.15 3.37417 2
    endloop
  endfacet
  facet normal 0 0 1
    outer loop
      vertex 79.8365 5.7557 2
      vertex 79.9975 3.29896 2
      vertex 79.9975 5.70104 2
    endloop
  endfacet
  facet normal 0 0 1
    outer loop
      vertex 79.8365 5.7557 2
      vertex 79.8365 3.2443 2
      vertex 79.9975 3.29896 2
    endloop
  endfacet
  facet normal 0 0 1
    outer loop
      vertex 79.6697 5.78888 2
      vertex 79.8365 3.2443 2
      vertex 79.8365 5.7557 2
    endloop
  endfacet
  facet normal 0 0 1
    outer loop
      vertex 79.6697 5.78888 2
      vertex 79.6697 3.21112 2
      vertex 79.8365 3.2443 2
    endloop
  endfacet
  facet normal 0 0 1
    outer loop
      vertex 79.5 5.8 2
      vertex 79.6697 3.21112 2
      vertex 79.6697 5.78888 2
    endloop
  endfacet
  facet normal 0 0 1
    outer loop
      vertex 79.5 5.8 2
      vertex 79.5 3.2 2
      vertex 79.6697 3.21112 2
    endloop
  endfacet
  facet normal -0 0 1
    outer loop
      vertex 79.3303 5.78888 2
      vertex 79.5 3.2 2
      vertex 79.5 5.8 2
    endloop
  endfacet
  facet normal 0 0 1
    outer loop
      vertex 79.3303 5.78888 2
      vertex 79.3303 3.21112 2
      vertex 79.5 3.2 2
    endloop
  endfacet
  facet normal -0 0 1
    outer loop
      vertex 79.1635 5.7557 2
      vertex 79.3303 3.21112 2
      vertex 79.3303 5.78888 2
    endloop
  endfacet
  facet normal 0 0 1
    outer loop
      vertex 79.1635 5.7557 2
      vertex 79.1635 3.2443 2
      vertex 79.3303 3.21112 2
    endloop
  endfacet
  facet normal -0 0 1
    outer loop
      vertex 79.0025 5.70104 2
      vertex 79.1635 3.2443 2
      vertex 79.1635 5.7557 2
    endloop
  endfacet
  facet normal 0 0 1
    outer loop
      vertex 79.0025 5.70104 2
      vertex 79.0025 3.29896 2
      vertex 79.1635 3.2443 2
    endloop
  endfacet
  facet normal -0 0 1
    outer loop
      vertex 78.85 5.62583 2
      vertex 79.0025 3.29896 2
      vertex 79.0025 5.70104 2
    endloop
  endfacet
  facet normal 0 0 1
    outer loop
      vertex 78.85 5.62583 2
      vertex 78.85 3.37417 2
      vertex 79.0025 3.29896 2
    endloop
  endfacet
  facet normal -0 0 1
    outer loop
      vertex 78.7086 5.53136 2
      vertex 78.85 3.37417 2
      vertex 78.85 5.62583 2
    endloop
  endfacet
  facet normal 0 0 1
    outer loop
      vertex 78.7086 5.53136 2
      vertex 78.7086 3.46864 2
      vertex 78.85 3.37417 2
    endloop
  endfacet
  facet normal -0 0 1
    outer loop
      vertex 78.5808 5.41924 2
      vertex 78.7086 3.46864 2
      vertex 78.7086 5.53136 2
    endloop
  endfacet
  facet normal 0 0 1
    outer loop
      vertex 78.5808 5.41924 2
      vertex 78.5808 3.58076 2
      vertex 78.7086 3.46864 2
    endloop
  endfacet
  facet normal -0 0 1
    outer loop
      vertex 78.4686 5.29139 2
      vertex 78.5808 3.58076 2
      vertex 78.5808 5.41924 2
    endloop
  endfacet
  facet normal 0 0 1
    outer loop
      vertex 78.4686 5.29139 2
      vertex 78.4686 3.70861 2
      vertex 78.5808 3.58076 2
    endloop
  endfacet
  facet normal -0 0 1
    outer loop
      vertex 78.3742 5.15 2
      vertex 78.4686 3.70861 2
      vertex 78.4686 5.29139 2
    endloop
  endfacet
  facet normal 0 0 1
    outer loop
      vertex 78.3742 5.15 2
      vertex 78.3742 3.85 2
      vertex 78.4686 3.70861 2
    endloop
  endfacet
  facet normal -0 0 1
    outer loop
      vertex 78.299 4.99749 2
      vertex 78.3742 3.85 2
      vertex 78.3742 5.15 2
    endloop
  endfacet
  facet normal 0 0 1
    outer loop
      vertex 78.299 4.99749 2
      vertex 78.299 4.00251 2
      vertex 78.3742 3.85 2
    endloop
  endfacet
  facet normal -0 0 1
    outer loop
      vertex 78.2443 4.83646 2
      vertex 78.299 4.00251 2
      vertex 78.299 4.99749 2
    endloop
  endfacet
  facet normal 0 0 1
    outer loop
      vertex 78.2443 4.83646 2
      vertex 78.2443 4.16354 2
      vertex 78.299 4.00251 2
    endloop
  endfacet
  facet normal -0 0 1
    outer loop
      vertex 78.2111 4.66968 2
      vertex 78.2443 4.16354 2
      vertex 78.2443 4.83646 2
    endloop
  endfacet
  facet normal 0 0 1
    outer loop
      vertex 78.2111 4.66968 2
      vertex 78.2111 4.33032 2
      vertex 78.2443 4.16354 2
    endloop
  endfacet
  facet normal 0 -0 1
    outer loop
      vertex 78.2111 4.33032 2
      vertex 78.2111 4.66968 2
      vertex 78.2 4.5 2
    endloop
  endfacet
  facet normal -0.83167 -0.55527 0
    outer loop
      vertex 80.6258 5.15 2
      vertex 80.5314 5.29139 8
      vertex 80.5314 5.29139 2
    endloop
  endfacet
  facet normal -0.83167 -0.55527 0
    outer loop
      vertex 80.5314 5.29139 8
      vertex 80.6258 5.15 2
      vertex 80.6258 5.15 8
    endloop
  endfacet
  facet normal -0.321481 -0.946916 0
    outer loop
      vertex 79.8365 5.7557 2
      vertex 79.9975 5.70104 8
      vertex 79.8365 5.7557 8
    endloop
  endfacet
  facet normal -0.321481 -0.946916 -0
    outer loop
      vertex 79.9975 5.70104 8
      vertex 79.8365 5.7557 2
      vertex 79.9975 5.70104 2
    endloop
  endfacet
  facet normal 0.442314 -0.89686 0
    outer loop
      vertex 78.85 5.62583 2
      vertex 79.0025 5.70104 8
      vertex 78.85 5.62583 8
    endloop
  endfacet
  facet normal 0.442314 -0.89686 0
    outer loop
      vertex 79.0025 5.70104 8
      vertex 78.85 5.62583 2
      vertex 79.0025 5.70104 2
    endloop
  endfacet
  facet normal 0.946863 -0.321638 0
    outer loop
      vertex 78.2443 4.83646 8
      vertex 78.299 4.99749 2
      vertex 78.299 4.99749 8
    endloop
  endfacet
  facet normal 0.946863 -0.321638 0
    outer loop
      vertex 78.299 4.99749 2
      vertex 78.2443 4.83646 8
      vertex 78.2443 4.83646 2
    endloop
  endfacet
  facet normal -0.442314 0.89686 0
    outer loop
      vertex 80.15 3.37417 2
      vertex 79.9975 3.29896 8
      vertex 80.15 3.37417 8
    endloop
  endfacet
  facet normal -0.442314 0.89686 0
    outer loop
      vertex 79.9975 3.29896 8
      vertex 80.15 3.37417 2
      vertex 79.9975 3.29896 2
    endloop
  endfacet
  facet normal 0.0653872 -0.99786 0
    outer loop
      vertex 79.3303 5.78888 2
      vertex 79.5 5.8 8
      vertex 79.3303 5.78888 8
    endloop
  endfacet
  facet normal 0.0653872 -0.99786 0
    outer loop
      vertex 79.5 5.8 8
      vertex 79.3303 5.78888 2
      vertex 79.5 5.8 2
    endloop
  endfacet
  facet normal 0.997867 -0.0652777 0
    outer loop
      vertex 78.2 4.5 8
      vertex 78.2111 4.66968 2
      vertex 78.2111 4.66968 8
    endloop
  endfacet
  facet normal 0.997867 -0.0652777 0
    outer loop
      vertex 78.2111 4.66968 2
      vertex 78.2 4.5 8
      vertex 78.2 4.5 2
    endloop
  endfacet
  facet normal 0.83167 -0.55527 0
    outer loop
      vertex 78.3742 5.15 8
      vertex 78.4686 5.29139 2
      vertex 78.4686 5.29139 8
    endloop
  endfacet
  facet normal 0.83167 -0.55527 0
    outer loop
      vertex 78.4686 5.29139 2
      vertex 78.3742 5.15 8
      vertex 78.3742 5.15 2
    endloop
  endfacet
  facet normal 0.555528 -0.831498 0
    outer loop
      vertex 78.7086 5.53136 2
      vertex 78.85 5.62583 8
      vertex 78.7086 5.53136 8
    endloop
  endfacet
  facet normal 0.555528 -0.831498 0
    outer loop
      vertex 78.85 5.62583 8
      vertex 78.7086 5.53136 2
      vertex 78.85 5.62583 2
    endloop
  endfacet
  facet normal 0.659487 -0.751716 0
    outer loop
      vertex 78.5808 5.41924 2
      vertex 78.7086 5.53136 8
      vertex 78.5808 5.41924 8
    endloop
  endfacet
  facet normal 0.659487 -0.751716 0
    outer loop
      vertex 78.7086 5.53136 8
      vertex 78.5808 5.41924 2
      vertex 78.7086 5.53136 2
    endloop
  endfacet
  facet normal -0.997867 -0.0652777 0
    outer loop
      vertex 80.8 4.5 2
      vertex 80.7889 4.66968 8
      vertex 80.7889 4.66968 2
    endloop
  endfacet
  facet normal -0.997867 -0.0652777 0
    outer loop
      vertex 80.7889 4.66968 8
      vertex 80.8 4.5 2
      vertex 80.8 4.5 8
    endloop
  endfacet
  facet normal -0.555528 0.831498 0
    outer loop
      vertex 80.2914 3.46864 2
      vertex 80.15 3.37417 8
      vertex 80.2914 3.46864 8
    endloop
  endfacet
  facet normal -0.555528 0.831498 0
    outer loop
      vertex 80.15 3.37417 8
      vertex 80.2914 3.46864 2
      vertex 80.15 3.37417 2
    endloop
  endfacet
  facet normal -0.946863 0.321638 0
    outer loop
      vertex 80.701 4.00251 2
      vertex 80.7557 4.16354 8
      vertex 80.7557 4.16354 2
    endloop
  endfacet
  facet normal -0.946863 0.321638 0
    outer loop
      vertex 80.7557 4.16354 8
      vertex 80.701 4.00251 2
      vertex 80.701 4.00251 8
    endloop
  endfacet
  facet normal -0.321481 0.946916 0
    outer loop
      vertex 79.9975 3.29896 2
      vertex 79.8365 3.2443 8
      vertex 79.9975 3.29896 8
    endloop
  endfacet
  facet normal -0.321481 0.946916 0
    outer loop
      vertex 79.8365 3.2443 8
      vertex 79.9975 3.29896 2
      vertex 79.8365 3.2443 2
    endloop
  endfacet
  facet normal -0.946863 -0.321638 0
    outer loop
      vertex 80.7557 4.83646 2
      vertex 80.701 4.99749 8
      vertex 80.701 4.99749 2
    endloop
  endfacet
  facet normal -0.946863 -0.321638 0
    outer loop
      vertex 80.701 4.99749 8
      vertex 80.7557 4.83646 2
      vertex 80.7557 4.83646 8
    endloop
  endfacet
  facet normal -0.659487 -0.751716 0
    outer loop
      vertex 80.2914 5.53136 2
      vertex 80.4192 5.41924 8
      vertex 80.2914 5.53136 8
    endloop
  endfacet
  facet normal -0.659487 -0.751716 -0
    outer loop
      vertex 80.4192 5.41924 8
      vertex 80.2914 5.53136 2
      vertex 80.4192 5.41924 2
    endloop
  endfacet
  facet normal -0.195098 -0.980784 0
    outer loop
      vertex 79.6697 5.78888 2
      vertex 79.8365 5.7557 8
      vertex 79.6697 5.78888 8
    endloop
  endfacet
  facet normal -0.195098 -0.980784 -0
    outer loop
      vertex 79.8365 5.7557 8
      vertex 79.6697 5.78888 2
      vertex 79.8365 5.7557 2
    endloop
  endfacet
  facet normal -0.0653872 -0.99786 0
    outer loop
      vertex 79.5 5.8 2
      vertex 79.6697 5.78888 8
      vertex 79.5 5.8 8
    endloop
  endfacet
  facet normal -0.0653872 -0.99786 -0
    outer loop
      vertex 79.6697 5.78888 8
      vertex 79.5 5.8 2
      vertex 79.6697 5.78888 2
    endloop
  endfacet
  facet normal -0.555528 -0.831498 0
    outer loop
      vertex 80.15 5.62583 2
      vertex 80.2914 5.53136 8
      vertex 80.15 5.62583 8
    endloop
  endfacet
  facet normal -0.555528 -0.831498 -0
    outer loop
      vertex 80.2914 5.53136 8
      vertex 80.15 5.62583 2
      vertex 80.2914 5.53136 2
    endloop
  endfacet
  facet normal -0.442314 -0.89686 0
    outer loop
      vertex 79.9975 5.70104 2
      vertex 80.15 5.62583 8
      vertex 79.9975 5.70104 8
    endloop
  endfacet
  facet normal -0.442314 -0.89686 -0
    outer loop
      vertex 80.15 5.62583 8
      vertex 79.9975 5.70104 2
      vertex 80.15 5.62583 2
    endloop
  endfacet
  facet normal 0.997867 0.0652777 0
    outer loop
      vertex 78.2111 4.33032 8
      vertex 78.2 4.5 2
      vertex 78.2 4.5 8
    endloop
  endfacet
  facet normal 0.997867 0.0652777 0
    outer loop
      vertex 78.2 4.5 2
      vertex 78.2111 4.33032 8
      vertex 78.2111 4.33032 2
    endloop
  endfacet
  facet normal 0.980757 -0.195234 0
    outer loop
      vertex 78.2111 4.66968 8
      vertex 78.2443 4.83646 2
      vertex 78.2443 4.83646 8
    endloop
  endfacet
  facet normal 0.980757 -0.195234 0
    outer loop
      vertex 78.2443 4.83646 2
      vertex 78.2111 4.66968 8
      vertex 78.2111 4.66968 2
    endloop
  endfacet
  facet normal 0.896895 -0.442243 0
    outer loop
      vertex 78.299 4.99749 8
      vertex 78.3742 5.15 2
      vertex 78.3742 5.15 8
    endloop
  endfacet
  facet normal 0.896895 -0.442243 0
    outer loop
      vertex 78.3742 5.15 2
      vertex 78.299 4.99749 8
      vertex 78.299 4.99749 2
    endloop
  endfacet
  facet normal 0.195098 -0.980784 0
    outer loop
      vertex 79.1635 5.7557 2
      vertex 79.3303 5.78888 8
      vertex 79.1635 5.7557 8
    endloop
  endfacet
  facet normal 0.195098 -0.980784 0
    outer loop
      vertex 79.3303 5.78888 8
      vertex 79.1635 5.7557 2
      vertex 79.3303 5.78888 2
    endloop
  endfacet
  facet normal 0.321481 -0.946916 0
    outer loop
      vertex 79.0025 5.70104 2
      vertex 79.1635 5.7557 8
      vertex 79.0025 5.70104 8
    endloop
  endfacet
  facet normal 0.321481 -0.946916 0
    outer loop
      vertex 79.1635 5.7557 8
      vertex 79.0025 5.70104 2
      vertex 79.1635 5.7557 2
    endloop
  endfacet
  facet normal 0.751611 -0.659607 0
    outer loop
      vertex 78.4686 5.29139 8
      vertex 78.5808 5.41924 2
      vertex 78.5808 5.41924 8
    endloop
  endfacet
  facet normal 0.751611 -0.659607 0
    outer loop
      vertex 78.5808 5.41924 2
      vertex 78.4686 5.29139 8
      vertex 78.4686 5.29139 2
    endloop
  endfacet
  facet normal -0.997867 0.0652777 0
    outer loop
      vertex 80.7889 4.33032 2
      vertex 80.8 4.5 8
      vertex 80.8 4.5 2
    endloop
  endfacet
  facet normal -0.997867 0.0652777 0
    outer loop
      vertex 80.8 4.5 8
      vertex 80.7889 4.33032 2
      vertex 80.7889 4.33032 8
    endloop
  endfacet
  facet normal -0.83167 0.55527 0
    outer loop
      vertex 80.5314 3.70861 2
      vertex 80.6258 3.85 8
      vertex 80.6258 3.85 2
    endloop
  endfacet
  facet normal -0.83167 0.55527 0
    outer loop
      vertex 80.6258 3.85 8
      vertex 80.5314 3.70861 2
      vertex 80.5314 3.70861 8
    endloop
  endfacet
  facet normal -0.896895 0.442243 0
    outer loop
      vertex 80.6258 3.85 2
      vertex 80.701 4.00251 8
      vertex 80.701 4.00251 2
    endloop
  endfacet
  facet normal -0.896895 0.442243 0
    outer loop
      vertex 80.701 4.00251 8
      vertex 80.6258 3.85 2
      vertex 80.6258 3.85 8
    endloop
  endfacet
  facet normal 0.751611 0.659607 0
    outer loop
      vertex 78.5808 3.58076 8
      vertex 78.4686 3.70861 2
      vertex 78.4686 3.70861 8
    endloop
  endfacet
  facet normal 0.751611 0.659607 0
    outer loop
      vertex 78.4686 3.70861 2
      vertex 78.5808 3.58076 8
      vertex 78.5808 3.58076 2
    endloop
  endfacet
  facet normal -0.195098 0.980784 0
    outer loop
      vertex 79.8365 3.2443 2
      vertex 79.6697 3.21112 8
      vertex 79.8365 3.2443 8
    endloop
  endfacet
  facet normal -0.195098 0.980784 0
    outer loop
      vertex 79.6697 3.21112 8
      vertex 79.8365 3.2443 2
      vertex 79.6697 3.21112 2
    endloop
  endfacet
  facet normal -0.980757 -0.195234 0
    outer loop
      vertex 80.7889 4.66968 2
      vertex 80.7557 4.83646 8
      vertex 80.7557 4.83646 2
    endloop
  endfacet
  facet normal -0.980757 -0.195234 0
    outer loop
      vertex 80.7557 4.83646 8
      vertex 80.7889 4.66968 2
      vertex 80.7889 4.66968 8
    endloop
  endfacet
  facet normal -0.751611 -0.659607 0
    outer loop
      vertex 80.5314 5.29139 2
      vertex 80.4192 5.41924 8
      vertex 80.4192 5.41924 2
    endloop
  endfacet
  facet normal -0.751611 -0.659607 0
    outer loop
      vertex 80.4192 5.41924 8
      vertex 80.5314 5.29139 2
      vertex 80.5314 5.29139 8
    endloop
  endfacet
  facet normal -0.0653872 0.99786 0
    outer loop
      vertex 79.6697 3.21112 2
      vertex 79.5 3.2 8
      vertex 79.6697 3.21112 8
    endloop
  endfacet
  facet normal -0.0653872 0.99786 0
    outer loop
      vertex 79.5 3.2 8
      vertex 79.6697 3.21112 2
      vertex 79.5 3.2 2
    endloop
  endfacet
  facet normal 0.980757 0.195234 0
    outer loop
      vertex 78.2443 4.16354 8
      vertex 78.2111 4.33032 2
      vertex 78.2111 4.33032 8
    endloop
  endfacet
  facet normal 0.980757 0.195234 0
    outer loop
      vertex 78.2111 4.33032 2
      vertex 78.2443 4.16354 8
      vertex 78.2443 4.16354 2
    endloop
  endfacet
  facet normal 0.896895 0.442243 0
    outer loop
      vertex 78.3742 3.85 8
      vertex 78.299 4.00251 2
      vertex 78.299 4.00251 8
    endloop
  endfacet
  facet normal 0.896895 0.442243 0
    outer loop
      vertex 78.299 4.00251 2
      vertex 78.3742 3.85 8
      vertex 78.3742 3.85 2
    endloop
  endfacet
  facet normal 0.83167 0.55527 0
    outer loop
      vertex 78.4686 3.70861 8
      vertex 78.3742 3.85 2
      vertex 78.3742 3.85 8
    endloop
  endfacet
  facet normal 0.83167 0.55527 0
    outer loop
      vertex 78.3742 3.85 2
      vertex 78.4686 3.70861 8
      vertex 78.4686 3.70861 2
    endloop
  endfacet
  facet normal -0.659487 0.751716 0
    outer loop
      vertex 80.4192 3.58076 2
      vertex 80.2914 3.46864 8
      vertex 80.4192 3.58076 8
    endloop
  endfacet
  facet normal -0.659487 0.751716 0
    outer loop
      vertex 80.2914 3.46864 8
      vertex 80.4192 3.58076 2
      vertex 80.2914 3.46864 2
    endloop
  endfacet
  facet normal -0.980757 0.195234 0
    outer loop
      vertex 80.7557 4.16354 2
      vertex 80.7889 4.33032 8
      vertex 80.7889 4.33032 2
    endloop
  endfacet
  facet normal -0.980757 0.195234 0
    outer loop
      vertex 80.7889 4.33032 8
      vertex 80.7557 4.16354 2
      vertex 80.7557 4.16354 8
    endloop
  endfacet
  facet normal 0.321481 0.946916 -0
    outer loop
      vertex 79.1635 3.2443 2
      vertex 79.0025 3.29896 8
      vertex 79.1635 3.2443 8
    endloop
  endfacet
  facet normal 0.321481 0.946916 0
    outer loop
      vertex 79.0025 3.29896 8
      vertex 79.1635 3.2443 2
      vertex 79.0025 3.29896 2
    endloop
  endfacet
  facet normal 0.555528 0.831498 -0
    outer loop
      vertex 78.85 3.37417 2
      vertex 78.7086 3.46864 8
      vertex 78.85 3.37417 8
    endloop
  endfacet
  facet normal 0.555528 0.831498 0
    outer loop
      vertex 78.7086 3.46864 8
      vertex 78.85 3.37417 2
      vertex 78.7086 3.46864 2
    endloop
  endfacet
  facet normal 0.0653872 0.99786 -0
    outer loop
      vertex 79.5 3.2 2
      vertex 79.3303 3.21112 8
      vertex 79.5 3.2 8
    endloop
  endfacet
  facet normal 0.0653872 0.99786 0
    outer loop
      vertex 79.3303 3.21112 8
      vertex 79.5 3.2 2
      vertex 79.3303 3.21112 2
    endloop
  endfacet
  facet normal 0.946863 0.321638 0
    outer loop
      vertex 78.299 4.00251 8
      vertex 78.2443 4.16354 2
      vertex 78.2443 4.16354 8
    endloop
  endfacet
  facet normal 0.946863 0.321638 0
    outer loop
      vertex 78.2443 4.16354 2
      vertex 78.299 4.00251 8
      vertex 78.299 4.00251 2
    endloop
  endfacet
  facet normal 0.659487 0.751716 -0
    outer loop
      vertex 78.7086 3.46864 2
      vertex 78.5808 3.58076 8
      vertex 78.7086 3.46864 8
    endloop
  endfacet
  facet normal 0.659487 0.751716 0
    outer loop
      vertex 78.5808 3.58076 8
      vertex 78.7086 3.46864 2
      vertex 78.5808 3.58076 2
    endloop
  endfacet
  facet normal -0.751611 0.659607 0
    outer loop
      vertex 80.4192 3.58076 2
      vertex 80.5314 3.70861 8
      vertex 80.5314 3.70861 2
    endloop
  endfacet
  facet normal -0.751611 0.659607 0
    outer loop
      vertex 80.5314 3.70861 8
      vertex 80.4192 3.58076 2
      vertex 80.4192 3.58076 8
    endloop
  endfacet
  facet normal 0.442314 0.89686 -0
    outer loop
      vertex 79.0025 3.29896 2
      vertex 78.85 3.37417 8
      vertex 79.0025 3.29896 8
    endloop
  endfacet
  facet normal 0.442314 0.89686 0
    outer loop
      vertex 78.85 3.37417 8
      vertex 79.0025 3.29896 2
      vertex 78.85 3.37417 2
    endloop
  endfacet
  facet normal 0.195098 0.980784 -0
    outer loop
      vertex 79.3303 3.21112 2
      vertex 79.1635 3.2443 8
      vertex 79.3303 3.21112 8
    endloop
  endfacet
  facet normal 0.195098 0.980784 0
    outer loop
      vertex 79.1635 3.2443 8
      vertex 79.3303 3.21112 2
      vertex 79.1635 3.2443 2
    endloop
  endfacet
  facet normal -0.89686 -0.442314 0
    outer loop
      vertex 5.70104 67.9975 2
      vertex 5.62583 68.15 8
      vertex 5.62583 68.15 2
    endloop
  endfacet
  facet normal -0.89686 -0.442314 0
    outer loop
      vertex 5.62583 68.15 8
      vertex 5.70104 67.9975 2
      vertex 5.70104 67.9975 8
    endloop
  endfacet
  facet normal 0 0 1
    outer loop
      vertex 5.78888 67.6697 2
      vertex 5.78888 67.3303 2
      vertex 5.8 67.5 2
    endloop
  endfacet
  facet normal 0 0 1
    outer loop
      vertex 5.7557 67.8365 2
      vertex 5.78888 67.3303 2
      vertex 5.78888 67.6697 2
    endloop
  endfacet
  facet normal 0 0 1
    outer loop
      vertex 5.7557 67.8365 2
      vertex 5.7557 67.1635 2
      vertex 5.78888 67.3303 2
    endloop
  endfacet
  facet normal 0 0 1
    outer loop
      vertex 5.70104 67.9975 2
      vertex 5.7557 67.1635 2
      vertex 5.7557 67.8365 2
    endloop
  endfacet
  facet normal 0 0 1
    outer loop
      vertex 5.70104 67.9975 2
      vertex 5.70104 67.0025 2
      vertex 5.7557 67.1635 2
    endloop
  endfacet
  facet normal 0 0 1
    outer loop
      vertex 5.62583 68.15 2
      vertex 5.70104 67.0025 2
      vertex 5.70104 67.9975 2
    endloop
  endfacet
  facet normal 0 0 1
    outer loop
      vertex 5.62583 68.15 2
      vertex 5.62583 66.85 2
      vertex 5.70104 67.0025 2
    endloop
  endfacet
  facet normal 0 0 1
    outer loop
      vertex 5.53136 68.2914 2
      vertex 5.62583 66.85 2
      vertex 5.62583 68.15 2
    endloop
  endfacet
  facet normal 0 0 1
    outer loop
      vertex 5.53136 68.2914 2
      vertex 5.53136 66.7086 2
      vertex 5.62583 66.85 2
    endloop
  endfacet
  facet normal 0 0 1
    outer loop
      vertex 5.41924 68.4192 2
      vertex 5.53136 66.7086 2
      vertex 5.53136 68.2914 2
    endloop
  endfacet
  facet normal 0 0 1
    outer loop
      vertex 5.41924 68.4192 2
      vertex 5.41924 66.5808 2
      vertex 5.53136 66.7086 2
    endloop
  endfacet
  facet normal 0 0 1
    outer loop
      vertex 5.29139 68.5314 2
      vertex 5.41924 66.5808 2
      vertex 5.41924 68.4192 2
    endloop
  endfacet
  facet normal 0 0 1
    outer loop
      vertex 5.29139 68.5314 2
      vertex 5.29139 66.4686 2
      vertex 5.41924 66.5808 2
    endloop
  endfacet
  facet normal 0 0 1
    outer loop
      vertex 5.15 68.6258 2
      vertex 5.29139 66.4686 2
      vertex 5.29139 68.5314 2
    endloop
  endfacet
  facet normal 0 0 1
    outer loop
      vertex 5.15 68.6258 2
      vertex 5.15 66.3742 2
      vertex 5.29139 66.4686 2
    endloop
  endfacet
  facet normal 0 0 1
    outer loop
      vertex 4.99749 68.701 2
      vertex 5.15 66.3742 2
      vertex 5.15 68.6258 2
    endloop
  endfacet
  facet normal 0 0 1
    outer loop
      vertex 4.99749 68.701 2
      vertex 4.99749 66.299 2
      vertex 5.15 66.3742 2
    endloop
  endfacet
  facet normal 0 0 1
    outer loop
      vertex 4.83646 68.7557 2
      vertex 4.99749 66.299 2
      vertex 4.99749 68.701 2
    endloop
  endfacet
  facet normal 0 0 1
    outer loop
      vertex 4.83646 68.7557 2
      vertex 4.83646 66.2443 2
      vertex 4.99749 66.299 2
    endloop
  endfacet
  facet normal 0 0 1
    outer loop
      vertex 4.66968 68.7889 2
      vertex 4.83646 66.2443 2
      vertex 4.83646 68.7557 2
    endloop
  endfacet
  facet normal 0 0 1
    outer loop
      vertex 4.66968 68.7889 2
      vertex 4.66968 66.2111 2
      vertex 4.83646 66.2443 2
    endloop
  endfacet
  facet normal 0 0 1
    outer loop
      vertex 4.5 68.8 2
      vertex 4.66968 66.2111 2
      vertex 4.66968 68.7889 2
    endloop
  endfacet
  facet normal 0 0 1
    outer loop
      vertex 4.5 68.8 2
      vertex 4.5 66.2 2
      vertex 4.66968 66.2111 2
    endloop
  endfacet
  facet normal -0 0 1
    outer loop
      vertex 4.33032 68.7889 2
      vertex 4.5 66.2 2
      vertex 4.5 68.8 2
    endloop
  endfacet
  facet normal 0 0 1
    outer loop
      vertex 4.33032 68.7889 2
      vertex 4.33032 66.2111 2
      vertex 4.5 66.2 2
    endloop
  endfacet
  facet normal -0 0 1
    outer loop
      vertex 4.16354 68.7557 2
      vertex 4.33032 66.2111 2
      vertex 4.33032 68.7889 2
    endloop
  endfacet
  facet normal 0 0 1
    outer loop
      vertex 4.16354 68.7557 2
      vertex 4.16354 66.2443 2
      vertex 4.33032 66.2111 2
    endloop
  endfacet
  facet normal -0 0 1
    outer loop
      vertex 4.00251 68.701 2
      vertex 4.16354 66.2443 2
      vertex 4.16354 68.7557 2
    endloop
  endfacet
  facet normal 0 0 1
    outer loop
      vertex 4.00251 68.701 2
      vertex 4.00251 66.299 2
      vertex 4.16354 66.2443 2
    endloop
  endfacet
  facet normal -0 0 1
    outer loop
      vertex 3.85 68.6258 2
      vertex 4.00251 66.299 2
      vertex 4.00251 68.701 2
    endloop
  endfacet
  facet normal 0 0 1
    outer loop
      vertex 3.85 68.6258 2
      vertex 3.85 66.3742 2
      vertex 4.00251 66.299 2
    endloop
  endfacet
  facet normal -0 0 1
    outer loop
      vertex 3.70861 68.5314 2
      vertex 3.85 66.3742 2
      vertex 3.85 68.6258 2
    endloop
  endfacet
  facet normal 0 0 1
    outer loop
      vertex 3.70861 68.5314 2
      vertex 3.70861 66.4686 2
      vertex 3.85 66.3742 2
    endloop
  endfacet
  facet normal -0 0 1
    outer loop
      vertex 3.58076 68.4192 2
      vertex 3.70861 66.4686 2
      vertex 3.70861 68.5314 2
    endloop
  endfacet
  facet normal 0 0 1
    outer loop
      vertex 3.58076 68.4192 2
      vertex 3.58076 66.5808 2
      vertex 3.70861 66.4686 2
    endloop
  endfacet
  facet normal -0 0 1
    outer loop
      vertex 3.46864 68.2914 2
      vertex 3.58076 66.5808 2
      vertex 3.58076 68.4192 2
    endloop
  endfacet
  facet normal 0 0 1
    outer loop
      vertex 3.46864 68.2914 2
      vertex 3.46864 66.7086 2
      vertex 3.58076 66.5808 2
    endloop
  endfacet
  facet normal -0 0 1
    outer loop
      vertex 3.37417 68.15 2
      vertex 3.46864 66.7086 2
      vertex 3.46864 68.2914 2
    endloop
  endfacet
  facet normal 0 0 1
    outer loop
      vertex 3.37417 68.15 2
      vertex 3.37417 66.85 2
      vertex 3.46864 66.7086 2
    endloop
  endfacet
  facet normal -0 0 1
    outer loop
      vertex 3.29896 67.9975 2
      vertex 3.37417 66.85 2
      vertex 3.37417 68.15 2
    endloop
  endfacet
  facet normal 0 0 1
    outer loop
      vertex 3.29896 67.9975 2
      vertex 3.29896 67.0025 2
      vertex 3.37417 66.85 2
    endloop
  endfacet
  facet normal -0 0 1
    outer loop
      vertex 3.2443 67.8365 2
      vertex 3.29896 67.0025 2
      vertex 3.29896 67.9975 2
    endloop
  endfacet
  facet normal 0 0 1
    outer loop
      vertex 3.2443 67.8365 2
      vertex 3.2443 67.1635 2
      vertex 3.29896 67.0025 2
    endloop
  endfacet
  facet normal -0 0 1
    outer loop
      vertex 3.21112 67.6697 2
      vertex 3.2443 67.1635 2
      vertex 3.2443 67.8365 2
    endloop
  endfacet
  facet normal 0 0 1
    outer loop
      vertex 3.21112 67.6697 2
      vertex 3.21112 67.3303 2
      vertex 3.2443 67.1635 2
    endloop
  endfacet
  facet normal 0 -0 1
    outer loop
      vertex 3.21112 67.3303 2
      vertex 3.21112 67.6697 2
      vertex 3.2 67.5 2
    endloop
  endfacet
  facet normal -0.831498 -0.555528 0
    outer loop
      vertex 5.62583 68.15 2
      vertex 5.53136 68.2914 8
      vertex 5.53136 68.2914 2
    endloop
  endfacet
  facet normal -0.831498 -0.555528 0
    outer loop
      vertex 5.53136 68.2914 8
      vertex 5.62583 68.15 2
      vertex 5.62583 68.15 8
    endloop
  endfacet
  facet normal -0.321638 -0.946863 0
    outer loop
      vertex 4.83646 68.7557 2
      vertex 4.99749 68.701 8
      vertex 4.83646 68.7557 8
    endloop
  endfacet
  facet normal -0.321638 -0.946863 -0
    outer loop
      vertex 4.99749 68.701 8
      vertex 4.83646 68.7557 2
      vertex 4.99749 68.701 2
    endloop
  endfacet
  facet normal 0.442243 -0.896895 0
    outer loop
      vertex 3.85 68.6258 2
      vertex 4.00251 68.701 8
      vertex 3.85 68.6258 8
    endloop
  endfacet
  facet normal 0.442243 -0.896895 0
    outer loop
      vertex 4.00251 68.701 8
      vertex 3.85 68.6258 2
      vertex 4.00251 68.701 2
    endloop
  endfacet
  facet normal 0.946916 -0.321481 0
    outer loop
      vertex 3.2443 67.8365 8
      vertex 3.29896 67.9975 2
      vertex 3.29896 67.9975 8
    endloop
  endfacet
  facet normal 0.946916 -0.321481 0
    outer loop
      vertex 3.29896 67.9975 2
      vertex 3.2443 67.8365 8
      vertex 3.2443 67.8365 2
    endloop
  endfacet
  facet normal 0.0652777 -0.997867 0
    outer loop
      vertex 4.33032 68.7889 2
      vertex 4.5 68.8 8
      vertex 4.33032 68.7889 8
    endloop
  endfacet
  facet normal 0.0652777 -0.997867 0
    outer loop
      vertex 4.5 68.8 8
      vertex 4.33032 68.7889 2
      vertex 4.5 68.8 2
    endloop
  endfacet
  facet normal -0.442243 -0.896895 0
    outer loop
      vertex 4.99749 68.701 2
      vertex 5.15 68.6258 8
      vertex 4.99749 68.701 8
    endloop
  endfacet
  facet normal -0.442243 -0.896895 -0
    outer loop
      vertex 5.15 68.6258 8
      vertex 4.99749 68.701 2
      vertex 5.15 68.6258 2
    endloop
  endfacet
  facet normal 0.99786 0.0653872 0
    outer loop
      vertex 3.21112 67.3303 8
      vertex 3.2 67.5 2
      vertex 3.2 67.5 8
    endloop
  endfacet
  facet normal 0.99786 0.0653872 0
    outer loop
      vertex 3.2 67.5 2
      vertex 3.21112 67.3303 8
      vertex 3.21112 67.3303 2
    endloop
  endfacet
  facet normal 0.831498 -0.555528 0
    outer loop
      vertex 3.37417 68.15 8
      vertex 3.46864 68.2914 2
      vertex 3.46864 68.2914 8
    endloop
  endfacet
  facet normal 0.831498 -0.555528 0
    outer loop
      vertex 3.46864 68.2914 2
      vertex 3.37417 68.15 8
      vertex 3.37417 68.15 2
    endloop
  endfacet
  facet normal 0.55527 -0.83167 0
    outer loop
      vertex 3.70861 68.5314 2
      vertex 3.85 68.6258 8
      vertex 3.70861 68.5314 8
    endloop
  endfacet
  facet normal 0.55527 -0.83167 0
    outer loop
      vertex 3.85 68.6258 8
      vertex 3.70861 68.5314 2
      vertex 3.85 68.6258 2
    endloop
  endfacet
  facet normal 0.321638 -0.946863 0
    outer loop
      vertex 4.00251 68.701 2
      vertex 4.16354 68.7557 8
      vertex 4.00251 68.701 8
    endloop
  endfacet
  facet normal 0.321638 -0.946863 0
    outer loop
      vertex 4.16354 68.7557 8
      vertex 4.00251 68.701 2
      vertex 4.16354 68.7557 2
    endloop
  endfacet
  facet normal -0.99786 -0.0653872 0
    outer loop
      vertex 5.8 67.5 2
      vertex 5.78888 67.6697 8
      vertex 5.78888 67.6697 2
    endloop
  endfacet
  facet normal -0.99786 -0.0653872 0
    outer loop
      vertex 5.78888 67.6697 8
      vertex 5.8 67.5 2
      vertex 5.8 67.5 8
    endloop
  endfacet
  facet normal -0.946916 0.321481 0
    outer loop
      vertex 5.70104 67.0025 2
      vertex 5.7557 67.1635 8
      vertex 5.7557 67.1635 2
    endloop
  endfacet
  facet normal -0.946916 0.321481 0
    outer loop
      vertex 5.7557 67.1635 8
      vertex 5.70104 67.0025 2
      vertex 5.70104 67.0025 8
    endloop
  endfacet
  facet normal 0.55527 0.83167 -0
    outer loop
      vertex 3.85 66.3742 2
      vertex 3.70861 66.4686 8
      vertex 3.85 66.3742 8
    endloop
  endfacet
  facet normal 0.55527 0.83167 0
    outer loop
      vertex 3.70861 66.4686 8
      vertex 3.85 66.3742 2
      vertex 3.70861 66.4686 2
    endloop
  endfacet
  facet normal 0.831498 0.555528 0
    outer loop
      vertex 3.46864 66.7086 8
      vertex 3.37417 66.85 2
      vertex 3.37417 66.85 8
    endloop
  endfacet
  facet normal 0.831498 0.555528 0
    outer loop
      vertex 3.37417 66.85 2
      vertex 3.46864 66.7086 8
      vertex 3.46864 66.7086 2
    endloop
  endfacet
  facet normal -0.55527 0.83167 0
    outer loop
      vertex 5.29139 66.4686 2
      vertex 5.15 66.3742 8
      vertex 5.29139 66.4686 8
    endloop
  endfacet
  facet normal -0.55527 0.83167 0
    outer loop
      vertex 5.15 66.3742 8
      vertex 5.29139 66.4686 2
      vertex 5.15 66.3742 2
    endloop
  endfacet
  facet normal -0.946916 -0.321481 0
    outer loop
      vertex 5.7557 67.8365 2
      vertex 5.70104 67.9975 8
      vertex 5.70104 67.9975 2
    endloop
  endfacet
  facet normal -0.946916 -0.321481 0
    outer loop
      vertex 5.70104 67.9975 8
      vertex 5.7557 67.8365 2
      vertex 5.7557 67.8365 8
    endloop
  endfacet
  facet normal -0.659607 -0.751611 0
    outer loop
      vertex 5.29139 68.5314 2
      vertex 5.41924 68.4192 8
      vertex 5.29139 68.5314 8
    endloop
  endfacet
  facet normal -0.659607 -0.751611 -0
    outer loop
      vertex 5.41924 68.4192 8
      vertex 5.29139 68.5314 2
      vertex 5.41924 68.4192 2
    endloop
  endfacet
  facet normal -0.195234 -0.980757 0
    outer loop
      vertex 4.66968 68.7889 2
      vertex 4.83646 68.7557 8
      vertex 4.66968 68.7889 8
    endloop
  endfacet
  facet normal -0.195234 -0.980757 -0
    outer loop
      vertex 4.83646 68.7557 8
      vertex 4.66968 68.7889 2
      vertex 4.83646 68.7557 2
    endloop
  endfacet
  facet normal -0.0652777 -0.997867 0
    outer loop
      vertex 4.5 68.8 2
      vertex 4.66968 68.7889 8
      vertex 4.5 68.8 8
    endloop
  endfacet
  facet normal -0.0652777 -0.997867 -0
    outer loop
      vertex 4.66968 68.7889 8
      vertex 4.5 68.8 2
      vertex 4.66968 68.7889 2
    endloop
  endfacet
  facet normal -0.55527 -0.83167 0
    outer loop
      vertex 5.15 68.6258 2
      vertex 5.29139 68.5314 8
      vertex 5.15 68.6258 8
    endloop
  endfacet
  facet normal -0.55527 -0.83167 -0
    outer loop
      vertex 5.29139 68.5314 8
      vertex 5.15 68.6258 2
      vertex 5.29139 68.5314 2
    endloop
  endfacet
  facet normal 0.980784 -0.195098 0
    outer loop
      vertex 3.21112 67.6697 8
      vertex 3.2443 67.8365 2
      vertex 3.2443 67.8365 8
    endloop
  endfacet
  facet normal 0.980784 -0.195098 0
    outer loop
      vertex 3.2443 67.8365 2
      vertex 3.21112 67.6697 8
      vertex 3.21112 67.6697 2
    endloop
  endfacet
  facet normal 0.99786 -0.0653872 0
    outer loop
      vertex 3.2 67.5 8
      vertex 3.21112 67.6697 2
      vertex 3.21112 67.6697 8
    endloop
  endfacet
  facet normal 0.99786 -0.0653872 0
    outer loop
      vertex 3.21112 67.6697 2
      vertex 3.2 67.5 8
      vertex 3.2 67.5 2
    endloop
  endfacet
  facet normal 0.89686 -0.442314 0
    outer loop
      vertex 3.29896 67.9975 8
      vertex 3.37417 68.15 2
      vertex 3.37417 68.15 8
    endloop
  endfacet
  facet normal 0.89686 -0.442314 0
    outer loop
      vertex 3.37417 68.15 2
      vertex 3.29896 67.9975 8
      vertex 3.29896 67.9975 2
    endloop
  endfacet
  facet normal 0.195234 -0.980757 0
    outer loop
      vertex 4.16354 68.7557 2
      vertex 4.33032 68.7889 8
      vertex 4.16354 68.7557 8
    endloop
  endfacet
  facet normal 0.195234 -0.980757 0
    outer loop
      vertex 4.33032 68.7889 8
      vertex 4.16354 68.7557 2
      vertex 4.33032 68.7889 2
    endloop
  endfacet
  facet normal 0.659607 -0.751611 0
    outer loop
      vertex 3.58076 68.4192 2
      vertex 3.70861 68.5314 8
      vertex 3.58076 68.4192 8
    endloop
  endfacet
  facet normal 0.659607 -0.751611 0
    outer loop
      vertex 3.70861 68.5314 8
      vertex 3.58076 68.4192 2
      vertex 3.70861 68.5314 2
    endloop
  endfacet
  facet normal 0.751716 -0.659487 0
    outer loop
      vertex 3.46864 68.2914 8
      vertex 3.58076 68.4192 2
      vertex 3.58076 68.4192 8
    endloop
  endfacet
  facet normal 0.751716 -0.659487 0
    outer loop
      vertex 3.58076 68.4192 2
      vertex 3.46864 68.2914 8
      vertex 3.46864 68.2914 2
    endloop
  endfacet
  facet normal -0.99786 0.0653872 0
    outer loop
      vertex 5.78888 67.3303 2
      vertex 5.8 67.5 8
      vertex 5.8 67.5 2
    endloop
  endfacet
  facet normal -0.99786 0.0653872 0
    outer loop
      vertex 5.8 67.5 8
      vertex 5.78888 67.3303 2
      vertex 5.78888 67.3303 8
    endloop
  endfacet
  facet normal -0.831498 0.555528 0
    outer loop
      vertex 5.53136 66.7086 2
      vertex 5.62583 66.85 8
      vertex 5.62583 66.85 2
    endloop
  endfacet
  facet normal -0.831498 0.555528 0
    outer loop
      vertex 5.62583 66.85 8
      vertex 5.53136 66.7086 2
      vertex 5.53136 66.7086 8
    endloop
  endfacet
  facet normal -0.0652777 0.997867 0
    outer loop
      vertex 4.66968 66.2111 2
      vertex 4.5 66.2 8
      vertex 4.66968 66.2111 8
    endloop
  endfacet
  facet normal -0.0652777 0.997867 0
    outer loop
      vertex 4.5 66.2 8
      vertex 4.66968 66.2111 2
      vertex 4.5 66.2 2
    endloop
  endfacet
  facet normal 0.89686 0.442314 0
    outer loop
      vertex 3.37417 66.85 8
      vertex 3.29896 67.0025 2
      vertex 3.29896 67.0025 8
    endloop
  endfacet
  facet normal 0.89686 0.442314 0
    outer loop
      vertex 3.29896 67.0025 2
      vertex 3.37417 66.85 8
      vertex 3.37417 66.85 2
    endloop
  endfacet
  facet normal 0.751716 0.659487 0
    outer loop
      vertex 3.58076 66.5808 8
      vertex 3.46864 66.7086 2
      vertex 3.46864 66.7086 8
    endloop
  endfacet
  facet normal 0.751716 0.659487 0
    outer loop
      vertex 3.46864 66.7086 2
      vertex 3.58076 66.5808 8
      vertex 3.58076 66.5808 2
    endloop
  endfacet
  facet normal -0.195234 0.980757 0
    outer loop
      vertex 4.83646 66.2443 2
      vertex 4.66968 66.2111 8
      vertex 4.83646 66.2443 8
    endloop
  endfacet
  facet normal -0.195234 0.980757 0
    outer loop
      vertex 4.66968 66.2111 8
      vertex 4.83646 66.2443 2
      vertex 4.66968 66.2111 2
    endloop
  endfacet
  facet normal -0.751716 0.659487 0
    outer loop
      vertex 5.41924 66.5808 2
      vertex 5.53136 66.7086 8
      vertex 5.53136 66.7086 2
    endloop
  endfacet
  facet normal -0.751716 0.659487 0
    outer loop
      vertex 5.53136 66.7086 8
      vertex 5.41924 66.5808 2
      vertex 5.41924 66.5808 8
    endloop
  endfacet
  facet normal -0.980784 -0.195098 0
    outer loop
      vertex 5.78888 67.6697 2
      vertex 5.7557 67.8365 8
      vertex 5.7557 67.8365 2
    endloop
  endfacet
  facet normal -0.980784 -0.195098 0
    outer loop
      vertex 5.7557 67.8365 8
      vertex 5.78888 67.6697 2
      vertex 5.78888 67.6697 8
    endloop
  endfacet
  facet normal -0.751716 -0.659487 0
    outer loop
      vertex 5.53136 68.2914 2
      vertex 5.41924 68.4192 8
      vertex 5.41924 68.4192 2
    endloop
  endfacet
  facet normal -0.751716 -0.659487 0
    outer loop
      vertex 5.41924 68.4192 8
      vertex 5.53136 68.2914 2
      vertex 5.53136 68.2914 8
    endloop
  endfacet
  facet normal -0.980784 0.195098 0
    outer loop
      vertex 5.7557 67.1635 2
      vertex 5.78888 67.3303 8
      vertex 5.78888 67.3303 2
    endloop
  endfacet
  facet normal -0.980784 0.195098 0
    outer loop
      vertex 5.78888 67.3303 8
      vertex 5.7557 67.1635 2
      vertex 5.7557 67.1635 8
    endloop
  endfacet
  facet normal 0.980784 0.195098 0
    outer loop
      vertex 3.2443 67.1635 8
      vertex 3.21112 67.3303 2
      vertex 3.21112 67.3303 8
    endloop
  endfacet
  facet normal 0.980784 0.195098 0
    outer loop
      vertex 3.21112 67.3303 2
      vertex 3.2443 67.1635 8
      vertex 3.2443 67.1635 2
    endloop
  endfacet
  facet normal 0.659607 0.751611 -0
    outer loop
      vertex 3.70861 66.4686 2
      vertex 3.58076 66.5808 8
      vertex 3.70861 66.4686 8
    endloop
  endfacet
  facet normal 0.659607 0.751611 0
    outer loop
      vertex 3.58076 66.5808 8
      vertex 3.70861 66.4686 2
      vertex 3.58076 66.5808 2
    endloop
  endfacet
  facet normal -0.442243 0.896895 0
    outer loop
      vertex 5.15 66.3742 2
      vertex 4.99749 66.299 8
      vertex 5.15 66.3742 8
    endloop
  endfacet
  facet normal -0.442243 0.896895 0
    outer loop
      vertex 4.99749 66.299 8
      vertex 5.15 66.3742 2
      vertex 4.99749 66.299 2
    endloop
  endfacet
  facet normal -0.321638 0.946863 0
    outer loop
      vertex 4.99749 66.299 2
      vertex 4.83646 66.2443 8
      vertex 4.99749 66.299 8
    endloop
  endfacet
  facet normal -0.321638 0.946863 0
    outer loop
      vertex 4.83646 66.2443 8
      vertex 4.99749 66.299 2
      vertex 4.83646 66.2443 2
    endloop
  endfacet
  facet normal -0.659607 0.751611 0
    outer loop
      vertex 5.41924 66.5808 2
      vertex 5.29139 66.4686 8
      vertex 5.41924 66.5808 8
    endloop
  endfacet
  facet normal -0.659607 0.751611 0
    outer loop
      vertex 5.29139 66.4686 8
      vertex 5.41924 66.5808 2
      vertex 5.29139 66.4686 2
    endloop
  endfacet
  facet normal -0.89686 0.442314 0
    outer loop
      vertex 5.62583 66.85 2
      vertex 5.70104 67.0025 8
      vertex 5.70104 67.0025 2
    endloop
  endfacet
  facet normal -0.89686 0.442314 0
    outer loop
      vertex 5.70104 67.0025 8
      vertex 5.62583 66.85 2
      vertex 5.62583 66.85 8
    endloop
  endfacet
  facet normal 0.321638 0.946863 -0
    outer loop
      vertex 4.16354 66.2443 2
      vertex 4.00251 66.299 8
      vertex 4.16354 66.2443 8
    endloop
  endfacet
  facet normal 0.321638 0.946863 0
    outer loop
      vertex 4.00251 66.299 8
      vertex 4.16354 66.2443 2
      vertex 4.00251 66.299 2
    endloop
  endfacet
  facet normal 0.946916 0.321481 0
    outer loop
      vertex 3.29896 67.0025 8
      vertex 3.2443 67.1635 2
      vertex 3.2443 67.1635 8
    endloop
  endfacet
  facet normal 0.946916 0.321481 0
    outer loop
      vertex 3.2443 67.1635 2
      vertex 3.29896 67.0025 8
      vertex 3.29896 67.0025 2
    endloop
  endfacet
  facet normal 0.442243 0.896895 -0
    outer loop
      vertex 4.00251 66.299 2
      vertex 3.85 66.3742 8
      vertex 4.00251 66.299 8
    endloop
  endfacet
  facet normal 0.442243 0.896895 0
    outer loop
      vertex 3.85 66.3742 8
      vertex 4.00251 66.299 2
      vertex 3.85 66.3742 2
    endloop
  endfacet
  facet normal 0.195234 0.980757 -0
    outer loop
      vertex 4.33032 66.2111 2
      vertex 4.16354 66.2443 8
      vertex 4.33032 66.2111 8
    endloop
  endfacet
  facet normal 0.195234 0.980757 0
    outer loop
      vertex 4.16354 66.2443 8
      vertex 4.33032 66.2111 2
      vertex 4.16354 66.2443 2
    endloop
  endfacet
  facet normal 0.0652777 0.997867 -0
    outer loop
      vertex 4.5 66.2 2
      vertex 4.33032 66.2111 8
      vertex 4.5 66.2 8
    endloop
  endfacet
  facet normal 0.0652777 0.997867 0
    outer loop
      vertex 4.33032 66.2111 8
      vertex 4.5 66.2 2
      vertex 4.33032 66.2111 2
    endloop
  endfacet
  facet normal -0.896884 -0.442267 0
    outer loop
      vertex 80.701 67.9975 2
      vertex 80.6258 68.15 8
      vertex 80.6258 68.15 2
    endloop
  endfacet
  facet normal -0.896884 -0.442267 0
    outer loop
      vertex 80.6258 68.15 8
      vertex 80.701 67.9975 2
      vertex 80.701 67.9975 8
    endloop
  endfacet
  facet normal 0 0 1
    outer loop
      vertex 80.7889 67.6697 2
      vertex 80.7889 67.3303 2
      vertex 80.8 67.5 2
    endloop
  endfacet
  facet normal 0 0 1
    outer loop
      vertex 80.7557 67.8365 2
      vertex 80.7889 67.3303 2
      vertex 80.7889 67.6697 2
    endloop
  endfacet
  facet normal 0 0 1
    outer loop
      vertex 80.7557 67.8365 2
      vertex 80.7557 67.1635 2
      vertex 80.7889 67.3303 2
    endloop
  endfacet
  facet normal 0 0 1
    outer loop
      vertex 80.701 67.9975 2
      vertex 80.7557 67.1635 2
      vertex 80.7557 67.8365 2
    endloop
  endfacet
  facet normal 0 0 1
    outer loop
      vertex 80.701 67.9975 2
      vertex 80.701 67.0025 2
      vertex 80.7557 67.1635 2
    endloop
  endfacet
  facet normal 0 0 1
    outer loop
      vertex 80.6258 68.15 2
      vertex 80.701 67.0025 2
      vertex 80.701 67.9975 2
    endloop
  endfacet
  facet normal 0 0 1
    outer loop
      vertex 80.6258 68.15 2
      vertex 80.6258 66.85 2
      vertex 80.701 67.0025 2
    endloop
  endfacet
  facet normal 0 0 1
    outer loop
      vertex 80.5314 68.2914 2
      vertex 80.6258 66.85 2
      vertex 80.6258 68.15 2
    endloop
  endfacet
  facet normal 0 0 1
    outer loop
      vertex 80.5314 68.2914 2
      vertex 80.5314 66.7086 2
      vertex 80.6258 66.85 2
    endloop
  endfacet
  facet normal 0 0 1
    outer loop
      vertex 80.4192 68.4192 2
      vertex 80.5314 66.7086 2
      vertex 80.5314 68.2914 2
    endloop
  endfacet
  facet normal 0 0 1
    outer loop
      vertex 80.4192 68.4192 2
      vertex 80.4192 66.5808 2
      vertex 80.5314 66.7086 2
    endloop
  endfacet
  facet normal 0 0 1
    outer loop
      vertex 80.2914 68.5314 2
      vertex 80.4192 66.5808 2
      vertex 80.4192 68.4192 2
    endloop
  endfacet
  facet normal 0 0 1
    outer loop
      vertex 80.2914 68.5314 2
      vertex 80.2914 66.4686 2
      vertex 80.4192 66.5808 2
    endloop
  endfacet
  facet normal 0 0 1
    outer loop
      vertex 80.15 68.6258 2
      vertex 80.2914 66.4686 2
      vertex 80.2914 68.5314 2
    endloop
  endfacet
  facet normal 0 0 1
    outer loop
      vertex 80.15 68.6258 2
      vertex 80.15 66.3742 2
      vertex 80.2914 66.4686 2
    endloop
  endfacet
  facet normal 0 0 1
    outer loop
      vertex 79.9975 68.701 2
      vertex 80.15 66.3742 2
      vertex 80.15 68.6258 2
    endloop
  endfacet
  facet normal 0 0 1
    outer loop
      vertex 79.9975 68.701 2
      vertex 79.9975 66.299 2
      vertex 80.15 66.3742 2
    endloop
  endfacet
  facet normal 0 0 1
    outer loop
      vertex 79.8365 68.7557 2
      vertex 79.9975 66.299 2
      vertex 79.9975 68.701 2
    endloop
  endfacet
  facet normal 0 0 1
    outer loop
      vertex 79.8365 68.7557 2
      vertex 79.8365 66.2443 2
      vertex 79.9975 66.299 2
    endloop
  endfacet
  facet normal 0 0 1
    outer loop
      vertex 79.6697 68.7889 2
      vertex 79.8365 66.2443 2
      vertex 79.8365 68.7557 2
    endloop
  endfacet
  facet normal 0 0 1
    outer loop
      vertex 79.6697 68.7889 2
      vertex 79.6697 66.2111 2
      vertex 79.8365 66.2443 2
    endloop
  endfacet
  facet normal 0 0 1
    outer loop
      vertex 79.5 68.8 2
      vertex 79.6697 66.2111 2
      vertex 79.6697 68.7889 2
    endloop
  endfacet
  facet normal 0 0 1
    outer loop
      vertex 79.5 68.8 2
      vertex 79.5 66.2 2
      vertex 79.6697 66.2111 2
    endloop
  endfacet
  facet normal -0 0 1
    outer loop
      vertex 79.3303 68.7889 2
      vertex 79.5 66.2 2
      vertex 79.5 68.8 2
    endloop
  endfacet
  facet normal 0 0 1
    outer loop
      vertex 79.3303 68.7889 2
      vertex 79.3303 66.2111 2
      vertex 79.5 66.2 2
    endloop
  endfacet
  facet normal -0 0 1
    outer loop
      vertex 79.1635 68.7557 2
      vertex 79.3303 66.2111 2
      vertex 79.3303 68.7889 2
    endloop
  endfacet
  facet normal 0 0 1
    outer loop
      vertex 79.1635 68.7557 2
      vertex 79.1635 66.2443 2
      vertex 79.3303 66.2111 2
    endloop
  endfacet
  facet normal -0 0 1
    outer loop
      vertex 79.0025 68.701 2
      vertex 79.1635 66.2443 2
      vertex 79.1635 68.7557 2
    endloop
  endfacet
  facet normal 0 0 1
    outer loop
      vertex 79.0025 68.701 2
      vertex 79.0025 66.299 2
      vertex 79.1635 66.2443 2
    endloop
  endfacet
  facet normal -0 0 1
    outer loop
      vertex 78.85 68.6258 2
      vertex 79.0025 66.299 2
      vertex 79.0025 68.701 2
    endloop
  endfacet
  facet normal 0 0 1
    outer loop
      vertex 78.85 68.6258 2
      vertex 78.85 66.3742 2
      vertex 79.0025 66.299 2
    endloop
  endfacet
  facet normal -0 0 1
    outer loop
      vertex 78.7086 68.5314 2
      vertex 78.85 66.3742 2
      vertex 78.85 68.6258 2
    endloop
  endfacet
  facet normal 0 0 1
    outer loop
      vertex 78.7086 68.5314 2
      vertex 78.7086 66.4686 2
      vertex 78.85 66.3742 2
    endloop
  endfacet
  facet normal -0 0 1
    outer loop
      vertex 78.5808 68.4192 2
      vertex 78.7086 66.4686 2
      vertex 78.7086 68.5314 2
    endloop
  endfacet
  facet normal 0 0 1
    outer loop
      vertex 78.5808 68.4192 2
      vertex 78.5808 66.5808 2
      vertex 78.7086 66.4686 2
    endloop
  endfacet
  facet normal -0 0 1
    outer loop
      vertex 78.4686 68.2914 2
      vertex 78.5808 66.5808 2
      vertex 78.5808 68.4192 2
    endloop
  endfacet
  facet normal 0 0 1
    outer loop
      vertex 78.4686 68.2914 2
      vertex 78.4686 66.7086 2
      vertex 78.5808 66.5808 2
    endloop
  endfacet
  facet normal -0 0 1
    outer loop
      vertex 78.3742 68.15 2
      vertex 78.4686 66.7086 2
      vertex 78.4686 68.2914 2
    endloop
  endfacet
  facet normal 0 0 1
    outer loop
      vertex 78.3742 68.15 2
      vertex 78.3742 66.85 2
      vertex 78.4686 66.7086 2
    endloop
  endfacet
  facet normal -0 0 1
    outer loop
      vertex 78.299 67.9975 2
      vertex 78.3742 66.85 2
      vertex 78.3742 68.15 2
    endloop
  endfacet
  facet normal 0 0 1
    outer loop
      vertex 78.299 67.9975 2
      vertex 78.299 67.0025 2
      vertex 78.3742 66.85 2
    endloop
  endfacet
  facet normal -0 0 1
    outer loop
      vertex 78.2443 67.8365 2
      vertex 78.299 67.0025 2
      vertex 78.299 67.9975 2
    endloop
  endfacet
  facet normal 0 0 1
    outer loop
      vertex 78.2443 67.8365 2
      vertex 78.2443 67.1635 2
      vertex 78.299 67.0025 2
    endloop
  endfacet
  facet normal -0 0 1
    outer loop
      vertex 78.2111 67.6697 2
      vertex 78.2443 67.1635 2
      vertex 78.2443 67.8365 2
    endloop
  endfacet
  facet normal 0 0 1
    outer loop
      vertex 78.2111 67.6697 2
      vertex 78.2111 67.3303 2
      vertex 78.2443 67.1635 2
    endloop
  endfacet
  facet normal 0 -0 1
    outer loop
      vertex 78.2111 67.3303 2
      vertex 78.2111 67.6697 2
      vertex 78.2 67.5 2
    endloop
  endfacet
  facet normal -0.831688 -0.555243 0
    outer loop
      vertex 80.6258 68.15 2
      vertex 80.5314 68.2914 8
      vertex 80.5314 68.2914 2
    endloop
  endfacet
  facet normal -0.831688 -0.555243 0
    outer loop
      vertex 80.5314 68.2914 8
      vertex 80.6258 68.15 2
      vertex 80.6258 68.15 8
    endloop
  endfacet
  facet normal -0.321692 -0.946844 0
    outer loop
      vertex 79.8365 68.7557 2
      vertex 79.9975 68.701 8
      vertex 79.8365 68.7557 8
    endloop
  endfacet
  facet normal -0.321692 -0.946844 -0
    outer loop
      vertex 79.9975 68.701 8
      vertex 79.8365 68.7557 2
      vertex 79.9975 68.701 2
    endloop
  endfacet
  facet normal 0.442267 -0.896884 0
    outer loop
      vertex 78.85 68.6258 2
      vertex 79.0025 68.701 8
      vertex 78.85 68.6258 8
    endloop
  endfacet
  facet normal 0.442267 -0.896884 0
    outer loop
      vertex 79.0025 68.701 8
      vertex 78.85 68.6258 2
      vertex 79.0025 68.701 2
    endloop
  endfacet
  facet normal 0.946844 -0.321692 0
    outer loop
      vertex 78.2443 67.8365 8
      vertex 78.299 67.9975 2
      vertex 78.299 67.9975 8
    endloop
  endfacet
  facet normal 0.946844 -0.321692 0
    outer loop
      vertex 78.299 67.9975 2
      vertex 78.2443 67.8365 8
      vertex 78.2443 67.8365 2
    endloop
  endfacet
  facet normal -0.442267 0.896884 0
    outer loop
      vertex 80.15 66.3742 2
      vertex 79.9975 66.299 8
      vertex 80.15 66.3742 8
    endloop
  endfacet
  facet normal -0.442267 0.896884 0
    outer loop
      vertex 79.9975 66.299 8
      vertex 80.15 66.3742 2
      vertex 79.9975 66.299 2
    endloop
  endfacet
  facet normal 0.0652701 -0.997868 0
    outer loop
      vertex 79.3303 68.7889 2
      vertex 79.5 68.8 8
      vertex 79.3303 68.7889 8
    endloop
  endfacet
  facet normal 0.0652701 -0.997868 0
    outer loop
      vertex 79.5 68.8 8
      vertex 79.3303 68.7889 2
      vertex 79.5 68.8 2
    endloop
  endfacet
  facet normal 0.997868 -0.0652701 0
    outer loop
      vertex 78.2 67.5 8
      vertex 78.2111 67.6697 2
      vertex 78.2111 67.6697 8
    endloop
  endfacet
  facet normal 0.997868 -0.0652701 0
    outer loop
      vertex 78.2111 67.6697 2
      vertex 78.2 67.5 8
      vertex 78.2 67.5 2
    endloop
  endfacet
  facet normal 0.831688 -0.555243 0
    outer loop
      vertex 78.3742 68.15 8
      vertex 78.4686 68.2914 2
      vertex 78.4686 68.2914 8
    endloop
  endfacet
  facet normal 0.831688 -0.555243 0
    outer loop
      vertex 78.4686 68.2914 2
      vertex 78.3742 68.15 8
      vertex 78.3742 68.15 2
    endloop
  endfacet
  facet normal 0.555243 -0.831688 0
    outer loop
      vertex 78.7086 68.5314 2
      vertex 78.85 68.6258 8
      vertex 78.7086 68.5314 8
    endloop
  endfacet
  facet normal 0.555243 -0.831688 0
    outer loop
      vertex 78.85 68.6258 8
      vertex 78.7086 68.5314 2
      vertex 78.85 68.6258 2
    endloop
  endfacet
  facet normal 0.659753 -0.751483 0
    outer loop
      vertex 78.5808 68.4192 2
      vertex 78.7086 68.5314 8
      vertex 78.5808 68.4192 8
    endloop
  endfacet
  facet normal 0.659753 -0.751483 0
    outer loop
      vertex 78.7086 68.5314 8
      vertex 78.5808 68.4192 2
      vertex 78.7086 68.5314 2
    endloop
  endfacet
  facet normal -0.997868 -0.0652701 0
    outer loop
      vertex 80.8 67.5 2
      vertex 80.7889 67.6697 8
      vertex 80.7889 67.6697 2
    endloop
  endfacet
  facet normal -0.997868 -0.0652701 0
    outer loop
      vertex 80.7889 67.6697 8
      vertex 80.8 67.5 2
      vertex 80.8 67.5 8
    endloop
  endfacet
  facet normal -0.555243 0.831688 0
    outer loop
      vertex 80.2914 66.4686 2
      vertex 80.15 66.3742 8
      vertex 80.2914 66.4686 8
    endloop
  endfacet
  facet normal -0.555243 0.831688 0
    outer loop
      vertex 80.15 66.3742 8
      vertex 80.2914 66.4686 2
      vertex 80.15 66.3742 2
    endloop
  endfacet
  facet normal -0.946844 0.321692 0
    outer loop
      vertex 80.701 67.0025 2
      vertex 80.7557 67.1635 8
      vertex 80.7557 67.1635 2
    endloop
  endfacet
  facet normal -0.946844 0.321692 0
    outer loop
      vertex 80.7557 67.1635 8
      vertex 80.701 67.0025 2
      vertex 80.701 67.0025 8
    endloop
  endfacet
  facet normal -0.321692 0.946844 0
    outer loop
      vertex 79.9975 66.299 2
      vertex 79.8365 66.2443 8
      vertex 79.9975 66.299 8
    endloop
  endfacet
  facet normal -0.321692 0.946844 0
    outer loop
      vertex 79.8365 66.2443 8
      vertex 79.9975 66.299 2
      vertex 79.8365 66.2443 2
    endloop
  endfacet
  facet normal -0.946844 -0.321692 0
    outer loop
      vertex 80.7557 67.8365 2
      vertex 80.701 67.9975 8
      vertex 80.701 67.9975 2
    endloop
  endfacet
  facet normal -0.946844 -0.321692 0
    outer loop
      vertex 80.701 67.9975 8
      vertex 80.7557 67.8365 2
      vertex 80.7557 67.8365 8
    endloop
  endfacet
  facet normal -0.659753 -0.751483 0
    outer loop
      vertex 80.2914 68.5314 2
      vertex 80.4192 68.4192 8
      vertex 80.2914 68.5314 8
    endloop
  endfacet
  facet normal -0.659753 -0.751483 -0
    outer loop
      vertex 80.4192 68.4192 8
      vertex 80.2914 68.5314 2
      vertex 80.4192 68.4192 2
    endloop
  endfacet
  facet normal -0.195211 -0.980761 0
    outer loop
      vertex 79.6697 68.7889 2
      vertex 79.8365 68.7557 8
      vertex 79.6697 68.7889 8
    endloop
  endfacet
  facet normal -0.195211 -0.980761 -0
    outer loop
      vertex 79.8365 68.7557 8
      vertex 79.6697 68.7889 2
      vertex 79.8365 68.7557 2
    endloop
  endfacet
  facet normal -0.0652701 -0.997868 0
    outer loop
      vertex 79.5 68.8 2
      vertex 79.6697 68.7889 8
      vertex 79.5 68.8 8
    endloop
  endfacet
  facet normal -0.0652701 -0.997868 -0
    outer loop
      vertex 79.6697 68.7889 8
      vertex 79.5 68.8 2
      vertex 79.6697 68.7889 2
    endloop
  endfacet
  facet normal -0.555243 -0.831688 0
    outer loop
      vertex 80.15 68.6258 2
      vertex 80.2914 68.5314 8
      vertex 80.15 68.6258 8
    endloop
  endfacet
  facet normal -0.555243 -0.831688 -0
    outer loop
      vertex 80.2914 68.5314 8
      vertex 80.15 68.6258 2
      vertex 80.2914 68.5314 2
    endloop
  endfacet
  facet normal -0.442267 -0.896884 0
    outer loop
      vertex 79.9975 68.701 2
      vertex 80.15 68.6258 8
      vertex 79.9975 68.701 8
    endloop
  endfacet
  facet normal -0.442267 -0.896884 -0
    outer loop
      vertex 80.15 68.6258 8
      vertex 79.9975 68.701 2
      vertex 80.15 68.6258 2
    endloop
  endfacet
  facet normal 0.997868 0.0652701 0
    outer loop
      vertex 78.2111 67.3303 8
      vertex 78.2 67.5 2
      vertex 78.2 67.5 8
    endloop
  endfacet
  facet normal 0.997868 0.0652701 0
    outer loop
      vertex 78.2 67.5 2
      vertex 78.2111 67.3303 8
      vertex 78.2111 67.3303 2
    endloop
  endfacet
  facet normal 0.980761 -0.195211 0
    outer loop
      vertex 78.2111 67.6697 8
      vertex 78.2443 67.8365 2
      vertex 78.2443 67.8365 8
    endloop
  endfacet
  facet normal 0.980761 -0.195211 0
    outer loop
      vertex 78.2443 67.8365 2
      vertex 78.2111 67.6697 8
      vertex 78.2111 67.6697 2
    endloop
  endfacet
  facet normal 0.896884 -0.442267 0
    outer loop
      vertex 78.299 67.9975 8
      vertex 78.3742 68.15 2
      vertex 78.3742 68.15 8
    endloop
  endfacet
  facet normal 0.896884 -0.442267 0
    outer loop
      vertex 78.3742 68.15 2
      vertex 78.299 67.9975 8
      vertex 78.299 67.9975 2
    endloop
  endfacet
  facet normal 0.195211 -0.980761 0
    outer loop
      vertex 79.1635 68.7557 2
      vertex 79.3303 68.7889 8
      vertex 79.1635 68.7557 8
    endloop
  endfacet
  facet normal 0.195211 -0.980761 0
    outer loop
      vertex 79.3303 68.7889 8
      vertex 79.1635 68.7557 2
      vertex 79.3303 68.7889 2
    endloop
  endfacet
  facet normal 0.321692 -0.946844 0
    outer loop
      vertex 79.0025 68.701 2
      vertex 79.1635 68.7557 8
      vertex 79.0025 68.701 8
    endloop
  endfacet
  facet normal 0.321692 -0.946844 0
    outer loop
      vertex 79.1635 68.7557 8
      vertex 79.0025 68.701 2
      vertex 79.1635 68.7557 2
    endloop
  endfacet
  facet normal 0.751483 -0.659753 0
    outer loop
      vertex 78.4686 68.2914 8
      vertex 78.5808 68.4192 2
      vertex 78.5808 68.4192 8
    endloop
  endfacet
  facet normal 0.751483 -0.659753 0
    outer loop
      vertex 78.5808 68.4192 2
      vertex 78.4686 68.2914 8
      vertex 78.4686 68.2914 2
    endloop
  endfacet
  facet normal -0.997868 0.0652701 0
    outer loop
      vertex 80.7889 67.3303 2
      vertex 80.8 67.5 8
      vertex 80.8 67.5 2
    endloop
  endfacet
  facet normal -0.997868 0.0652701 0
    outer loop
      vertex 80.8 67.5 8
      vertex 80.7889 67.3303 2
      vertex 80.7889 67.3303 8
    endloop
  endfacet
  facet normal -0.831688 0.555243 0
    outer loop
      vertex 80.5314 66.7086 2
      vertex 80.6258 66.85 8
      vertex 80.6258 66.85 2
    endloop
  endfacet
  facet normal -0.831688 0.555243 0
    outer loop
      vertex 80.6258 66.85 8
      vertex 80.5314 66.7086 2
      vertex 80.5314 66.7086 8
    endloop
  endfacet
  facet normal -0.896884 0.442267 0
    outer loop
      vertex 80.6258 66.85 2
      vertex 80.701 67.0025 8
      vertex 80.701 67.0025 2
    endloop
  endfacet
  facet normal -0.896884 0.442267 0
    outer loop
      vertex 80.701 67.0025 8
      vertex 80.6258 66.85 2
      vertex 80.6258 66.85 8
    endloop
  endfacet
  facet normal 0.751483 0.659753 0
    outer loop
      vertex 78.5808 66.5808 8
      vertex 78.4686 66.7086 2
      vertex 78.4686 66.7086 8
    endloop
  endfacet
  facet normal 0.751483 0.659753 0
    outer loop
      vertex 78.4686 66.7086 2
      vertex 78.5808 66.5808 8
      vertex 78.5808 66.5808 2
    endloop
  endfacet
  facet normal -0.195211 0.980761 0
    outer loop
      vertex 79.8365 66.2443 2
      vertex 79.6697 66.2111 8
      vertex 79.8365 66.2443 8
    endloop
  endfacet
  facet normal -0.195211 0.980761 0
    outer loop
      vertex 79.6697 66.2111 8
      vertex 79.8365 66.2443 2
      vertex 79.6697 66.2111 2
    endloop
  endfacet
  facet normal -0.980761 -0.195211 0
    outer loop
      vertex 80.7889 67.6697 2
      vertex 80.7557 67.8365 8
      vertex 80.7557 67.8365 2
    endloop
  endfacet
  facet normal -0.980761 -0.195211 0
    outer loop
      vertex 80.7557 67.8365 8
      vertex 80.7889 67.6697 2
      vertex 80.7889 67.6697 8
    endloop
  endfacet
  facet normal -0.751483 -0.659753 0
    outer loop
      vertex 80.5314 68.2914 2
      vertex 80.4192 68.4192 8
      vertex 80.4192 68.4192 2
    endloop
  endfacet
  facet normal -0.751483 -0.659753 0
    outer loop
      vertex 80.4192 68.4192 8
      vertex 80.5314 68.2914 2
      vertex 80.5314 68.2914 8
    endloop
  endfacet
  facet normal -0.0652701 0.997868 0
    outer loop
      vertex 79.6697 66.2111 2
      vertex 79.5 66.2 8
      vertex 79.6697 66.2111 8
    endloop
  endfacet
  facet normal -0.0652701 0.997868 0
    outer loop
      vertex 79.5 66.2 8
      vertex 79.6697 66.2111 2
      vertex 79.5 66.2 2
    endloop
  endfacet
  facet normal 0.980761 0.195211 0
    outer loop
      vertex 78.2443 67.1635 8
      vertex 78.2111 67.3303 2
      vertex 78.2111 67.3303 8
    endloop
  endfacet
  facet normal 0.980761 0.195211 0
    outer loop
      vertex 78.2111 67.3303 2
      vertex 78.2443 67.1635 8
      vertex 78.2443 67.1635 2
    endloop
  endfacet
  facet normal 0.896884 0.442267 0
    outer loop
      vertex 78.3742 66.85 8
      vertex 78.299 67.0025 2
      vertex 78.299 67.0025 8
    endloop
  endfacet
  facet normal 0.896884 0.442267 0
    outer loop
      vertex 78.299 67.0025 2
      vertex 78.3742 66.85 8
      vertex 78.3742 66.85 2
    endloop
  endfacet
  facet normal 0.831688 0.555243 0
    outer loop
      vertex 78.4686 66.7086 8
      vertex 78.3742 66.85 2
      vertex 78.3742 66.85 8
    endloop
  endfacet
  facet normal 0.831688 0.555243 0
    outer loop
      vertex 78.3742 66.85 2
      vertex 78.4686 66.7086 8
      vertex 78.4686 66.7086 2
    endloop
  endfacet
  facet normal -0.659753 0.751483 0
    outer loop
      vertex 80.4192 66.5808 2
      vertex 80.2914 66.4686 8
      vertex 80.4192 66.5808 8
    endloop
  endfacet
  facet normal -0.659753 0.751483 0
    outer loop
      vertex 80.2914 66.4686 8
      vertex 80.4192 66.5808 2
      vertex 80.2914 66.4686 2
    endloop
  endfacet
  facet normal -0.980761 0.195211 0
    outer loop
      vertex 80.7557 67.1635 2
      vertex 80.7889 67.3303 8
      vertex 80.7889 67.3303 2
    endloop
  endfacet
  facet normal -0.980761 0.195211 0
    outer loop
      vertex 80.7889 67.3303 8
      vertex 80.7557 67.1635 2
      vertex 80.7557 67.1635 8
    endloop
  endfacet
  facet normal 0.321692 0.946844 -0
    outer loop
      vertex 79.1635 66.2443 2
      vertex 79.0025 66.299 8
      vertex 79.1635 66.2443 8
    endloop
  endfacet
  facet normal 0.321692 0.946844 0
    outer loop
      vertex 79.0025 66.299 8
      vertex 79.1635 66.2443 2
      vertex 79.0025 66.299 2
    endloop
  endfacet
  facet normal 0.555243 0.831688 -0
    outer loop
      vertex 78.85 66.3742 2
      vertex 78.7086 66.4686 8
      vertex 78.85 66.3742 8
    endloop
  endfacet
  facet normal 0.555243 0.831688 0
    outer loop
      vertex 78.7086 66.4686 8
      vertex 78.85 66.3742 2
      vertex 78.7086 66.4686 2
    endloop
  endfacet
  facet normal 0.195211 0.980761 -0
    outer loop
      vertex 79.3303 66.2111 2
      vertex 79.1635 66.2443 8
      vertex 79.3303 66.2111 8
    endloop
  endfacet
  facet normal 0.195211 0.980761 0
    outer loop
      vertex 79.1635 66.2443 8
      vertex 79.3303 66.2111 2
      vertex 79.1635 66.2443 2
    endloop
  endfacet
  facet normal 0.0652701 0.997868 -0
    outer loop
      vertex 79.5 66.2 2
      vertex 79.3303 66.2111 8
      vertex 79.5 66.2 8
    endloop
  endfacet
  facet normal 0.0652701 0.997868 0
    outer loop
      vertex 79.3303 66.2111 8
      vertex 79.5 66.2 2
      vertex 79.3303 66.2111 2
    endloop
  endfacet
  facet normal 0.946844 0.321692 0
    outer loop
      vertex 78.299 67.0025 8
      vertex 78.2443 67.1635 2
      vertex 78.2443 67.1635 8
    endloop
  endfacet
  facet normal 0.946844 0.321692 0
    outer loop
      vertex 78.2443 67.1635 2
      vertex 78.299 67.0025 8
      vertex 78.299 67.0025 2
    endloop
  endfacet
  facet normal 0.659753 0.751483 -0
    outer loop
      vertex 78.7086 66.4686 2
      vertex 78.5808 66.5808 8
      vertex 78.7086 66.4686 8
    endloop
  endfacet
  facet normal 0.659753 0.751483 0
    outer loop
      vertex 78.5808 66.5808 8
      vertex 78.7086 66.4686 2
      vertex 78.5808 66.5808 2
    endloop
  endfacet
  facet normal -0.751483 0.659753 0
    outer loop
      vertex 80.4192 66.5808 2
      vertex 80.5314 66.7086 8
      vertex 80.5314 66.7086 2
    endloop
  endfacet
  facet normal -0.751483 0.659753 0
    outer loop
      vertex 80.5314 66.7086 8
      vertex 80.4192 66.5808 2
      vertex 80.4192 66.5808 8
    endloop
  endfacet
  facet normal 0.442267 0.896884 -0
    outer loop
      vertex 79.0025 66.299 2
      vertex 78.85 66.3742 8
      vertex 79.0025 66.299 8
    endloop
  endfacet
  facet normal 0.442267 0.896884 0
    outer loop
      vertex 78.85 66.3742 8
      vertex 79.0025 66.299 2
      vertex 78.85 66.3742 2
    endloop
  endfacet
endsolid OpenSCAD_Model
