solid OpenSCAD_Model
  facet normal 1 -0 0
    outer loop
      vertex 8 25 1.5
      vertex 8 39 0
      vertex 8 39 1.5
    endloop
  endfacet
  facet normal 1 0 0
    outer loop
      vertex 8 39 0
      vertex 8 25 1.5
      vertex 8 25 0
    endloop
  endfacet
  facet normal -1 0 0
    outer loop
      vertex 22 25 0
      vertex 22 39 1.5
      vertex 22 39 0
    endloop
  endfacet
  facet normal -1 -0 0
    outer loop
      vertex 22 39 1.5
      vertex 22 25 0
      vertex 22 25 1.5
    endloop
  endfacet
  facet normal 0 1 -0
    outer loop
      vertex 22 25 0
      vertex 8 25 1.5
      vertex 22 25 1.5
    endloop
  endfacet
  facet normal 0 1 0
    outer loop
      vertex 8 25 1.5
      vertex 22 25 0
      vertex 8 25 0
    endloop
  endfacet
  facet normal 0 -1 0
    outer loop
      vertex 8 39 0
      vertex 22 39 1.5
      vertex 8 39 1.5
    endloop
  endfacet
  facet normal 0 -1 -0
    outer loop
      vertex 22 39 1.5
      vertex 8 39 0
      vertex 22 39 0
    endloop
  endfacet
  facet normal 1 -0 0
    outer loop
      vertex 27 25 1.5
      vertex 27 39 0
      vertex 27 39 1.5
    endloop
  endfacet
  facet normal 1 0 0
    outer loop
      vertex 27 39 0
      vertex 27 25 1.5
      vertex 27 25 0
    endloop
  endfacet
  facet normal -1 0 0
    outer loop
      vertex 41 25 0
      vertex 41 39 1.5
      vertex 41 39 0
    endloop
  endfacet
  facet normal -1 -0 0
    outer loop
      vertex 41 39 1.5
      vertex 41 25 0
      vertex 41 25 1.5
    endloop
  endfacet
  facet normal 0 1 -0
    outer loop
      vertex 41 25 0
      vertex 27 25 1.5
      vertex 41 25 1.5
    endloop
  endfacet
  facet normal 0 1 0
    outer loop
      vertex 27 25 1.5
      vertex 41 25 0
      vertex 27 25 0
    endloop
  endfacet
  facet normal 0 -1 0
    outer loop
      vertex 27 39 0
      vertex 41 39 1.5
      vertex 27 39 1.5
    endloop
  endfacet
  facet normal 0 -1 -0
    outer loop
      vertex 41 39 1.5
      vertex 27 39 0
      vertex 41 39 0
    endloop
  endfacet
  facet normal 1 -0 0
    outer loop
      vertex 46 25 1.5
      vertex 46 39 0
      vertex 46 39 1.5
    endloop
  endfacet
  facet normal 1 0 0
    outer loop
      vertex 46 39 0
      vertex 46 25 1.5
      vertex 46 25 0
    endloop
  endfacet
  facet normal -1 0 0
    outer loop
      vertex 60 25 0
      vertex 60 39 1.5
      vertex 60 39 0
    endloop
  endfacet
  facet normal -1 -0 0
    outer loop
      vertex 60 39 1.5
      vertex 60 25 0
      vertex 60 25 1.5
    endloop
  endfacet
  facet normal 0 -1 0
    outer loop
      vertex 46 39 0
      vertex 60 39 1.5
      vertex 46 39 1.5
    endloop
  endfacet
  facet normal 0 -1 -0
    outer loop
      vertex 60 39 1.5
      vertex 46 39 0
      vertex 60 39 0
    endloop
  endfacet
  facet normal 0 1 -0
    outer loop
      vertex 60 25 0
      vertex 46 25 1.5
      vertex 60 25 1.5
    endloop
  endfacet
  facet normal 0 1 0
    outer loop
      vertex 46 25 1.5
      vertex 60 25 0
      vertex 46 25 0
    endloop
  endfacet
  facet normal -0.997858 -0.0654128 0
    outer loop
      vertex 7.5 50 0
      vertex 7.47861 50.3263 1.5
      vertex 7.47861 50.3263 0
    endloop
  endfacet
  facet normal -0.997858 -0.0654128 0
    outer loop
      vertex 7.47861 50.3263 1.5
      vertex 7.5 50 0
      vertex 7.5 50 1.5
    endloop
  endfacet
  facet normal 0.0654392 -0.997857 0
    outer loop
      vertex 4.67368 52.4786 0
      vertex 5 52.5 1.5
      vertex 4.67368 52.4786 1.5
    endloop
  endfacet
  facet normal 0.0654392 -0.997857 0
    outer loop
      vertex 5 52.5 1.5
      vertex 4.67368 52.4786 0
      vertex 5 52.5 0
    endloop
  endfacet
  facet normal -0.0654412 0.997856 0
    outer loop
      vertex 5.32631 47.5214 0
      vertex 5 47.5 1.5
      vertex 5.32631 47.5214 1.5
    endloop
  endfacet
  facet normal -0.0654412 0.997856 0
    outer loop
      vertex 5 47.5 1.5
      vertex 5.32631 47.5214 0
      vertex 5 47.5 0
    endloop
  endfacet
  facet normal -0.659307 -0.751873 0
    outer loop
      vertex 6.5219 51.9834 0
      vertex 6.76777 51.7678 1.5
      vertex 6.5219 51.9834 1.5
    endloop
  endfacet
  facet normal -0.659307 -0.751873 -0
    outer loop
      vertex 6.76777 51.7678 1.5
      vertex 6.5219 51.9834 0
      vertex 6.76777 51.7678 0
    endloop
  endfacet
  facet normal 0.751898 -0.659279 0
    outer loop
      vertex 3.01662 51.5219 1.5
      vertex 3.23223 51.7678 0
      vertex 3.23223 51.7678 1.5
    endloop
  endfacet
  facet normal 0.751898 -0.659279 0
    outer loop
      vertex 3.23223 51.7678 0
      vertex 3.01662 51.5219 1.5
      vertex 3.01662 51.5219 0
    endloop
  endfacet
  facet normal 0.442204 -0.896915 0
    outer loop
      vertex 3.75 52.1651 0
      vertex 4.04329 52.3097 1.5
      vertex 3.75 52.1651 1.5
    endloop
  endfacet
  facet normal 0.442204 -0.896915 0
    outer loop
      vertex 4.04329 52.3097 1.5
      vertex 3.75 52.1651 0
      vertex 4.04329 52.3097 0
    endloop
  endfacet
  facet normal -0.896872 -0.44229 0
    outer loop
      vertex 7.3097 50.9567 0
      vertex 7.16506 51.25 1.5
      vertex 7.16506 51.25 0
    endloop
  endfacet
  facet normal -0.896872 -0.44229 0
    outer loop
      vertex 7.16506 51.25 1.5
      vertex 7.3097 50.9567 0
      vertex 7.3097 50.9567 1.5
    endloop
  endfacet
  facet normal -0.98078 -0.195116 0
    outer loop
      vertex 7.47861 50.3263 0
      vertex 7.41481 50.647 1.5
      vertex 7.41481 50.647 0
    endloop
  endfacet
  facet normal -0.98078 -0.195116 0
    outer loop
      vertex 7.41481 50.647 1.5
      vertex 7.47861 50.3263 0
      vertex 7.47861 50.3263 1.5
    endloop
  endfacet
  facet normal -0.321397 -0.946944 0
    outer loop
      vertex 5.64705 52.4148 0
      vertex 5.95671 52.3097 1.5
      vertex 5.64705 52.4148 1.5
    endloop
  endfacet
  facet normal -0.321397 -0.946944 -0
    outer loop
      vertex 5.95671 52.3097 1.5
      vertex 5.64705 52.4148 0
      vertex 5.95671 52.3097 0
    endloop
  endfacet
  facet normal -0.555617 -0.831438 0
    outer loop
      vertex 6.25 52.1651 0
      vertex 6.5219 51.9834 1.5
      vertex 6.25 52.1651 1.5
    endloop
  endfacet
  facet normal -0.555617 -0.831438 -0
    outer loop
      vertex 6.5219 51.9834 1.5
      vertex 6.25 52.1651 0
      vertex 6.5219 51.9834 0
    endloop
  endfacet
  facet normal 0.946948 -0.321387 0
    outer loop
      vertex 2.58519 50.647 1.5
      vertex 2.6903 50.9567 0
      vertex 2.6903 50.9567 1.5
    endloop
  endfacet
  facet normal 0.946948 -0.321387 0
    outer loop
      vertex 2.6903 50.9567 0
      vertex 2.58519 50.647 1.5
      vertex 2.58519 50.647 0
    endloop
  endfacet
  facet normal 0.831466 -0.555575 0
    outer loop
      vertex 2.83494 51.25 1.5
      vertex 3.01662 51.5219 0
      vertex 3.01662 51.5219 1.5
    endloop
  endfacet
  facet normal 0.831466 -0.555575 0
    outer loop
      vertex 3.01662 51.5219 0
      vertex 2.83494 51.25 1.5
      vertex 2.83494 51.25 0
    endloop
  endfacet
  facet normal 0.98078 -0.195116 0
    outer loop
      vertex 2.52139 50.3263 1.5
      vertex 2.58519 50.647 0
      vertex 2.58519 50.647 1.5
    endloop
  endfacet
  facet normal 0.98078 -0.195116 0
    outer loop
      vertex 2.58519 50.647 0
      vertex 2.52139 50.3263 1.5
      vertex 2.52139 50.3263 0
    endloop
  endfacet
  facet normal 0.321397 -0.946944 0
    outer loop
      vertex 4.04329 52.3097 0
      vertex 4.35295 52.4148 1.5
      vertex 4.04329 52.3097 1.5
    endloop
  endfacet
  facet normal 0.321397 -0.946944 0
    outer loop
      vertex 4.35295 52.4148 1.5
      vertex 4.04329 52.3097 0
      vertex 4.35295 52.4148 0
    endloop
  endfacet
  facet normal -0.195093 0.980785 0
    outer loop
      vertex 5.64705 47.5852 0
      vertex 5.32631 47.5214 1.5
      vertex 5.64705 47.5852 1.5
    endloop
  endfacet
  facet normal -0.195093 0.980785 0
    outer loop
      vertex 5.32631 47.5214 1.5
      vertex 5.64705 47.5852 0
      vertex 5.32631 47.5214 0
    endloop
  endfacet
  facet normal -0.98078 0.195116 0
    outer loop
      vertex 7.41481 49.353 0
      vertex 7.47861 49.6737 1.5
      vertex 7.47861 49.6737 0
    endloop
  endfacet
  facet normal -0.98078 0.195116 0
    outer loop
      vertex 7.47861 49.6737 1.5
      vertex 7.41481 49.353 0
      vertex 7.41481 49.353 1.5
    endloop
  endfacet
  facet normal 0.195099 0.980784 -0
    outer loop
      vertex 4.67368 47.5214 0
      vertex 4.35295 47.5852 1.5
      vertex 4.67368 47.5214 1.5
    endloop
  endfacet
  facet normal 0.195099 0.980784 0
    outer loop
      vertex 4.35295 47.5852 1.5
      vertex 4.67368 47.5214 0
      vertex 4.35295 47.5852 0
    endloop
  endfacet
  facet normal -0.946948 -0.321387 0
    outer loop
      vertex 7.41481 50.647 0
      vertex 7.3097 50.9567 1.5
      vertex 7.3097 50.9567 0
    endloop
  endfacet
  facet normal -0.946948 -0.321387 0
    outer loop
      vertex 7.3097 50.9567 1.5
      vertex 7.41481 50.647 0
      vertex 7.41481 50.647 1.5
    endloop
  endfacet
  facet normal -0.751898 -0.659279 0
    outer loop
      vertex 6.98338 51.5219 0
      vertex 6.76777 51.7678 1.5
      vertex 6.76777 51.7678 0
    endloop
  endfacet
  facet normal -0.751898 -0.659279 0
    outer loop
      vertex 6.76777 51.7678 1.5
      vertex 6.98338 51.5219 0
      vertex 6.98338 51.5219 1.5
    endloop
  endfacet
  facet normal -0.831466 -0.555575 0
    outer loop
      vertex 7.16506 51.25 0
      vertex 6.98338 51.5219 1.5
      vertex 6.98338 51.5219 0
    endloop
  endfacet
  facet normal -0.831466 -0.555575 0
    outer loop
      vertex 6.98338 51.5219 1.5
      vertex 7.16506 51.25 0
      vertex 7.16506 51.25 1.5
    endloop
  endfacet
  facet normal -0.195093 -0.980785 0
    outer loop
      vertex 5.32631 52.4786 0
      vertex 5.64705 52.4148 1.5
      vertex 5.32631 52.4786 1.5
    endloop
  endfacet
  facet normal -0.195093 -0.980785 -0
    outer loop
      vertex 5.64705 52.4148 1.5
      vertex 5.32631 52.4786 0
      vertex 5.64705 52.4148 0
    endloop
  endfacet
  facet normal -0.0654412 -0.997856 0
    outer loop
      vertex 5 52.5 0
      vertex 5.32631 52.4786 1.5
      vertex 5 52.5 1.5
    endloop
  endfacet
  facet normal -0.0654412 -0.997856 -0
    outer loop
      vertex 5.32631 52.4786 1.5
      vertex 5 52.5 0
      vertex 5.32631 52.4786 0
    endloop
  endfacet
  facet normal -0.442204 -0.896915 0
    outer loop
      vertex 5.95671 52.3097 0
      vertex 6.25 52.1651 1.5
      vertex 5.95671 52.3097 1.5
    endloop
  endfacet
  facet normal -0.442204 -0.896915 -0
    outer loop
      vertex 6.25 52.1651 1.5
      vertex 5.95671 52.3097 0
      vertex 6.25 52.1651 0
    endloop
  endfacet
  facet normal 0.896872 -0.44229 0
    outer loop
      vertex 2.6903 50.9567 1.5
      vertex 2.83494 51.25 0
      vertex 2.83494 51.25 1.5
    endloop
  endfacet
  facet normal 0.896872 -0.44229 0
    outer loop
      vertex 2.83494 51.25 0
      vertex 2.6903 50.9567 1.5
      vertex 2.6903 50.9567 0
    endloop
  endfacet
  facet normal 0.997858 -0.0654128 0
    outer loop
      vertex 2.5 50 1.5
      vertex 2.52139 50.3263 0
      vertex 2.52139 50.3263 1.5
    endloop
  endfacet
  facet normal 0.997858 -0.0654128 0
    outer loop
      vertex 2.52139 50.3263 0
      vertex 2.5 50 1.5
      vertex 2.5 50 0
    endloop
  endfacet
  facet normal 0.555617 -0.831438 0
    outer loop
      vertex 3.4781 51.9834 0
      vertex 3.75 52.1651 1.5
      vertex 3.4781 51.9834 1.5
    endloop
  endfacet
  facet normal 0.555617 -0.831438 0
    outer loop
      vertex 3.75 52.1651 1.5
      vertex 3.4781 51.9834 0
      vertex 3.75 52.1651 0
    endloop
  endfacet
  facet normal 0.659307 -0.751873 0
    outer loop
      vertex 3.23223 51.7678 0
      vertex 3.4781 51.9834 1.5
      vertex 3.23223 51.7678 1.5
    endloop
  endfacet
  facet normal 0.659307 -0.751873 0
    outer loop
      vertex 3.4781 51.9834 1.5
      vertex 3.23223 51.7678 0
      vertex 3.4781 51.9834 0
    endloop
  endfacet
  facet normal 0.195099 -0.980784 0
    outer loop
      vertex 4.35295 52.4148 0
      vertex 4.67368 52.4786 1.5
      vertex 4.35295 52.4148 1.5
    endloop
  endfacet
  facet normal 0.195099 -0.980784 0
    outer loop
      vertex 4.67368 52.4786 1.5
      vertex 4.35295 52.4148 0
      vertex 4.67368 52.4786 0
    endloop
  endfacet
  facet normal -0.997858 0.0654128 0
    outer loop
      vertex 7.47861 49.6737 0
      vertex 7.5 50 1.5
      vertex 7.5 50 0
    endloop
  endfacet
  facet normal -0.997858 0.0654128 0
    outer loop
      vertex 7.5 50 1.5
      vertex 7.47861 49.6737 0
      vertex 7.47861 49.6737 1.5
    endloop
  endfacet
  facet normal -0.321397 0.946944 0
    outer loop
      vertex 5.95671 47.6903 0
      vertex 5.64705 47.5852 1.5
      vertex 5.95671 47.6903 1.5
    endloop
  endfacet
  facet normal -0.321397 0.946944 0
    outer loop
      vertex 5.64705 47.5852 1.5
      vertex 5.95671 47.6903 0
      vertex 5.64705 47.5852 0
    endloop
  endfacet
  facet normal -0.751898 0.659279 0
    outer loop
      vertex 6.76777 48.2322 0
      vertex 6.98338 48.4781 1.5
      vertex 6.98338 48.4781 0
    endloop
  endfacet
  facet normal -0.751898 0.659279 0
    outer loop
      vertex 6.98338 48.4781 1.5
      vertex 6.76777 48.2322 0
      vertex 6.76777 48.2322 1.5
    endloop
  endfacet
  facet normal -0.555617 0.831438 0
    outer loop
      vertex 6.5219 48.0166 0
      vertex 6.25 47.8349 1.5
      vertex 6.5219 48.0166 1.5
    endloop
  endfacet
  facet normal -0.555617 0.831438 0
    outer loop
      vertex 6.25 47.8349 1.5
      vertex 6.5219 48.0166 0
      vertex 6.25 47.8349 0
    endloop
  endfacet
  facet normal -0.831466 0.555575 0
    outer loop
      vertex 6.98338 48.4781 0
      vertex 7.16506 48.75 1.5
      vertex 7.16506 48.75 0
    endloop
  endfacet
  facet normal -0.831466 0.555575 0
    outer loop
      vertex 7.16506 48.75 1.5
      vertex 6.98338 48.4781 0
      vertex 6.98338 48.4781 1.5
    endloop
  endfacet
  facet normal -0.946948 0.321387 0
    outer loop
      vertex 7.3097 49.0433 0
      vertex 7.41481 49.353 1.5
      vertex 7.41481 49.353 0
    endloop
  endfacet
  facet normal -0.946948 0.321387 0
    outer loop
      vertex 7.41481 49.353 1.5
      vertex 7.3097 49.0433 0
      vertex 7.3097 49.0433 1.5
    endloop
  endfacet
  facet normal 0.555617 0.831438 -0
    outer loop
      vertex 3.75 47.8349 0
      vertex 3.4781 48.0166 1.5
      vertex 3.75 47.8349 1.5
    endloop
  endfacet
  facet normal 0.555617 0.831438 0
    outer loop
      vertex 3.4781 48.0166 1.5
      vertex 3.75 47.8349 0
      vertex 3.4781 48.0166 0
    endloop
  endfacet
  facet normal 0.321397 0.946944 -0
    outer loop
      vertex 4.35295 47.5852 0
      vertex 4.04329 47.6903 1.5
      vertex 4.35295 47.5852 1.5
    endloop
  endfacet
  facet normal 0.321397 0.946944 0
    outer loop
      vertex 4.04329 47.6903 1.5
      vertex 4.35295 47.5852 0
      vertex 4.04329 47.6903 0
    endloop
  endfacet
  facet normal 0.0654392 0.997857 -0
    outer loop
      vertex 5 47.5 0
      vertex 4.67368 47.5214 1.5
      vertex 5 47.5 1.5
    endloop
  endfacet
  facet normal 0.0654392 0.997857 0
    outer loop
      vertex 4.67368 47.5214 1.5
      vertex 5 47.5 0
      vertex 4.67368 47.5214 0
    endloop
  endfacet
  facet normal 0.831466 0.555575 0
    outer loop
      vertex 3.01662 48.4781 1.5
      vertex 2.83494 48.75 0
      vertex 2.83494 48.75 1.5
    endloop
  endfacet
  facet normal 0.831466 0.555575 0
    outer loop
      vertex 2.83494 48.75 0
      vertex 3.01662 48.4781 1.5
      vertex 3.01662 48.4781 0
    endloop
  endfacet
  facet normal 0.659307 0.751873 -0
    outer loop
      vertex 3.4781 48.0166 0
      vertex 3.23223 48.2322 1.5
      vertex 3.4781 48.0166 1.5
    endloop
  endfacet
  facet normal 0.659307 0.751873 0
    outer loop
      vertex 3.23223 48.2322 1.5
      vertex 3.4781 48.0166 0
      vertex 3.23223 48.2322 0
    endloop
  endfacet
  facet normal 0.896872 0.44229 0
    outer loop
      vertex 2.83494 48.75 1.5
      vertex 2.6903 49.0433 0
      vertex 2.6903 49.0433 1.5
    endloop
  endfacet
  facet normal 0.896872 0.44229 0
    outer loop
      vertex 2.6903 49.0433 0
      vertex 2.83494 48.75 1.5
      vertex 2.83494 48.75 0
    endloop
  endfacet
  facet normal 0.98078 0.195116 0
    outer loop
      vertex 2.58519 49.353 1.5
      vertex 2.52139 49.6737 0
      vertex 2.52139 49.6737 1.5
    endloop
  endfacet
  facet normal 0.98078 0.195116 0
    outer loop
      vertex 2.52139 49.6737 0
      vertex 2.58519 49.353 1.5
      vertex 2.58519 49.353 0
    endloop
  endfacet
  facet normal 0.997858 0.0654128 0
    outer loop
      vertex 2.52139 49.6737 1.5
      vertex 2.5 50 0
      vertex 2.5 50 1.5
    endloop
  endfacet
  facet normal 0.997858 0.0654128 0
    outer loop
      vertex 2.5 50 0
      vertex 2.52139 49.6737 1.5
      vertex 2.52139 49.6737 0
    endloop
  endfacet
  facet normal -0.442204 0.896915 0
    outer loop
      vertex 6.25 47.8349 0
      vertex 5.95671 47.6903 1.5
      vertex 6.25 47.8349 1.5
    endloop
  endfacet
  facet normal -0.442204 0.896915 0
    outer loop
      vertex 5.95671 47.6903 1.5
      vertex 6.25 47.8349 0
      vertex 5.95671 47.6903 0
    endloop
  endfacet
  facet normal -0.659307 0.751873 0
    outer loop
      vertex 6.76777 48.2322 0
      vertex 6.5219 48.0166 1.5
      vertex 6.76777 48.2322 1.5
    endloop
  endfacet
  facet normal -0.659307 0.751873 0
    outer loop
      vertex 6.5219 48.0166 1.5
      vertex 6.76777 48.2322 0
      vertex 6.5219 48.0166 0
    endloop
  endfacet
  facet normal -0.896872 0.44229 0
    outer loop
      vertex 7.16506 48.75 0
      vertex 7.3097 49.0433 1.5
      vertex 7.3097 49.0433 0
    endloop
  endfacet
  facet normal -0.896872 0.44229 0
    outer loop
      vertex 7.3097 49.0433 1.5
      vertex 7.16506 48.75 0
      vertex 7.16506 48.75 1.5
    endloop
  endfacet
  facet normal 0.442204 0.896915 -0
    outer loop
      vertex 4.04329 47.6903 0
      vertex 3.75 47.8349 1.5
      vertex 4.04329 47.6903 1.5
    endloop
  endfacet
  facet normal 0.442204 0.896915 0
    outer loop
      vertex 3.75 47.8349 1.5
      vertex 4.04329 47.6903 0
      vertex 3.75 47.8349 0
    endloop
  endfacet
  facet normal 0.751898 0.659279 0
    outer loop
      vertex 3.23223 48.2322 1.5
      vertex 3.01662 48.4781 0
      vertex 3.01662 48.4781 1.5
    endloop
  endfacet
  facet normal 0.751898 0.659279 0
    outer loop
      vertex 3.01662 48.4781 0
      vertex 3.23223 48.2322 1.5
      vertex 3.23223 48.2322 0
    endloop
  endfacet
  facet normal 0.946948 0.321387 0
    outer loop
      vertex 2.6903 49.0433 1.5
      vertex 2.58519 49.353 0
      vertex 2.58519 49.353 1.5
    endloop
  endfacet
  facet normal 0.946948 0.321387 0
    outer loop
      vertex 2.58519 49.353 0
      vertex 2.6903 49.0433 1.5
      vertex 2.6903 49.0433 0
    endloop
  endfacet
  facet normal -0.997856 -0.0654432 0
    outer loop
      vertex 80.5 50 0
      vertex 80.4786 50.3263 1.5
      vertex 80.4786 50.3263 0
    endloop
  endfacet
  facet normal -0.997856 -0.0654432 0
    outer loop
      vertex 80.4786 50.3263 1.5
      vertex 80.5 50 0
      vertex 80.5 50 1.5
    endloop
  endfacet
  facet normal 0.0654432 -0.997856 0
    outer loop
      vertex 77.6737 52.4786 0
      vertex 78 52.5 1.5
      vertex 77.6737 52.4786 1.5
    endloop
  endfacet
  facet normal 0.0654432 -0.997856 0
    outer loop
      vertex 78 52.5 1.5
      vertex 77.6737 52.4786 0
      vertex 78 52.5 0
    endloop
  endfacet
  facet normal -0.659262 -0.751913 0
    outer loop
      vertex 79.5219 51.9834 0
      vertex 79.7678 51.7678 1.5
      vertex 79.5219 51.9834 1.5
    endloop
  endfacet
  facet normal -0.659262 -0.751913 -0
    outer loop
      vertex 79.7678 51.7678 1.5
      vertex 79.5219 51.9834 0
      vertex 79.7678 51.7678 0
    endloop
  endfacet
  facet normal 0.751913 -0.659262 0
    outer loop
      vertex 76.0166 51.5219 1.5
      vertex 76.2322 51.7678 0
      vertex 76.2322 51.7678 1.5
    endloop
  endfacet
  facet normal 0.751913 -0.659262 0
    outer loop
      vertex 76.2322 51.7678 0
      vertex 76.0166 51.5219 1.5
      vertex 76.0166 51.5219 0
    endloop
  endfacet
  facet normal 0.442191 -0.896921 0
    outer loop
      vertex 76.75 52.1651 0
      vertex 77.0433 52.3097 1.5
      vertex 76.75 52.1651 1.5
    endloop
  endfacet
  facet normal 0.442191 -0.896921 0
    outer loop
      vertex 77.0433 52.3097 1.5
      vertex 76.75 52.1651 0
      vertex 77.0433 52.3097 0
    endloop
  endfacet
  facet normal -0.896921 -0.442191 0
    outer loop
      vertex 80.3097 50.9567 0
      vertex 80.1651 51.25 1.5
      vertex 80.1651 51.25 0
    endloop
  endfacet
  facet normal -0.896921 -0.442191 0
    outer loop
      vertex 80.1651 51.25 1.5
      vertex 80.3097 50.9567 0
      vertex 80.3097 50.9567 1.5
    endloop
  endfacet
  facet normal -0.98078 -0.195116 0
    outer loop
      vertex 80.4786 50.3263 0
      vertex 80.4148 50.647 1.5
      vertex 80.4148 50.647 0
    endloop
  endfacet
  facet normal -0.98078 -0.195116 0
    outer loop
      vertex 80.4148 50.647 1.5
      vertex 80.4786 50.3263 0
      vertex 80.4786 50.3263 1.5
    endloop
  endfacet
  facet normal -0.32136 -0.946957 0
    outer loop
      vertex 78.647 52.4148 0
      vertex 78.9567 52.3097 1.5
      vertex 78.647 52.4148 1.5
    endloop
  endfacet
  facet normal -0.32136 -0.946957 -0
    outer loop
      vertex 78.9567 52.3097 1.5
      vertex 78.647 52.4148 0
      vertex 78.9567 52.3097 0
    endloop
  endfacet
  facet normal -0.555617 -0.831438 0
    outer loop
      vertex 79.25 52.1651 0
      vertex 79.5219 51.9834 1.5
      vertex 79.25 52.1651 1.5
    endloop
  endfacet
  facet normal -0.555617 -0.831438 -0
    outer loop
      vertex 79.5219 51.9834 1.5
      vertex 79.25 52.1651 0
      vertex 79.5219 51.9834 0
    endloop
  endfacet
  facet normal 0.946957 -0.32136 0
    outer loop
      vertex 75.5852 50.647 1.5
      vertex 75.6903 50.9567 0
      vertex 75.6903 50.9567 1.5
    endloop
  endfacet
  facet normal 0.946957 -0.32136 0
    outer loop
      vertex 75.6903 50.9567 0
      vertex 75.5852 50.647 1.5
      vertex 75.5852 50.647 0
    endloop
  endfacet
  facet normal 0.831438 -0.555617 0
    outer loop
      vertex 75.8349 51.25 1.5
      vertex 76.0166 51.5219 0
      vertex 76.0166 51.5219 1.5
    endloop
  endfacet
  facet normal 0.831438 -0.555617 0
    outer loop
      vertex 76.0166 51.5219 0
      vertex 75.8349 51.25 1.5
      vertex 75.8349 51.25 0
    endloop
  endfacet
  facet normal 0.98078 -0.195116 0
    outer loop
      vertex 75.5214 50.3263 1.5
      vertex 75.5852 50.647 0
      vertex 75.5852 50.647 1.5
    endloop
  endfacet
  facet normal 0.98078 -0.195116 0
    outer loop
      vertex 75.5852 50.647 0
      vertex 75.5214 50.3263 1.5
      vertex 75.5214 50.3263 0
    endloop
  endfacet
  facet normal 0.32136 -0.946957 0
    outer loop
      vertex 77.0433 52.3097 0
      vertex 77.353 52.4148 1.5
      vertex 77.0433 52.3097 1.5
    endloop
  endfacet
  facet normal 0.32136 -0.946957 0
    outer loop
      vertex 77.353 52.4148 1.5
      vertex 77.0433 52.3097 0
      vertex 77.353 52.4148 0
    endloop
  endfacet
  facet normal -0.195116 0.98078 0
    outer loop
      vertex 78.647 47.5852 0
      vertex 78.3263 47.5214 1.5
      vertex 78.647 47.5852 1.5
    endloop
  endfacet
  facet normal -0.195116 0.98078 0
    outer loop
      vertex 78.3263 47.5214 1.5
      vertex 78.647 47.5852 0
      vertex 78.3263 47.5214 0
    endloop
  endfacet
  facet normal -0.98078 0.195116 0
    outer loop
      vertex 80.4148 49.353 0
      vertex 80.4786 49.6737 1.5
      vertex 80.4786 49.6737 0
    endloop
  endfacet
  facet normal -0.98078 0.195116 0
    outer loop
      vertex 80.4786 49.6737 1.5
      vertex 80.4148 49.353 0
      vertex 80.4148 49.353 1.5
    endloop
  endfacet
  facet normal 0.195116 0.98078 -0
    outer loop
      vertex 77.6737 47.5214 0
      vertex 77.353 47.5852 1.5
      vertex 77.6737 47.5214 1.5
    endloop
  endfacet
  facet normal 0.195116 0.98078 0
    outer loop
      vertex 77.353 47.5852 1.5
      vertex 77.6737 47.5214 0
      vertex 77.353 47.5852 0
    endloop
  endfacet
  facet normal -0.946957 -0.32136 0
    outer loop
      vertex 80.4148 50.647 0
      vertex 80.3097 50.9567 1.5
      vertex 80.3097 50.9567 0
    endloop
  endfacet
  facet normal -0.946957 -0.32136 0
    outer loop
      vertex 80.3097 50.9567 1.5
      vertex 80.4148 50.647 0
      vertex 80.4148 50.647 1.5
    endloop
  endfacet
  facet normal -0.751913 -0.659262 0
    outer loop
      vertex 79.9834 51.5219 0
      vertex 79.7678 51.7678 1.5
      vertex 79.7678 51.7678 0
    endloop
  endfacet
  facet normal -0.751913 -0.659262 0
    outer loop
      vertex 79.7678 51.7678 1.5
      vertex 79.9834 51.5219 0
      vertex 79.9834 51.5219 1.5
    endloop
  endfacet
  facet normal -0.831438 -0.555617 0
    outer loop
      vertex 80.1651 51.25 0
      vertex 79.9834 51.5219 1.5
      vertex 79.9834 51.5219 0
    endloop
  endfacet
  facet normal -0.831438 -0.555617 0
    outer loop
      vertex 79.9834 51.5219 1.5
      vertex 80.1651 51.25 0
      vertex 80.1651 51.25 1.5
    endloop
  endfacet
  facet normal -0.195116 -0.98078 0
    outer loop
      vertex 78.3263 52.4786 0
      vertex 78.647 52.4148 1.5
      vertex 78.3263 52.4786 1.5
    endloop
  endfacet
  facet normal -0.195116 -0.98078 -0
    outer loop
      vertex 78.647 52.4148 1.5
      vertex 78.3263 52.4786 0
      vertex 78.647 52.4148 0
    endloop
  endfacet
  facet normal -0.0654432 -0.997856 0
    outer loop
      vertex 78 52.5 0
      vertex 78.3263 52.4786 1.5
      vertex 78 52.5 1.5
    endloop
  endfacet
  facet normal -0.0654432 -0.997856 -0
    outer loop
      vertex 78.3263 52.4786 1.5
      vertex 78 52.5 0
      vertex 78.3263 52.4786 0
    endloop
  endfacet
  facet normal -0.442191 -0.896921 0
    outer loop
      vertex 78.9567 52.3097 0
      vertex 79.25 52.1651 1.5
      vertex 78.9567 52.3097 1.5
    endloop
  endfacet
  facet normal -0.442191 -0.896921 -0
    outer loop
      vertex 79.25 52.1651 1.5
      vertex 78.9567 52.3097 0
      vertex 79.25 52.1651 0
    endloop
  endfacet
  facet normal 0.896921 -0.442191 0
    outer loop
      vertex 75.6903 50.9567 1.5
      vertex 75.8349 51.25 0
      vertex 75.8349 51.25 1.5
    endloop
  endfacet
  facet normal 0.896921 -0.442191 0
    outer loop
      vertex 75.8349 51.25 0
      vertex 75.6903 50.9567 1.5
      vertex 75.6903 50.9567 0
    endloop
  endfacet
  facet normal 0.997856 -0.0654432 0
    outer loop
      vertex 75.5 50 1.5
      vertex 75.5214 50.3263 0
      vertex 75.5214 50.3263 1.5
    endloop
  endfacet
  facet normal 0.997856 -0.0654432 0
    outer loop
      vertex 75.5214 50.3263 0
      vertex 75.5 50 1.5
      vertex 75.5 50 0
    endloop
  endfacet
  facet normal 0.555617 -0.831438 0
    outer loop
      vertex 76.4781 51.9834 0
      vertex 76.75 52.1651 1.5
      vertex 76.4781 51.9834 1.5
    endloop
  endfacet
  facet normal 0.555617 -0.831438 0
    outer loop
      vertex 76.75 52.1651 1.5
      vertex 76.4781 51.9834 0
      vertex 76.75 52.1651 0
    endloop
  endfacet
  facet normal 0.659262 -0.751913 0
    outer loop
      vertex 76.2322 51.7678 0
      vertex 76.4781 51.9834 1.5
      vertex 76.2322 51.7678 1.5
    endloop
  endfacet
  facet normal 0.659262 -0.751913 0
    outer loop
      vertex 76.4781 51.9834 1.5
      vertex 76.2322 51.7678 0
      vertex 76.4781 51.9834 0
    endloop
  endfacet
  facet normal 0.195116 -0.98078 0
    outer loop
      vertex 77.353 52.4148 0
      vertex 77.6737 52.4786 1.5
      vertex 77.353 52.4148 1.5
    endloop
  endfacet
  facet normal 0.195116 -0.98078 0
    outer loop
      vertex 77.6737 52.4786 1.5
      vertex 77.353 52.4148 0
      vertex 77.6737 52.4786 0
    endloop
  endfacet
  facet normal -0.32136 0.946957 0
    outer loop
      vertex 78.9567 47.6903 0
      vertex 78.647 47.5852 1.5
      vertex 78.9567 47.6903 1.5
    endloop
  endfacet
  facet normal -0.32136 0.946957 0
    outer loop
      vertex 78.647 47.5852 1.5
      vertex 78.9567 47.6903 0
      vertex 78.647 47.5852 0
    endloop
  endfacet
  facet normal -0.751913 0.659262 0
    outer loop
      vertex 79.7678 48.2322 0
      vertex 79.9834 48.4781 1.5
      vertex 79.9834 48.4781 0
    endloop
  endfacet
  facet normal -0.751913 0.659262 0
    outer loop
      vertex 79.9834 48.4781 1.5
      vertex 79.7678 48.2322 0
      vertex 79.7678 48.2322 1.5
    endloop
  endfacet
  facet normal -0.555617 0.831438 0
    outer loop
      vertex 79.5219 48.0166 0
      vertex 79.25 47.8349 1.5
      vertex 79.5219 48.0166 1.5
    endloop
  endfacet
  facet normal -0.555617 0.831438 0
    outer loop
      vertex 79.25 47.8349 1.5
      vertex 79.5219 48.0166 0
      vertex 79.25 47.8349 0
    endloop
  endfacet
  facet normal -0.831438 0.555617 0
    outer loop
      vertex 79.9834 48.4781 0
      vertex 80.1651 48.75 1.5
      vertex 80.1651 48.75 0
    endloop
  endfacet
  facet normal -0.831438 0.555617 0
    outer loop
      vertex 80.1651 48.75 1.5
      vertex 79.9834 48.4781 0
      vertex 79.9834 48.4781 1.5
    endloop
  endfacet
  facet normal -0.946957 0.32136 0
    outer loop
      vertex 80.3097 49.0433 0
      vertex 80.4148 49.353 1.5
      vertex 80.4148 49.353 0
    endloop
  endfacet
  facet normal -0.946957 0.32136 0
    outer loop
      vertex 80.4148 49.353 1.5
      vertex 80.3097 49.0433 0
      vertex 80.3097 49.0433 1.5
    endloop
  endfacet
  facet normal 0.555617 0.831438 -0
    outer loop
      vertex 76.75 47.8349 0
      vertex 76.4781 48.0166 1.5
      vertex 76.75 47.8349 1.5
    endloop
  endfacet
  facet normal 0.555617 0.831438 0
    outer loop
      vertex 76.4781 48.0166 1.5
      vertex 76.75 47.8349 0
      vertex 76.4781 48.0166 0
    endloop
  endfacet
  facet normal 0.32136 0.946957 -0
    outer loop
      vertex 77.353 47.5852 0
      vertex 77.0433 47.6903 1.5
      vertex 77.353 47.5852 1.5
    endloop
  endfacet
  facet normal 0.32136 0.946957 0
    outer loop
      vertex 77.0433 47.6903 1.5
      vertex 77.353 47.5852 0
      vertex 77.0433 47.6903 0
    endloop
  endfacet
  facet normal 0.0654432 0.997856 -0
    outer loop
      vertex 78 47.5 0
      vertex 77.6737 47.5214 1.5
      vertex 78 47.5 1.5
    endloop
  endfacet
  facet normal 0.0654432 0.997856 0
    outer loop
      vertex 77.6737 47.5214 1.5
      vertex 78 47.5 0
      vertex 77.6737 47.5214 0
    endloop
  endfacet
  facet normal 0.831438 0.555617 0
    outer loop
      vertex 76.0166 48.4781 1.5
      vertex 75.8349 48.75 0
      vertex 75.8349 48.75 1.5
    endloop
  endfacet
  facet normal 0.831438 0.555617 0
    outer loop
      vertex 75.8349 48.75 0
      vertex 76.0166 48.4781 1.5
      vertex 76.0166 48.4781 0
    endloop
  endfacet
  facet normal 0.659262 0.751913 -0
    outer loop
      vertex 76.4781 48.0166 0
      vertex 76.2322 48.2322 1.5
      vertex 76.4781 48.0166 1.5
    endloop
  endfacet
  facet normal 0.659262 0.751913 0
    outer loop
      vertex 76.2322 48.2322 1.5
      vertex 76.4781 48.0166 0
      vertex 76.2322 48.2322 0
    endloop
  endfacet
  facet normal 0.896921 0.442191 0
    outer loop
      vertex 75.8349 48.75 1.5
      vertex 75.6903 49.0433 0
      vertex 75.6903 49.0433 1.5
    endloop
  endfacet
  facet normal 0.896921 0.442191 0
    outer loop
      vertex 75.6903 49.0433 0
      vertex 75.8349 48.75 1.5
      vertex 75.8349 48.75 0
    endloop
  endfacet
  facet normal 0.98078 0.195116 0
    outer loop
      vertex 75.5852 49.353 1.5
      vertex 75.5214 49.6737 0
      vertex 75.5214 49.6737 1.5
    endloop
  endfacet
  facet normal 0.98078 0.195116 0
    outer loop
      vertex 75.5214 49.6737 0
      vertex 75.5852 49.353 1.5
      vertex 75.5852 49.353 0
    endloop
  endfacet
  facet normal 0.997856 0.0654432 0
    outer loop
      vertex 75.5214 49.6737 1.5
      vertex 75.5 50 0
      vertex 75.5 50 1.5
    endloop
  endfacet
  facet normal 0.997856 0.0654432 0
    outer loop
      vertex 75.5 50 0
      vertex 75.5214 49.6737 1.5
      vertex 75.5214 49.6737 0
    endloop
  endfacet
  facet normal -0.997856 0.0654432 0
    outer loop
      vertex 80.4786 49.6737 0
      vertex 80.5 50 1.5
      vertex 80.5 50 0
    endloop
  endfacet
  facet normal -0.997856 0.0654432 0
    outer loop
      vertex 80.5 50 1.5
      vertex 80.4786 49.6737 0
      vertex 80.4786 49.6737 1.5
    endloop
  endfacet
  facet normal -0.442191 0.896921 0
    outer loop
      vertex 79.25 47.8349 0
      vertex 78.9567 47.6903 1.5
      vertex 79.25 47.8349 1.5
    endloop
  endfacet
  facet normal -0.442191 0.896921 0
    outer loop
      vertex 78.9567 47.6903 1.5
      vertex 79.25 47.8349 0
      vertex 78.9567 47.6903 0
    endloop
  endfacet
  facet normal -0.659262 0.751913 0
    outer loop
      vertex 79.7678 48.2322 0
      vertex 79.5219 48.0166 1.5
      vertex 79.7678 48.2322 1.5
    endloop
  endfacet
  facet normal -0.659262 0.751913 0
    outer loop
      vertex 79.5219 48.0166 1.5
      vertex 79.7678 48.2322 0
      vertex 79.5219 48.0166 0
    endloop
  endfacet
  facet normal -0.896921 0.442191 0
    outer loop
      vertex 80.1651 48.75 0
      vertex 80.3097 49.0433 1.5
      vertex 80.3097 49.0433 0
    endloop
  endfacet
  facet normal -0.896921 0.442191 0
    outer loop
      vertex 80.3097 49.0433 1.5
      vertex 80.1651 48.75 0
      vertex 80.1651 48.75 1.5
    endloop
  endfacet
  facet normal 0.442191 0.896921 -0
    outer loop
      vertex 77.0433 47.6903 0
      vertex 76.75 47.8349 1.5
      vertex 77.0433 47.6903 1.5
    endloop
  endfacet
  facet normal 0.442191 0.896921 0
    outer loop
      vertex 76.75 47.8349 1.5
      vertex 77.0433 47.6903 0
      vertex 76.75 47.8349 0
    endloop
  endfacet
  facet normal -0.0654432 0.997856 0
    outer loop
      vertex 78.3263 47.5214 0
      vertex 78 47.5 1.5
      vertex 78.3263 47.5214 1.5
    endloop
  endfacet
  facet normal -0.0654432 0.997856 0
    outer loop
      vertex 78 47.5 1.5
      vertex 78.3263 47.5214 0
      vertex 78 47.5 0
    endloop
  endfacet
  facet normal 0.751913 0.659262 0
    outer loop
      vertex 76.2322 48.2322 1.5
      vertex 76.0166 48.4781 0
      vertex 76.0166 48.4781 1.5
    endloop
  endfacet
  facet normal 0.751913 0.659262 0
    outer loop
      vertex 76.0166 48.4781 0
      vertex 76.2322 48.2322 1.5
      vertex 76.2322 48.2322 0
    endloop
  endfacet
  facet normal 0.946957 0.32136 0
    outer loop
      vertex 75.6903 49.0433 1.5
      vertex 75.5852 49.353 0
      vertex 75.5852 49.353 1.5
    endloop
  endfacet
  facet normal 0.946957 0.32136 0
    outer loop
      vertex 75.5852 49.353 0
      vertex 75.6903 49.0433 1.5
      vertex 75.6903 49.0433 0
    endloop
  endfacet
  facet normal -0.99786 -0.0653877 0
    outer loop
      vertex 6.2 4.5 0
      vertex 6.18546 4.72189 1.5
      vertex 6.18546 4.72189 0
    endloop
  endfacet
  facet normal -0.99786 -0.0653877 0
    outer loop
      vertex 6.18546 4.72189 1.5
      vertex 6.2 4.5 0
      vertex 6.2 4.5 1.5
    endloop
  endfacet
  facet normal 0.0653848 -0.99786 0
    outer loop
      vertex 4.2781 6.18546 0
      vertex 4.5 6.2 1.5
      vertex 4.2781 6.18546 1.5
    endloop
  endfacet
  facet normal 0.0653848 -0.99786 0
    outer loop
      vertex 4.5 6.2 1.5
      vertex 4.2781 6.18546 0
      vertex 4.5 6.2 0
    endloop
  endfacet
  facet normal -0.0653877 0.99786 0
    outer loop
      vertex 4.72189 2.81454 0
      vertex 4.5 2.8 1.5
      vertex 4.72189 2.81454 1.5
    endloop
  endfacet
  facet normal -0.0653877 0.99786 0
    outer loop
      vertex 4.5 2.8 1.5
      vertex 4.72189 2.81454 0
      vertex 4.5 2.8 0
    endloop
  endfacet
  facet normal -0.659342 -0.751844 0
    outer loop
      vertex 5.53489 5.8487 0
      vertex 5.70208 5.70208 1.5
      vertex 5.53489 5.8487 1.5
    endloop
  endfacet
  facet normal -0.659342 -0.751844 -0
    outer loop
      vertex 5.70208 5.70208 1.5
      vertex 5.53489 5.8487 0
      vertex 5.70208 5.70208 0
    endloop
  endfacet
  facet normal 0.751844 -0.659342 0
    outer loop
      vertex 3.1513 5.53489 1.5
      vertex 3.29792 5.70208 0
      vertex 3.29792 5.70208 1.5
    endloop
  endfacet
  facet normal 0.751844 -0.659342 0
    outer loop
      vertex 3.29792 5.70208 0
      vertex 3.1513 5.53489 1.5
      vertex 3.1513 5.53489 0
    endloop
  endfacet
  facet normal 0.442278 -0.896878 0
    outer loop
      vertex 3.65 5.97224 0
      vertex 3.84944 6.07059 1.5
      vertex 3.65 5.97224 1.5
    endloop
  endfacet
  facet normal 0.442278 -0.896878 0
    outer loop
      vertex 3.84944 6.07059 1.5
      vertex 3.65 5.97224 0
      vertex 3.84944 6.07059 0
    endloop
  endfacet
  facet normal -0.896878 -0.442278 0
    outer loop
      vertex 6.07059 5.15056 0
      vertex 5.97224 5.35 1.5
      vertex 5.97224 5.35 0
    endloop
  endfacet
  facet normal -0.896878 -0.442278 0
    outer loop
      vertex 5.97224 5.35 1.5
      vertex 6.07059 5.15056 0
      vertex 6.07059 5.15056 1.5
    endloop
  endfacet
  facet normal -0.980779 -0.195122 0
    outer loop
      vertex 6.18546 4.72189 0
      vertex 6.14207 4.93999 1.5
      vertex 6.14207 4.93999 0
    endloop
  endfacet
  facet normal -0.980779 -0.195122 0
    outer loop
      vertex 6.14207 4.93999 1.5
      vertex 6.18546 4.72189 0
      vertex 6.18546 4.72189 1.5
    endloop
  endfacet
  facet normal -0.831469 -0.555572 0
    outer loop
      vertex 5.97224 5.35 0
      vertex 5.8487 5.53489 1.5
      vertex 5.8487 5.53489 0
    endloop
  endfacet
  facet normal -0.831469 -0.555572 0
    outer loop
      vertex 5.8487 5.53489 1.5
      vertex 5.97224 5.35 0
      vertex 5.97224 5.35 1.5
    endloop
  endfacet
  facet normal -0.321444 -0.946929 0
    outer loop
      vertex 4.93999 6.14207 0
      vertex 5.15056 6.07059 1.5
      vertex 4.93999 6.14207 1.5
    endloop
  endfacet
  facet normal -0.321444 -0.946929 -0
    outer loop
      vertex 5.15056 6.07059 1.5
      vertex 4.93999 6.14207 0
      vertex 5.15056 6.07059 0
    endloop
  endfacet
  facet normal -0.442278 -0.896878 0
    outer loop
      vertex 5.15056 6.07059 0
      vertex 5.35 5.97224 1.5
      vertex 5.15056 6.07059 1.5
    endloop
  endfacet
  facet normal -0.442278 -0.896878 -0
    outer loop
      vertex 5.35 5.97224 1.5
      vertex 5.15056 6.07059 0
      vertex 5.35 5.97224 0
    endloop
  endfacet
  facet normal 0.946942 -0.321404 0
    outer loop
      vertex 2.85793 4.93999 1.5
      vertex 2.9294 5.15056 0
      vertex 2.9294 5.15056 1.5
    endloop
  endfacet
  facet normal 0.946942 -0.321404 0
    outer loop
      vertex 2.9294 5.15056 0
      vertex 2.85793 4.93999 1.5
      vertex 2.85793 4.93999 0
    endloop
  endfacet
  facet normal 0.555572 -0.831469 0
    outer loop
      vertex 3.46511 5.8487 0
      vertex 3.65 5.97224 1.5
      vertex 3.46511 5.8487 1.5
    endloop
  endfacet
  facet normal 0.555572 -0.831469 0
    outer loop
      vertex 3.65 5.97224 1.5
      vertex 3.46511 5.8487 0
      vertex 3.65 5.97224 0
    endloop
  endfacet
  facet normal 0.19513 -0.980777 0
    outer loop
      vertex 4.06001 6.14207 0
      vertex 4.2781 6.18546 1.5
      vertex 4.06001 6.14207 1.5
    endloop
  endfacet
  facet normal 0.19513 -0.980777 0
    outer loop
      vertex 4.2781 6.18546 1.5
      vertex 4.06001 6.14207 0
      vertex 4.2781 6.18546 0
    endloop
  endfacet
  facet normal -0.195122 0.980779 0
    outer loop
      vertex 4.93999 2.85793 0
      vertex 4.72189 2.81454 1.5
      vertex 4.93999 2.85793 1.5
    endloop
  endfacet
  facet normal -0.195122 0.980779 0
    outer loop
      vertex 4.72189 2.81454 1.5
      vertex 4.93999 2.85793 0
      vertex 4.72189 2.81454 0
    endloop
  endfacet
  facet normal -0.946929 -0.321444 0
    outer loop
      vertex 6.14207 4.93999 0
      vertex 6.07059 5.15056 1.5
      vertex 6.07059 5.15056 0
    endloop
  endfacet
  facet normal -0.946929 -0.321444 0
    outer loop
      vertex 6.07059 5.15056 1.5
      vertex 6.14207 4.93999 0
      vertex 6.14207 4.93999 1.5
    endloop
  endfacet
  facet normal -0.751844 -0.659342 0
    outer loop
      vertex 5.8487 5.53489 0
      vertex 5.70208 5.70208 1.5
      vertex 5.70208 5.70208 0
    endloop
  endfacet
  facet normal -0.751844 -0.659342 0
    outer loop
      vertex 5.70208 5.70208 1.5
      vertex 5.8487 5.53489 0
      vertex 5.8487 5.53489 1.5
    endloop
  endfacet
  facet normal -0.195122 -0.980779 0
    outer loop
      vertex 4.72189 6.18546 0
      vertex 4.93999 6.14207 1.5
      vertex 4.72189 6.18546 1.5
    endloop
  endfacet
  facet normal -0.195122 -0.980779 -0
    outer loop
      vertex 4.93999 6.14207 1.5
      vertex 4.72189 6.18546 0
      vertex 4.93999 6.14207 0
    endloop
  endfacet
  facet normal -0.0653877 -0.99786 0
    outer loop
      vertex 4.5 6.2 0
      vertex 4.72189 6.18546 1.5
      vertex 4.5 6.2 1.5
    endloop
  endfacet
  facet normal -0.0653877 -0.99786 -0
    outer loop
      vertex 4.72189 6.18546 1.5
      vertex 4.5 6.2 0
      vertex 4.72189 6.18546 0
    endloop
  endfacet
  facet normal -0.555572 -0.831469 0
    outer loop
      vertex 5.35 5.97224 0
      vertex 5.53489 5.8487 1.5
      vertex 5.35 5.97224 1.5
    endloop
  endfacet
  facet normal -0.555572 -0.831469 -0
    outer loop
      vertex 5.53489 5.8487 1.5
      vertex 5.35 5.97224 0
      vertex 5.53489 5.8487 0
    endloop
  endfacet
  facet normal 0.89686 -0.442314 0
    outer loop
      vertex 2.9294 5.15056 1.5
      vertex 3.02776 5.35 0
      vertex 3.02776 5.35 1.5
    endloop
  endfacet
  facet normal 0.89686 -0.442314 0
    outer loop
      vertex 3.02776 5.35 0
      vertex 2.9294 5.15056 1.5
      vertex 2.9294 5.15056 0
    endloop
  endfacet
  facet normal 0.831469 -0.555572 0
    outer loop
      vertex 3.02776 5.35 1.5
      vertex 3.1513 5.53489 0
      vertex 3.1513 5.53489 1.5
    endloop
  endfacet
  facet normal 0.831469 -0.555572 0
    outer loop
      vertex 3.1513 5.53489 0
      vertex 3.02776 5.35 1.5
      vertex 3.02776 5.35 0
    endloop
  endfacet
  facet normal 0.980779 -0.195122 0
    outer loop
      vertex 2.81454 4.72189 1.5
      vertex 2.85793 4.93999 0
      vertex 2.85793 4.93999 1.5
    endloop
  endfacet
  facet normal 0.980779 -0.195122 0
    outer loop
      vertex 2.85793 4.93999 0
      vertex 2.81454 4.72189 1.5
      vertex 2.81454 4.72189 0
    endloop
  endfacet
  facet normal 0.99786 -0.0653877 0
    outer loop
      vertex 2.8 4.5 1.5
      vertex 2.81454 4.72189 0
      vertex 2.81454 4.72189 1.5
    endloop
  endfacet
  facet normal 0.99786 -0.0653877 0
    outer loop
      vertex 2.81454 4.72189 0
      vertex 2.8 4.5 1.5
      vertex 2.8 4.5 0
    endloop
  endfacet
  facet normal 0.99786 0.0653848 0
    outer loop
      vertex 2.81454 4.2781 1.5
      vertex 2.8 4.5 0
      vertex 2.8 4.5 1.5
    endloop
  endfacet
  facet normal 0.99786 0.0653848 0
    outer loop
      vertex 2.8 4.5 0
      vertex 2.81454 4.2781 1.5
      vertex 2.81454 4.2781 0
    endloop
  endfacet
  facet normal 0.659342 -0.751844 0
    outer loop
      vertex 3.29792 5.70208 0
      vertex 3.46511 5.8487 1.5
      vertex 3.29792 5.70208 1.5
    endloop
  endfacet
  facet normal 0.659342 -0.751844 0
    outer loop
      vertex 3.46511 5.8487 1.5
      vertex 3.29792 5.70208 0
      vertex 3.46511 5.8487 0
    endloop
  endfacet
  facet normal 0.321444 -0.946929 0
    outer loop
      vertex 3.84944 6.07059 0
      vertex 4.06001 6.14207 1.5
      vertex 3.84944 6.07059 1.5
    endloop
  endfacet
  facet normal 0.321444 -0.946929 0
    outer loop
      vertex 4.06001 6.14207 1.5
      vertex 3.84944 6.07059 0
      vertex 4.06001 6.14207 0
    endloop
  endfacet
  facet normal -0.946929 0.321444 0
    outer loop
      vertex 6.07059 3.84944 0
      vertex 6.14207 4.06001 1.5
      vertex 6.14207 4.06001 0
    endloop
  endfacet
  facet normal -0.946929 0.321444 0
    outer loop
      vertex 6.14207 4.06001 1.5
      vertex 6.07059 3.84944 0
      vertex 6.07059 3.84944 1.5
    endloop
  endfacet
  facet normal -0.980777 0.19513 0
    outer loop
      vertex 6.14207 4.06001 0
      vertex 6.18546 4.2781 1.5
      vertex 6.18546 4.2781 0
    endloop
  endfacet
  facet normal -0.980777 0.19513 0
    outer loop
      vertex 6.18546 4.2781 1.5
      vertex 6.14207 4.06001 0
      vertex 6.14207 4.06001 1.5
    endloop
  endfacet
  facet normal 0.555572 0.831469 -0
    outer loop
      vertex 3.65 3.02776 0
      vertex 3.46511 3.1513 1.5
      vertex 3.65 3.02776 1.5
    endloop
  endfacet
  facet normal 0.555572 0.831469 0
    outer loop
      vertex 3.46511 3.1513 1.5
      vertex 3.65 3.02776 0
      vertex 3.46511 3.1513 0
    endloop
  endfacet
  facet normal 0.831469 0.555572 0
    outer loop
      vertex 3.1513 3.46511 1.5
      vertex 3.02776 3.65 0
      vertex 3.02776 3.65 1.5
    endloop
  endfacet
  facet normal 0.831469 0.555572 0
    outer loop
      vertex 3.02776 3.65 0
      vertex 3.1513 3.46511 1.5
      vertex 3.1513 3.46511 0
    endloop
  endfacet
  facet normal 0.751844 0.659342 0
    outer loop
      vertex 3.29792 3.29792 1.5
      vertex 3.1513 3.46511 0
      vertex 3.1513 3.46511 1.5
    endloop
  endfacet
  facet normal 0.751844 0.659342 0
    outer loop
      vertex 3.1513 3.46511 0
      vertex 3.29792 3.29792 1.5
      vertex 3.29792 3.29792 0
    endloop
  endfacet
  facet normal -0.555572 0.831469 0
    outer loop
      vertex 5.53489 3.1513 0
      vertex 5.35 3.02776 1.5
      vertex 5.53489 3.1513 1.5
    endloop
  endfacet
  facet normal -0.555572 0.831469 0
    outer loop
      vertex 5.35 3.02776 1.5
      vertex 5.53489 3.1513 0
      vertex 5.35 3.02776 0
    endloop
  endfacet
  facet normal -0.99786 0.0653848 0
    outer loop
      vertex 6.18546 4.2781 0
      vertex 6.2 4.5 1.5
      vertex 6.2 4.5 0
    endloop
  endfacet
  facet normal -0.99786 0.0653848 0
    outer loop
      vertex 6.2 4.5 1.5
      vertex 6.18546 4.2781 0
      vertex 6.18546 4.2781 1.5
    endloop
  endfacet
  facet normal 0.19513 0.980777 -0
    outer loop
      vertex 4.2781 2.81454 0
      vertex 4.06001 2.85793 1.5
      vertex 4.2781 2.81454 1.5
    endloop
  endfacet
  facet normal 0.19513 0.980777 0
    outer loop
      vertex 4.06001 2.85793 1.5
      vertex 4.2781 2.81454 0
      vertex 4.06001 2.85793 0
    endloop
  endfacet
  facet normal 0.659342 0.751844 -0
    outer loop
      vertex 3.46511 3.1513 0
      vertex 3.29792 3.29792 1.5
      vertex 3.46511 3.1513 1.5
    endloop
  endfacet
  facet normal 0.659342 0.751844 0
    outer loop
      vertex 3.29792 3.29792 1.5
      vertex 3.46511 3.1513 0
      vertex 3.29792 3.29792 0
    endloop
  endfacet
  facet normal 0.946942 0.321404 0
    outer loop
      vertex 2.9294 3.84944 1.5
      vertex 2.85793 4.06001 0
      vertex 2.85793 4.06001 1.5
    endloop
  endfacet
  facet normal 0.946942 0.321404 0
    outer loop
      vertex 2.85793 4.06001 0
      vertex 2.9294 3.84944 1.5
      vertex 2.9294 3.84944 0
    endloop
  endfacet
  facet normal 0.980777 0.19513 0
    outer loop
      vertex 2.85793 4.06001 1.5
      vertex 2.81454 4.2781 0
      vertex 2.81454 4.2781 1.5
    endloop
  endfacet
  facet normal 0.980777 0.19513 0
    outer loop
      vertex 2.81454 4.2781 0
      vertex 2.85793 4.06001 1.5
      vertex 2.85793 4.06001 0
    endloop
  endfacet
  facet normal 0.89686 0.442314 0
    outer loop
      vertex 3.02776 3.65 1.5
      vertex 2.9294 3.84944 0
      vertex 2.9294 3.84944 1.5
    endloop
  endfacet
  facet normal 0.89686 0.442314 0
    outer loop
      vertex 2.9294 3.84944 0
      vertex 3.02776 3.65 1.5
      vertex 3.02776 3.65 0
    endloop
  endfacet
  facet normal -0.659342 0.751844 0
    outer loop
      vertex 5.70208 3.29792 0
      vertex 5.53489 3.1513 1.5
      vertex 5.70208 3.29792 1.5
    endloop
  endfacet
  facet normal -0.659342 0.751844 0
    outer loop
      vertex 5.53489 3.1513 1.5
      vertex 5.70208 3.29792 0
      vertex 5.53489 3.1513 0
    endloop
  endfacet
  facet normal -0.442314 0.89686 0
    outer loop
      vertex 5.35 3.02776 0
      vertex 5.15056 2.9294 1.5
      vertex 5.35 3.02776 1.5
    endloop
  endfacet
  facet normal -0.442314 0.89686 0
    outer loop
      vertex 5.15056 2.9294 1.5
      vertex 5.35 3.02776 0
      vertex 5.15056 2.9294 0
    endloop
  endfacet
  facet normal -0.321404 0.946942 0
    outer loop
      vertex 5.15056 2.9294 0
      vertex 4.93999 2.85793 1.5
      vertex 5.15056 2.9294 1.5
    endloop
  endfacet
  facet normal -0.321404 0.946942 0
    outer loop
      vertex 4.93999 2.85793 1.5
      vertex 5.15056 2.9294 0
      vertex 4.93999 2.85793 0
    endloop
  endfacet
  facet normal -0.896878 0.442278 0
    outer loop
      vertex 5.97224 3.65 0
      vertex 6.07059 3.84944 1.5
      vertex 6.07059 3.84944 0
    endloop
  endfacet
  facet normal -0.896878 0.442278 0
    outer loop
      vertex 6.07059 3.84944 1.5
      vertex 5.97224 3.65 0
      vertex 5.97224 3.65 1.5
    endloop
  endfacet
  facet normal -0.831469 0.555572 0
    outer loop
      vertex 5.8487 3.46511 0
      vertex 5.97224 3.65 1.5
      vertex 5.97224 3.65 0
    endloop
  endfacet
  facet normal -0.831469 0.555572 0
    outer loop
      vertex 5.97224 3.65 1.5
      vertex 5.8487 3.46511 0
      vertex 5.8487 3.46511 1.5
    endloop
  endfacet
  facet normal 0.321404 0.946942 -0
    outer loop
      vertex 4.06001 2.85793 0
      vertex 3.84944 2.9294 1.5
      vertex 4.06001 2.85793 1.5
    endloop
  endfacet
  facet normal 0.321404 0.946942 0
    outer loop
      vertex 3.84944 2.9294 1.5
      vertex 4.06001 2.85793 0
      vertex 3.84944 2.9294 0
    endloop
  endfacet
  facet normal -0.751844 0.659342 0
    outer loop
      vertex 5.70208 3.29792 0
      vertex 5.8487 3.46511 1.5
      vertex 5.8487 3.46511 0
    endloop
  endfacet
  facet normal -0.751844 0.659342 0
    outer loop
      vertex 5.8487 3.46511 1.5
      vertex 5.70208 3.29792 0
      vertex 5.70208 3.29792 1.5
    endloop
  endfacet
  facet normal 0.0653848 0.99786 -0
    outer loop
      vertex 4.5 2.8 0
      vertex 4.2781 2.81454 1.5
      vertex 4.5 2.8 1.5
    endloop
  endfacet
  facet normal 0.0653848 0.99786 0
    outer loop
      vertex 4.2781 2.81454 1.5
      vertex 4.5 2.8 0
      vertex 4.2781 2.81454 0
    endloop
  endfacet
  facet normal 0.442314 0.89686 -0
    outer loop
      vertex 3.84944 2.9294 0
      vertex 3.65 3.02776 1.5
      vertex 3.84944 2.9294 1.5
    endloop
  endfacet
  facet normal 0.442314 0.89686 0
    outer loop
      vertex 3.65 3.02776 1.5
      vertex 3.84944 2.9294 0
      vertex 3.65 3.02776 0
    endloop
  endfacet
  facet normal -0.997872 -0.0652086 0
    outer loop
      vertex 81.2 4.5 0
      vertex 81.1855 4.72189 1.5
      vertex 81.1855 4.72189 0
    endloop
  endfacet
  facet normal -0.997872 -0.0652086 0
    outer loop
      vertex 81.1855 4.72189 1.5
      vertex 81.2 4.5 0
      vertex 81.2 4.5 1.5
    endloop
  endfacet
  facet normal 0.0653848 -0.99786 0
    outer loop
      vertex 79.2781 6.18546 0
      vertex 79.5 6.2 1.5
      vertex 79.2781 6.18546 1.5
    endloop
  endfacet
  facet normal 0.0653848 -0.99786 0
    outer loop
      vertex 79.5 6.2 1.5
      vertex 79.2781 6.18546 0
      vertex 79.5 6.2 0
    endloop
  endfacet
  facet normal -0.0653848 0.99786 0
    outer loop
      vertex 79.7219 2.81454 0
      vertex 79.5 2.8 1.5
      vertex 79.7219 2.81454 1.5
    endloop
  endfacet
  facet normal -0.0653848 0.99786 0
    outer loop
      vertex 79.5 2.8 1.5
      vertex 79.7219 2.81454 0
      vertex 79.5 2.8 0
    endloop
  endfacet
  facet normal -0.659319 -0.751863 0
    outer loop
      vertex 80.5349 5.8487 0
      vertex 80.7021 5.70208 1.5
      vertex 80.5349 5.8487 1.5
    endloop
  endfacet
  facet normal -0.659319 -0.751863 -0
    outer loop
      vertex 80.7021 5.70208 1.5
      vertex 80.5349 5.8487 0
      vertex 80.7021 5.70208 0
    endloop
  endfacet
  facet normal 0.751888 -0.659291 0
    outer loop
      vertex 78.1513 5.53489 1.5
      vertex 78.2979 5.70208 0
      vertex 78.2979 5.70208 1.5
    endloop
  endfacet
  facet normal 0.751888 -0.659291 0
    outer loop
      vertex 78.2979 5.70208 0
      vertex 78.1513 5.53489 1.5
      vertex 78.1513 5.53489 0
    endloop
  endfacet
  facet normal 0.442349 -0.896843 0
    outer loop
      vertex 78.65 5.97224 0
      vertex 78.8494 6.07059 1.5
      vertex 78.65 5.97224 1.5
    endloop
  endfacet
  facet normal 0.442349 -0.896843 0
    outer loop
      vertex 78.8494 6.07059 1.5
      vertex 78.65 5.97224 0
      vertex 78.8494 6.07059 0
    endloop
  endfacet
  facet normal -0.896789 -0.442459 0
    outer loop
      vertex 81.0706 5.15056 0
      vertex 80.9722 5.35 1.5
      vertex 80.9722 5.35 0
    endloop
  endfacet
  facet normal -0.896789 -0.442459 0
    outer loop
      vertex 80.9722 5.35 1.5
      vertex 81.0706 5.15056 0
      vertex 81.0706 5.15056 1.5
    endloop
  endfacet
  facet normal -0.98077 -0.195165 0
    outer loop
      vertex 81.1855 4.72189 0
      vertex 81.1421 4.93999 1.5
      vertex 81.1421 4.93999 0
    endloop
  endfacet
  facet normal -0.98077 -0.195165 0
    outer loop
      vertex 81.1421 4.93999 1.5
      vertex 81.1855 4.72189 0
      vertex 81.1855 4.72189 1.5
    endloop
  endfacet
  facet normal -0.831552 -0.555447 0
    outer loop
      vertex 80.9722 5.35 0
      vertex 80.8487 5.53489 1.5
      vertex 80.8487 5.53489 0
    endloop
  endfacet
  facet normal -0.831552 -0.555447 0
    outer loop
      vertex 80.8487 5.53489 1.5
      vertex 80.9722 5.35 0
      vertex 80.9722 5.35 1.5
    endloop
  endfacet
  facet normal -0.321403 -0.946943 0
    outer loop
      vertex 79.94 6.14207 0
      vertex 80.1506 6.07059 1.5
      vertex 79.94 6.14207 1.5
    endloop
  endfacet
  facet normal -0.321403 -0.946943 -0
    outer loop
      vertex 80.1506 6.07059 1.5
      vertex 79.94 6.14207 0
      vertex 80.1506 6.07059 0
    endloop
  endfacet
  facet normal -0.442349 -0.896843 0
    outer loop
      vertex 80.1506 6.07059 0
      vertex 80.35 5.97224 1.5
      vertex 80.1506 6.07059 1.5
    endloop
  endfacet
  facet normal -0.442349 -0.896843 -0
    outer loop
      vertex 80.35 5.97224 1.5
      vertex 80.1506 6.07059 0
      vertex 80.35 5.97224 0
    endloop
  endfacet
  facet normal 0.946901 -0.321525 0
    outer loop
      vertex 77.8579 4.93999 1.5
      vertex 77.9294 5.15056 0
      vertex 77.9294 5.15056 1.5
    endloop
  endfacet
  facet normal 0.946901 -0.321525 0
    outer loop
      vertex 77.9294 5.15056 0
      vertex 77.8579 4.93999 1.5
      vertex 77.8579 4.93999 0
    endloop
  endfacet
  facet normal 0.555551 -0.831483 0
    outer loop
      vertex 78.4651 5.8487 0
      vertex 78.65 5.97224 1.5
      vertex 78.4651 5.8487 1.5
    endloop
  endfacet
  facet normal 0.555551 -0.831483 0
    outer loop
      vertex 78.65 5.97224 1.5
      vertex 78.4651 5.8487 0
      vertex 78.65 5.97224 0
    endloop
  endfacet
  facet normal 0.195122 -0.980779 0
    outer loop
      vertex 79.06 6.14207 0
      vertex 79.2781 6.18546 1.5
      vertex 79.06 6.14207 1.5
    endloop
  endfacet
  facet normal 0.195122 -0.980779 0
    outer loop
      vertex 79.2781 6.18546 1.5
      vertex 79.06 6.14207 0
      vertex 79.2781 6.18546 0
    endloop
  endfacet
  facet normal -0.442386 0.896825 0
    outer loop
      vertex 80.35 3.02776 0
      vertex 80.1506 2.9294 1.5
      vertex 80.35 3.02776 1.5
    endloop
  endfacet
  facet normal -0.442386 0.896825 0
    outer loop
      vertex 80.1506 2.9294 1.5
      vertex 80.35 3.02776 0
      vertex 80.1506 2.9294 0
    endloop
  endfacet
  facet normal -0.946901 -0.321525 0
    outer loop
      vertex 81.1421 4.93999 0
      vertex 81.0706 5.15056 1.5
      vertex 81.0706 5.15056 0
    endloop
  endfacet
  facet normal -0.946901 -0.321525 0
    outer loop
      vertex 81.0706 5.15056 1.5
      vertex 81.1421 4.93999 0
      vertex 81.1421 4.93999 1.5
    endloop
  endfacet
  facet normal -0.751888 -0.659291 0
    outer loop
      vertex 80.8487 5.53489 0
      vertex 80.7021 5.70208 1.5
      vertex 80.7021 5.70208 0
    endloop
  endfacet
  facet normal -0.751888 -0.659291 0
    outer loop
      vertex 80.7021 5.70208 1.5
      vertex 80.8487 5.53489 0
      vertex 80.8487 5.53489 1.5
    endloop
  endfacet
  facet normal -0.195122 -0.980779 0
    outer loop
      vertex 79.7219 6.18546 0
      vertex 79.94 6.14207 1.5
      vertex 79.7219 6.18546 1.5
    endloop
  endfacet
  facet normal -0.195122 -0.980779 -0
    outer loop
      vertex 79.94 6.14207 1.5
      vertex 79.7219 6.18546 0
      vertex 79.94 6.14207 0
    endloop
  endfacet
  facet normal -0.0653848 -0.99786 0
    outer loop
      vertex 79.5 6.2 0
      vertex 79.7219 6.18546 1.5
      vertex 79.5 6.2 1.5
    endloop
  endfacet
  facet normal -0.0653848 -0.99786 -0
    outer loop
      vertex 79.7219 6.18546 1.5
      vertex 79.5 6.2 0
      vertex 79.7219 6.18546 0
    endloop
  endfacet
  facet normal -0.555551 -0.831483 0
    outer loop
      vertex 80.35 5.97224 0
      vertex 80.5349 5.8487 1.5
      vertex 80.35 5.97224 1.5
    endloop
  endfacet
  facet normal -0.555551 -0.831483 -0
    outer loop
      vertex 80.5349 5.8487 1.5
      vertex 80.35 5.97224 0
      vertex 80.5349 5.8487 0
    endloop
  endfacet
  facet normal 0.896789 -0.442459 0
    outer loop
      vertex 77.9294 5.15056 1.5
      vertex 78.0278 5.35 0
      vertex 78.0278 5.35 1.5
    endloop
  endfacet
  facet normal 0.896789 -0.442459 0
    outer loop
      vertex 78.0278 5.35 0
      vertex 77.9294 5.15056 1.5
      vertex 77.9294 5.15056 0
    endloop
  endfacet
  facet normal 0.831552 -0.555447 0
    outer loop
      vertex 78.0278 5.35 1.5
      vertex 78.1513 5.53489 0
      vertex 78.1513 5.53489 1.5
    endloop
  endfacet
  facet normal 0.831552 -0.555447 0
    outer loop
      vertex 78.1513 5.53489 0
      vertex 78.0278 5.35 1.5
      vertex 78.0278 5.35 0
    endloop
  endfacet
  facet normal 0.98077 -0.195165 0
    outer loop
      vertex 77.8145 4.72189 1.5
      vertex 77.8579 4.93999 0
      vertex 77.8579 4.93999 1.5
    endloop
  endfacet
  facet normal 0.98077 -0.195165 0
    outer loop
      vertex 77.8579 4.93999 0
      vertex 77.8145 4.72189 1.5
      vertex 77.8145 4.72189 0
    endloop
  endfacet
  facet normal 0.997872 -0.0652086 0
    outer loop
      vertex 77.8 4.5 1.5
      vertex 77.8145 4.72189 0
      vertex 77.8145 4.72189 1.5
    endloop
  endfacet
  facet normal 0.997872 -0.0652086 0
    outer loop
      vertex 77.8145 4.72189 0
      vertex 77.8 4.5 1.5
      vertex 77.8 4.5 0
    endloop
  endfacet
  facet normal 0.997872 0.0652057 0
    outer loop
      vertex 77.8145 4.2781 1.5
      vertex 77.8 4.5 0
      vertex 77.8 4.5 1.5
    endloop
  endfacet
  facet normal 0.997872 0.0652057 0
    outer loop
      vertex 77.8 4.5 0
      vertex 77.8145 4.2781 1.5
      vertex 77.8145 4.2781 0
    endloop
  endfacet
  facet normal 0.659319 -0.751863 0
    outer loop
      vertex 78.2979 5.70208 0
      vertex 78.4651 5.8487 1.5
      vertex 78.2979 5.70208 1.5
    endloop
  endfacet
  facet normal 0.659319 -0.751863 0
    outer loop
      vertex 78.4651 5.8487 1.5
      vertex 78.2979 5.70208 0
      vertex 78.4651 5.8487 0
    endloop
  endfacet
  facet normal 0.321403 -0.946943 0
    outer loop
      vertex 78.8494 6.07059 0
      vertex 79.06 6.14207 1.5
      vertex 78.8494 6.07059 1.5
    endloop
  endfacet
  facet normal 0.321403 -0.946943 0
    outer loop
      vertex 79.06 6.14207 1.5
      vertex 78.8494 6.07059 0
      vertex 79.06 6.14207 0
    endloop
  endfacet
  facet normal -0.946901 0.321525 0
    outer loop
      vertex 81.0706 3.84944 0
      vertex 81.1421 4.06001 1.5
      vertex 81.1421 4.06001 0
    endloop
  endfacet
  facet normal -0.946901 0.321525 0
    outer loop
      vertex 81.1421 4.06001 1.5
      vertex 81.0706 3.84944 0
      vertex 81.0706 3.84944 1.5
    endloop
  endfacet
  facet normal -0.980769 0.195173 0
    outer loop
      vertex 81.1421 4.06001 0
      vertex 81.1855 4.2781 1.5
      vertex 81.1855 4.2781 0
    endloop
  endfacet
  facet normal -0.980769 0.195173 0
    outer loop
      vertex 81.1855 4.2781 1.5
      vertex 81.1421 4.06001 0
      vertex 81.1421 4.06001 1.5
    endloop
  endfacet
  facet normal 0.555551 0.831483 -0
    outer loop
      vertex 78.65 3.02776 0
      vertex 78.4651 3.1513 1.5
      vertex 78.65 3.02776 1.5
    endloop
  endfacet
  facet normal 0.555551 0.831483 0
    outer loop
      vertex 78.4651 3.1513 1.5
      vertex 78.65 3.02776 0
      vertex 78.4651 3.1513 0
    endloop
  endfacet
  facet normal 0.831552 0.555447 0
    outer loop
      vertex 78.1513 3.46511 1.5
      vertex 78.0278 3.65 0
      vertex 78.0278 3.65 1.5
    endloop
  endfacet
  facet normal 0.831552 0.555447 0
    outer loop
      vertex 78.0278 3.65 0
      vertex 78.1513 3.46511 1.5
      vertex 78.1513 3.46511 0
    endloop
  endfacet
  facet normal 0.751888 0.659291 0
    outer loop
      vertex 78.2979 3.29792 1.5
      vertex 78.1513 3.46511 0
      vertex 78.1513 3.46511 1.5
    endloop
  endfacet
  facet normal 0.751888 0.659291 0
    outer loop
      vertex 78.1513 3.46511 0
      vertex 78.2979 3.29792 1.5
      vertex 78.2979 3.29792 0
    endloop
  endfacet
  facet normal -0.555551 0.831483 0
    outer loop
      vertex 80.5349 3.1513 0
      vertex 80.35 3.02776 1.5
      vertex 80.5349 3.1513 1.5
    endloop
  endfacet
  facet normal -0.555551 0.831483 0
    outer loop
      vertex 80.35 3.02776 1.5
      vertex 80.5349 3.1513 0
      vertex 80.35 3.02776 0
    endloop
  endfacet
  facet normal -0.997872 0.0652057 0
    outer loop
      vertex 81.1855 4.2781 0
      vertex 81.2 4.5 1.5
      vertex 81.2 4.5 0
    endloop
  endfacet
  facet normal -0.997872 0.0652057 0
    outer loop
      vertex 81.2 4.5 1.5
      vertex 81.1855 4.2781 0
      vertex 81.1855 4.2781 1.5
    endloop
  endfacet
  facet normal 0.195122 0.980779 -0
    outer loop
      vertex 79.2781 2.81454 0
      vertex 79.06 2.85793 1.5
      vertex 79.2781 2.81454 1.5
    endloop
  endfacet
  facet normal 0.195122 0.980779 0
    outer loop
      vertex 79.06 2.85793 1.5
      vertex 79.2781 2.81454 0
      vertex 79.06 2.85793 0
    endloop
  endfacet
  facet normal 0.659319 0.751863 -0
    outer loop
      vertex 78.4651 3.1513 0
      vertex 78.2979 3.29792 1.5
      vertex 78.4651 3.1513 1.5
    endloop
  endfacet
  facet normal 0.659319 0.751863 0
    outer loop
      vertex 78.2979 3.29792 1.5
      vertex 78.4651 3.1513 0
      vertex 78.2979 3.29792 0
    endloop
  endfacet
  facet normal 0.946901 0.321525 0
    outer loop
      vertex 77.9294 3.84944 1.5
      vertex 77.8579 4.06001 0
      vertex 77.8579 4.06001 1.5
    endloop
  endfacet
  facet normal 0.946901 0.321525 0
    outer loop
      vertex 77.8579 4.06001 0
      vertex 77.9294 3.84944 1.5
      vertex 77.9294 3.84944 0
    endloop
  endfacet
  facet normal 0.980769 0.195173 0
    outer loop
      vertex 77.8579 4.06001 1.5
      vertex 77.8145 4.2781 0
      vertex 77.8145 4.2781 1.5
    endloop
  endfacet
  facet normal 0.980769 0.195173 0
    outer loop
      vertex 77.8145 4.2781 0
      vertex 77.8579 4.06001 1.5
      vertex 77.8579 4.06001 0
    endloop
  endfacet
  facet normal 0.896789 0.442459 0
    outer loop
      vertex 78.0278 3.65 1.5
      vertex 77.9294 3.84944 0
      vertex 77.9294 3.84944 1.5
    endloop
  endfacet
  facet normal 0.896789 0.442459 0
    outer loop
      vertex 77.9294 3.84944 0
      vertex 78.0278 3.65 1.5
      vertex 78.0278 3.65 0
    endloop
  endfacet
  facet normal -0.659319 0.751863 0
    outer loop
      vertex 80.7021 3.29792 0
      vertex 80.5349 3.1513 1.5
      vertex 80.7021 3.29792 1.5
    endloop
  endfacet
  facet normal -0.659319 0.751863 0
    outer loop
      vertex 80.5349 3.1513 1.5
      vertex 80.7021 3.29792 0
      vertex 80.5349 3.1513 0
    endloop
  endfacet
  facet normal -0.321363 0.946956 0
    outer loop
      vertex 80.1506 2.9294 0
      vertex 79.94 2.85793 1.5
      vertex 80.1506 2.9294 1.5
    endloop
  endfacet
  facet normal -0.321363 0.946956 0
    outer loop
      vertex 79.94 2.85793 1.5
      vertex 80.1506 2.9294 0
      vertex 79.94 2.85793 0
    endloop
  endfacet
  facet normal -0.195122 0.980779 0
    outer loop
      vertex 79.94 2.85793 0
      vertex 79.7219 2.81454 1.5
      vertex 79.94 2.85793 1.5
    endloop
  endfacet
  facet normal -0.195122 0.980779 0
    outer loop
      vertex 79.7219 2.81454 1.5
      vertex 79.94 2.85793 0
      vertex 79.7219 2.81454 0
    endloop
  endfacet
  facet normal -0.896789 0.442459 0
    outer loop
      vertex 80.9722 3.65 0
      vertex 81.0706 3.84944 1.5
      vertex 81.0706 3.84944 0
    endloop
  endfacet
  facet normal -0.896789 0.442459 0
    outer loop
      vertex 81.0706 3.84944 1.5
      vertex 80.9722 3.65 0
      vertex 80.9722 3.65 1.5
    endloop
  endfacet
  facet normal -0.831552 0.555447 0
    outer loop
      vertex 80.8487 3.46511 0
      vertex 80.9722 3.65 1.5
      vertex 80.9722 3.65 0
    endloop
  endfacet
  facet normal -0.831552 0.555447 0
    outer loop
      vertex 80.9722 3.65 1.5
      vertex 80.8487 3.46511 0
      vertex 80.8487 3.46511 1.5
    endloop
  endfacet
  facet normal 0.0653848 0.99786 -0
    outer loop
      vertex 79.5 2.8 0
      vertex 79.2781 2.81454 1.5
      vertex 79.5 2.8 1.5
    endloop
  endfacet
  facet normal 0.0653848 0.99786 0
    outer loop
      vertex 79.2781 2.81454 1.5
      vertex 79.5 2.8 0
      vertex 79.2781 2.81454 0
    endloop
  endfacet
  facet normal 0.442386 0.896825 -0
    outer loop
      vertex 78.8494 2.9294 0
      vertex 78.65 3.02776 1.5
      vertex 78.8494 2.9294 1.5
    endloop
  endfacet
  facet normal 0.442386 0.896825 0
    outer loop
      vertex 78.65 3.02776 1.5
      vertex 78.8494 2.9294 0
      vertex 78.65 3.02776 0
    endloop
  endfacet
  facet normal 0.321363 0.946956 -0
    outer loop
      vertex 79.06 2.85793 0
      vertex 78.8494 2.9294 1.5
      vertex 79.06 2.85793 1.5
    endloop
  endfacet
  facet normal 0.321363 0.946956 0
    outer loop
      vertex 78.8494 2.9294 1.5
      vertex 79.06 2.85793 0
      vertex 78.8494 2.9294 0
    endloop
  endfacet
  facet normal -0.751888 0.659291 0
    outer loop
      vertex 80.7021 3.29792 0
      vertex 80.8487 3.46511 1.5
      vertex 80.8487 3.46511 0
    endloop
  endfacet
  facet normal -0.751888 0.659291 0
    outer loop
      vertex 80.8487 3.46511 1.5
      vertex 80.7021 3.29792 0
      vertex 80.7021 3.29792 1.5
    endloop
  endfacet
  facet normal -0.99786 -0.0653848 0
    outer loop
      vertex 6.2 67.5 0
      vertex 6.18546 67.7219 1.5
      vertex 6.18546 67.7219 0
    endloop
  endfacet
  facet normal -0.99786 -0.0653848 0
    outer loop
      vertex 6.18546 67.7219 1.5
      vertex 6.2 67.5 0
      vertex 6.2 67.5 1.5
    endloop
  endfacet
  facet normal 0.0652057 -0.997872 0
    outer loop
      vertex 4.2781 69.1855 0
      vertex 4.5 69.2 1.5
      vertex 4.2781 69.1855 1.5
    endloop
  endfacet
  facet normal 0.0652057 -0.997872 0
    outer loop
      vertex 4.5 69.2 1.5
      vertex 4.2781 69.1855 0
      vertex 4.5 69.2 0
    endloop
  endfacet
  facet normal -0.0652086 0.997872 0
    outer loop
      vertex 4.72189 65.8145 0
      vertex 4.5 65.8 1.5
      vertex 4.72189 65.8145 1.5
    endloop
  endfacet
  facet normal -0.0652086 0.997872 0
    outer loop
      vertex 4.5 65.8 1.5
      vertex 4.72189 65.8145 0
      vertex 4.5 65.8 0
    endloop
  endfacet
  facet normal -0.751863 0.659319 0
    outer loop
      vertex 5.70208 66.2979 0
      vertex 5.8487 66.4651 1.5
      vertex 5.8487 66.4651 0
    endloop
  endfacet
  facet normal -0.751863 0.659319 0
    outer loop
      vertex 5.8487 66.4651 1.5
      vertex 5.70208 66.2979 0
      vertex 5.70208 66.2979 1.5
    endloop
  endfacet
  facet normal -0.659291 -0.751888 0
    outer loop
      vertex 5.53489 68.8487 0
      vertex 5.70208 68.7021 1.5
      vertex 5.53489 68.8487 1.5
    endloop
  endfacet
  facet normal -0.659291 -0.751888 -0
    outer loop
      vertex 5.70208 68.7021 1.5
      vertex 5.53489 68.8487 0
      vertex 5.70208 68.7021 0
    endloop
  endfacet
  facet normal 0.751863 -0.659319 0
    outer loop
      vertex 3.1513 68.5349 1.5
      vertex 3.29792 68.7021 0
      vertex 3.29792 68.7021 1.5
    endloop
  endfacet
  facet normal 0.751863 -0.659319 0
    outer loop
      vertex 3.29792 68.7021 0
      vertex 3.1513 68.5349 1.5
      vertex 3.1513 68.5349 0
    endloop
  endfacet
  facet normal 0.442459 -0.896789 0
    outer loop
      vertex 3.65 68.9722 0
      vertex 3.84944 69.0706 1.5
      vertex 3.65 68.9722 1.5
    endloop
  endfacet
  facet normal 0.442459 -0.896789 0
    outer loop
      vertex 3.84944 69.0706 1.5
      vertex 3.65 68.9722 0
      vertex 3.84944 69.0706 0
    endloop
  endfacet
  facet normal -0.896843 -0.442349 0
    outer loop
      vertex 6.07059 68.1506 0
      vertex 5.97224 68.35 1.5
      vertex 5.97224 68.35 0
    endloop
  endfacet
  facet normal -0.896843 -0.442349 0
    outer loop
      vertex 5.97224 68.35 1.5
      vertex 6.07059 68.1506 0
      vertex 6.07059 68.1506 1.5
    endloop
  endfacet
  facet normal -0.980779 -0.195122 0
    outer loop
      vertex 6.18546 67.7219 0
      vertex 6.14207 67.94 1.5
      vertex 6.14207 67.94 0
    endloop
  endfacet
  facet normal -0.980779 -0.195122 0
    outer loop
      vertex 6.14207 67.94 1.5
      vertex 6.18546 67.7219 0
      vertex 6.18546 67.7219 1.5
    endloop
  endfacet
  facet normal -0.831483 -0.555551 0
    outer loop
      vertex 5.97224 68.35 0
      vertex 5.8487 68.5349 1.5
      vertex 5.8487 68.5349 0
    endloop
  endfacet
  facet normal -0.831483 -0.555551 0
    outer loop
      vertex 5.8487 68.5349 1.5
      vertex 5.97224 68.35 0
      vertex 5.97224 68.35 1.5
    endloop
  endfacet
  facet normal -0.321525 -0.946901 0
    outer loop
      vertex 4.93999 69.1421 0
      vertex 5.15056 69.0706 1.5
      vertex 4.93999 69.1421 1.5
    endloop
  endfacet
  facet normal -0.321525 -0.946901 -0
    outer loop
      vertex 5.15056 69.0706 1.5
      vertex 4.93999 69.1421 0
      vertex 5.15056 69.0706 0
    endloop
  endfacet
  facet normal -0.442459 -0.896789 0
    outer loop
      vertex 5.15056 69.0706 0
      vertex 5.35 68.9722 1.5
      vertex 5.15056 69.0706 1.5
    endloop
  endfacet
  facet normal -0.442459 -0.896789 -0
    outer loop
      vertex 5.35 68.9722 1.5
      vertex 5.15056 69.0706 0
      vertex 5.35 68.9722 0
    endloop
  endfacet
  facet normal 0.946956 -0.321363 0
    outer loop
      vertex 2.85793 67.94 1.5
      vertex 2.9294 68.1506 0
      vertex 2.9294 68.1506 1.5
    endloop
  endfacet
  facet normal 0.946956 -0.321363 0
    outer loop
      vertex 2.9294 68.1506 0
      vertex 2.85793 67.94 1.5
      vertex 2.85793 67.94 0
    endloop
  endfacet
  facet normal 0.896825 -0.442386 0
    outer loop
      vertex 2.9294 68.1506 1.5
      vertex 3.02776 68.35 0
      vertex 3.02776 68.35 1.5
    endloop
  endfacet
  facet normal 0.896825 -0.442386 0
    outer loop
      vertex 3.02776 68.35 0
      vertex 2.9294 68.1506 1.5
      vertex 2.9294 68.1506 0
    endloop
  endfacet
  facet normal 0.555447 -0.831552 0
    outer loop
      vertex 3.46511 68.8487 0
      vertex 3.65 68.9722 1.5
      vertex 3.46511 68.8487 1.5
    endloop
  endfacet
  facet normal 0.555447 -0.831552 0
    outer loop
      vertex 3.65 68.9722 1.5
      vertex 3.46511 68.8487 0
      vertex 3.65 68.9722 0
    endloop
  endfacet
  facet normal 0.195173 -0.980769 0
    outer loop
      vertex 4.06001 69.1421 0
      vertex 4.2781 69.1855 1.5
      vertex 4.06001 69.1421 1.5
    endloop
  endfacet
  facet normal 0.195173 -0.980769 0
    outer loop
      vertex 4.2781 69.1855 1.5
      vertex 4.06001 69.1421 0
      vertex 4.2781 69.1855 0
    endloop
  endfacet
  facet normal -0.946943 -0.321403 0
    outer loop
      vertex 6.14207 67.94 0
      vertex 6.07059 68.1506 1.5
      vertex 6.07059 68.1506 0
    endloop
  endfacet
  facet normal -0.946943 -0.321403 0
    outer loop
      vertex 6.07059 68.1506 1.5
      vertex 6.14207 67.94 0
      vertex 6.14207 67.94 1.5
    endloop
  endfacet
  facet normal -0.751863 -0.659319 0
    outer loop
      vertex 5.8487 68.5349 0
      vertex 5.70208 68.7021 1.5
      vertex 5.70208 68.7021 0
    endloop
  endfacet
  facet normal -0.751863 -0.659319 0
    outer loop
      vertex 5.70208 68.7021 1.5
      vertex 5.8487 68.5349 0
      vertex 5.8487 68.5349 1.5
    endloop
  endfacet
  facet normal -0.195165 -0.98077 0
    outer loop
      vertex 4.72189 69.1855 0
      vertex 4.93999 69.1421 1.5
      vertex 4.72189 69.1855 1.5
    endloop
  endfacet
  facet normal -0.195165 -0.98077 -0
    outer loop
      vertex 4.93999 69.1421 1.5
      vertex 4.72189 69.1855 0
      vertex 4.93999 69.1421 0
    endloop
  endfacet
  facet normal -0.0652086 -0.997872 0
    outer loop
      vertex 4.5 69.2 0
      vertex 4.72189 69.1855 1.5
      vertex 4.5 69.2 1.5
    endloop
  endfacet
  facet normal -0.0652086 -0.997872 -0
    outer loop
      vertex 4.72189 69.1855 1.5
      vertex 4.5 69.2 0
      vertex 4.72189 69.1855 0
    endloop
  endfacet
  facet normal -0.555447 -0.831552 0
    outer loop
      vertex 5.35 68.9722 0
      vertex 5.53489 68.8487 1.5
      vertex 5.35 68.9722 1.5
    endloop
  endfacet
  facet normal -0.555447 -0.831552 -0
    outer loop
      vertex 5.53489 68.8487 1.5
      vertex 5.35 68.9722 0
      vertex 5.53489 68.8487 0
    endloop
  endfacet
  facet normal 0.99786 -0.0653848 0
    outer loop
      vertex 2.8 67.5 1.5
      vertex 2.81454 67.7219 0
      vertex 2.81454 67.7219 1.5
    endloop
  endfacet
  facet normal 0.99786 -0.0653848 0
    outer loop
      vertex 2.81454 67.7219 0
      vertex 2.8 67.5 1.5
      vertex 2.8 67.5 0
    endloop
  endfacet
  facet normal 0.99786 0.0653848 0
    outer loop
      vertex 2.81454 67.2781 1.5
      vertex 2.8 67.5 0
      vertex 2.8 67.5 1.5
    endloop
  endfacet
  facet normal 0.99786 0.0653848 0
    outer loop
      vertex 2.8 67.5 0
      vertex 2.81454 67.2781 1.5
      vertex 2.81454 67.2781 0
    endloop
  endfacet
  facet normal 0.659291 -0.751888 0
    outer loop
      vertex 3.29792 68.7021 0
      vertex 3.46511 68.8487 1.5
      vertex 3.29792 68.7021 1.5
    endloop
  endfacet
  facet normal 0.659291 -0.751888 0
    outer loop
      vertex 3.46511 68.8487 1.5
      vertex 3.29792 68.7021 0
      vertex 3.46511 68.8487 0
    endloop
  endfacet
  facet normal 0.321525 -0.946901 0
    outer loop
      vertex 3.84944 69.0706 0
      vertex 4.06001 69.1421 1.5
      vertex 3.84944 69.0706 1.5
    endloop
  endfacet
  facet normal 0.321525 -0.946901 0
    outer loop
      vertex 4.06001 69.1421 1.5
      vertex 3.84944 69.0706 0
      vertex 4.06001 69.1421 0
    endloop
  endfacet
  facet normal -0.99786 0.0653848 0
    outer loop
      vertex 6.18546 67.2781 0
      vertex 6.2 67.5 1.5
      vertex 6.2 67.5 0
    endloop
  endfacet
  facet normal -0.99786 0.0653848 0
    outer loop
      vertex 6.2 67.5 1.5
      vertex 6.18546 67.2781 0
      vertex 6.18546 67.2781 1.5
    endloop
  endfacet
  facet normal -0.946943 0.321403 0
    outer loop
      vertex 6.07059 66.8494 0
      vertex 6.14207 67.06 1.5
      vertex 6.14207 67.06 0
    endloop
  endfacet
  facet normal -0.946943 0.321403 0
    outer loop
      vertex 6.14207 67.06 1.5
      vertex 6.07059 66.8494 0
      vertex 6.07059 66.8494 1.5
    endloop
  endfacet
  facet normal -0.980779 0.195122 0
    outer loop
      vertex 6.14207 67.06 0
      vertex 6.18546 67.2781 1.5
      vertex 6.18546 67.2781 0
    endloop
  endfacet
  facet normal -0.980779 0.195122 0
    outer loop
      vertex 6.18546 67.2781 1.5
      vertex 6.14207 67.06 0
      vertex 6.14207 67.06 1.5
    endloop
  endfacet
  facet normal 0.751863 0.659319 0
    outer loop
      vertex 3.29792 66.2979 1.5
      vertex 3.1513 66.4651 0
      vertex 3.1513 66.4651 1.5
    endloop
  endfacet
  facet normal 0.751863 0.659319 0
    outer loop
      vertex 3.1513 66.4651 0
      vertex 3.29792 66.2979 1.5
      vertex 3.29792 66.2979 0
    endloop
  endfacet
  facet normal 0.831483 0.555551 0
    outer loop
      vertex 3.1513 66.4651 1.5
      vertex 3.02776 66.65 0
      vertex 3.02776 66.65 1.5
    endloop
  endfacet
  facet normal 0.831483 0.555551 0
    outer loop
      vertex 3.02776 66.65 0
      vertex 3.1513 66.4651 1.5
      vertex 3.1513 66.4651 0
    endloop
  endfacet
  facet normal 0.980779 0.195122 0
    outer loop
      vertex 2.85793 67.06 1.5
      vertex 2.81454 67.2781 0
      vertex 2.81454 67.2781 1.5
    endloop
  endfacet
  facet normal 0.980779 0.195122 0
    outer loop
      vertex 2.81454 67.2781 0
      vertex 2.85793 67.06 1.5
      vertex 2.85793 67.06 0
    endloop
  endfacet
  facet normal -0.555447 0.831552 0
    outer loop
      vertex 5.53489 66.1513 0
      vertex 5.35 66.0278 1.5
      vertex 5.53489 66.1513 1.5
    endloop
  endfacet
  facet normal -0.555447 0.831552 0
    outer loop
      vertex 5.35 66.0278 1.5
      vertex 5.53489 66.1513 0
      vertex 5.35 66.0278 0
    endloop
  endfacet
  facet normal -0.442459 0.896789 0
    outer loop
      vertex 5.35 66.0278 0
      vertex 5.15056 65.9294 1.5
      vertex 5.35 66.0278 1.5
    endloop
  endfacet
  facet normal -0.442459 0.896789 0
    outer loop
      vertex 5.15056 65.9294 1.5
      vertex 5.35 66.0278 0
      vertex 5.15056 65.9294 0
    endloop
  endfacet
  facet normal 0.831483 -0.555551 0
    outer loop
      vertex 3.02776 68.35 1.5
      vertex 3.1513 68.5349 0
      vertex 3.1513 68.5349 1.5
    endloop
  endfacet
  facet normal 0.831483 -0.555551 0
    outer loop
      vertex 3.1513 68.5349 0
      vertex 3.02776 68.35 1.5
      vertex 3.02776 68.35 0
    endloop
  endfacet
  facet normal 0.980779 -0.195122 0
    outer loop
      vertex 2.81454 67.7219 1.5
      vertex 2.85793 67.94 0
      vertex 2.85793 67.94 1.5
    endloop
  endfacet
  facet normal 0.980779 -0.195122 0
    outer loop
      vertex 2.85793 67.94 0
      vertex 2.81454 67.7219 1.5
      vertex 2.81454 67.7219 0
    endloop
  endfacet
  facet normal 0.195173 0.980769 -0
    outer loop
      vertex 4.2781 65.8145 0
      vertex 4.06001 65.8579 1.5
      vertex 4.2781 65.8145 1.5
    endloop
  endfacet
  facet normal 0.195173 0.980769 0
    outer loop
      vertex 4.06001 65.8579 1.5
      vertex 4.2781 65.8145 0
      vertex 4.06001 65.8579 0
    endloop
  endfacet
  facet normal 0.946956 0.321363 0
    outer loop
      vertex 2.9294 66.8494 1.5
      vertex 2.85793 67.06 0
      vertex 2.85793 67.06 1.5
    endloop
  endfacet
  facet normal 0.946956 0.321363 0
    outer loop
      vertex 2.85793 67.06 0
      vertex 2.9294 66.8494 1.5
      vertex 2.9294 66.8494 0
    endloop
  endfacet
  facet normal 0.896825 0.442386 0
    outer loop
      vertex 3.02776 66.65 1.5
      vertex 2.9294 66.8494 0
      vertex 2.9294 66.8494 1.5
    endloop
  endfacet
  facet normal 0.896825 0.442386 0
    outer loop
      vertex 2.9294 66.8494 0
      vertex 3.02776 66.65 1.5
      vertex 3.02776 66.65 0
    endloop
  endfacet
  facet normal -0.659291 0.751888 0
    outer loop
      vertex 5.70208 66.2979 0
      vertex 5.53489 66.1513 1.5
      vertex 5.70208 66.2979 1.5
    endloop
  endfacet
  facet normal -0.659291 0.751888 0
    outer loop
      vertex 5.53489 66.1513 1.5
      vertex 5.70208 66.2979 0
      vertex 5.53489 66.1513 0
    endloop
  endfacet
  facet normal -0.321525 0.946901 0
    outer loop
      vertex 5.15056 65.9294 0
      vertex 4.93999 65.8579 1.5
      vertex 5.15056 65.9294 1.5
    endloop
  endfacet
  facet normal -0.321525 0.946901 0
    outer loop
      vertex 4.93999 65.8579 1.5
      vertex 5.15056 65.9294 0
      vertex 4.93999 65.8579 0
    endloop
  endfacet
  facet normal -0.195165 0.98077 0
    outer loop
      vertex 4.93999 65.8579 0
      vertex 4.72189 65.8145 1.5
      vertex 4.93999 65.8579 1.5
    endloop
  endfacet
  facet normal -0.195165 0.98077 0
    outer loop
      vertex 4.72189 65.8145 1.5
      vertex 4.93999 65.8579 0
      vertex 4.72189 65.8145 0
    endloop
  endfacet
  facet normal -0.896843 0.442349 0
    outer loop
      vertex 5.97224 66.65 0
      vertex 6.07059 66.8494 1.5
      vertex 6.07059 66.8494 0
    endloop
  endfacet
  facet normal -0.896843 0.442349 0
    outer loop
      vertex 6.07059 66.8494 1.5
      vertex 5.97224 66.65 0
      vertex 5.97224 66.65 1.5
    endloop
  endfacet
  facet normal -0.831483 0.555551 0
    outer loop
      vertex 5.8487 66.4651 0
      vertex 5.97224 66.65 1.5
      vertex 5.97224 66.65 0
    endloop
  endfacet
  facet normal -0.831483 0.555551 0
    outer loop
      vertex 5.97224 66.65 1.5
      vertex 5.8487 66.4651 0
      vertex 5.8487 66.4651 1.5
    endloop
  endfacet
  facet normal 0.0652057 0.997872 -0
    outer loop
      vertex 4.5 65.8 0
      vertex 4.2781 65.8145 1.5
      vertex 4.5 65.8 1.5
    endloop
  endfacet
  facet normal 0.0652057 0.997872 0
    outer loop
      vertex 4.2781 65.8145 1.5
      vertex 4.5 65.8 0
      vertex 4.2781 65.8145 0
    endloop
  endfacet
  facet normal 0.442459 0.896789 -0
    outer loop
      vertex 3.84944 65.9294 0
      vertex 3.65 66.0278 1.5
      vertex 3.84944 65.9294 1.5
    endloop
  endfacet
  facet normal 0.442459 0.896789 0
    outer loop
      vertex 3.65 66.0278 1.5
      vertex 3.84944 65.9294 0
      vertex 3.65 66.0278 0
    endloop
  endfacet
  facet normal 0.321525 0.946901 -0
    outer loop
      vertex 4.06001 65.8579 0
      vertex 3.84944 65.9294 1.5
      vertex 4.06001 65.8579 1.5
    endloop
  endfacet
  facet normal 0.321525 0.946901 0
    outer loop
      vertex 3.84944 65.9294 1.5
      vertex 4.06001 65.8579 0
      vertex 3.84944 65.9294 0
    endloop
  endfacet
  facet normal 0.555447 0.831552 -0
    outer loop
      vertex 3.65 66.0278 0
      vertex 3.46511 66.1513 1.5
      vertex 3.65 66.0278 1.5
    endloop
  endfacet
  facet normal 0.555447 0.831552 0
    outer loop
      vertex 3.46511 66.1513 1.5
      vertex 3.65 66.0278 0
      vertex 3.46511 66.1513 0
    endloop
  endfacet
  facet normal 0.659291 0.751888 -0
    outer loop
      vertex 3.46511 66.1513 0
      vertex 3.29792 66.2979 1.5
      vertex 3.46511 66.1513 1.5
    endloop
  endfacet
  facet normal 0.659291 0.751888 0
    outer loop
      vertex 3.29792 66.2979 1.5
      vertex 3.46511 66.1513 0
      vertex 3.29792 66.2979 0
    endloop
  endfacet
  facet normal -0.831566 -0.555426 0
    outer loop
      vertex 80.9722 68.35 0
      vertex 80.8487 68.5349 1.5
      vertex 80.8487 68.5349 0
    endloop
  endfacet
  facet normal -0.831566 -0.555426 0
    outer loop
      vertex 80.8487 68.5349 1.5
      vertex 80.9722 68.35 0
      vertex 80.9722 68.35 1.5
    endloop
  endfacet
  facet normal -0.321484 -0.946915 0
    outer loop
      vertex 79.94 69.1421 0
      vertex 80.1506 69.0706 1.5
      vertex 79.94 69.1421 1.5
    endloop
  endfacet
  facet normal -0.321484 -0.946915 -0
    outer loop
      vertex 80.1506 69.0706 1.5
      vertex 79.94 69.1421 0
      vertex 80.1506 69.0706 0
    endloop
  endfacet
  facet normal 0.44253 -0.896754 0
    outer loop
      vertex 78.65 68.9722 0
      vertex 78.8494 69.0706 1.5
      vertex 78.65 68.9722 1.5
    endloop
  endfacet
  facet normal 0.44253 -0.896754 0
    outer loop
      vertex 78.8494 69.0706 1.5
      vertex 78.65 68.9722 0
      vertex 78.8494 69.0706 0
    endloop
  endfacet
  facet normal 0.946915 -0.321484 0
    outer loop
      vertex 77.8579 67.94 1.5
      vertex 77.9294 68.1506 0
      vertex 77.9294 68.1506 1.5
    endloop
  endfacet
  facet normal 0.946915 -0.321484 0
    outer loop
      vertex 77.9294 68.1506 0
      vertex 77.8579 67.94 1.5
      vertex 77.8579 67.94 0
    endloop
  endfacet
  facet normal -0.98077 0.195165 0
    outer loop
      vertex 81.1421 67.06 0
      vertex 81.1855 67.2781 1.5
      vertex 81.1855 67.2781 0
    endloop
  endfacet
  facet normal -0.98077 0.195165 0
    outer loop
      vertex 81.1855 67.2781 1.5
      vertex 81.1421 67.06 0
      vertex 81.1421 67.06 1.5
    endloop
  endfacet
  facet normal -0.98077 -0.195165 0
    outer loop
      vertex 81.1855 67.7219 0
      vertex 81.1421 67.94 1.5
      vertex 81.1421 67.94 0
    endloop
  endfacet
  facet normal -0.98077 -0.195165 0
    outer loop
      vertex 81.1421 67.94 1.5
      vertex 81.1855 67.7219 0
      vertex 81.1855 67.7219 1.5
    endloop
  endfacet
  facet normal 0.0652057 -0.997872 0
    outer loop
      vertex 79.2781 69.1855 0
      vertex 79.5 69.2 1.5
      vertex 79.2781 69.1855 1.5
    endloop
  endfacet
  facet normal 0.0652057 -0.997872 0
    outer loop
      vertex 79.5 69.2 1.5
      vertex 79.2781 69.1855 0
      vertex 79.5 69.2 0
    endloop
  endfacet
  facet normal -0.44253 -0.896754 0
    outer loop
      vertex 80.1506 69.0706 0
      vertex 80.35 68.9722 1.5
      vertex 80.1506 69.0706 1.5
    endloop
  endfacet
  facet normal -0.44253 -0.896754 -0
    outer loop
      vertex 80.35 68.9722 1.5
      vertex 80.1506 69.0706 0
      vertex 80.35 68.9722 0
    endloop
  endfacet
  facet normal 0.997872 0.0652057 0
    outer loop
      vertex 77.8145 67.2781 1.5
      vertex 77.8 67.5 0
      vertex 77.8 67.5 1.5
    endloop
  endfacet
  facet normal 0.997872 0.0652057 0
    outer loop
      vertex 77.8 67.5 0
      vertex 77.8145 67.2781 1.5
      vertex 77.8145 67.2781 0
    endloop
  endfacet
  facet normal 0.831566 -0.555426 0
    outer loop
      vertex 78.0278 68.35 1.5
      vertex 78.1513 68.5349 0
      vertex 78.1513 68.5349 1.5
    endloop
  endfacet
  facet normal 0.831566 -0.555426 0
    outer loop
      vertex 78.1513 68.5349 0
      vertex 78.0278 68.35 1.5
      vertex 78.0278 68.35 0
    endloop
  endfacet
  facet normal 0.555426 -0.831566 0
    outer loop
      vertex 78.4651 68.8487 0
      vertex 78.65 68.9722 1.5
      vertex 78.4651 68.8487 1.5
    endloop
  endfacet
  facet normal 0.555426 -0.831566 0
    outer loop
      vertex 78.65 68.9722 1.5
      vertex 78.4651 68.8487 0
      vertex 78.65 68.9722 0
    endloop
  endfacet
  facet normal 0.195165 -0.98077 0
    outer loop
      vertex 79.06 69.1421 0
      vertex 79.2781 69.1855 1.5
      vertex 79.06 69.1421 1.5
    endloop
  endfacet
  facet normal 0.195165 -0.98077 0
    outer loop
      vertex 79.2781 69.1855 1.5
      vertex 79.06 69.1421 0
      vertex 79.2781 69.1855 0
    endloop
  endfacet
  facet normal -0.997872 -0.0652057 0
    outer loop
      vertex 81.2 67.5 0
      vertex 81.1855 67.7219 1.5
      vertex 81.1855 67.7219 0
    endloop
  endfacet
  facet normal -0.997872 -0.0652057 0
    outer loop
      vertex 81.1855 67.7219 1.5
      vertex 81.2 67.5 0
      vertex 81.2 67.5 1.5
    endloop
  endfacet
  facet normal -0.946915 0.321484 0
    outer loop
      vertex 81.0706 66.8494 0
      vertex 81.1421 67.06 1.5
      vertex 81.1421 67.06 0
    endloop
  endfacet
  facet normal -0.946915 0.321484 0
    outer loop
      vertex 81.1421 67.06 1.5
      vertex 81.0706 66.8494 0
      vertex 81.0706 66.8494 1.5
    endloop
  endfacet
  facet normal 0.555426 0.831566 -0
    outer loop
      vertex 78.65 66.0278 0
      vertex 78.4651 66.1513 1.5
      vertex 78.65 66.0278 1.5
    endloop
  endfacet
  facet normal 0.555426 0.831566 0
    outer loop
      vertex 78.4651 66.1513 1.5
      vertex 78.65 66.0278 0
      vertex 78.4651 66.1513 0
    endloop
  endfacet
  facet normal 0.831566 0.555426 0
    outer loop
      vertex 78.1513 66.4651 1.5
      vertex 78.0278 66.65 0
      vertex 78.0278 66.65 1.5
    endloop
  endfacet
  facet normal 0.831566 0.555426 0
    outer loop
      vertex 78.0278 66.65 0
      vertex 78.1513 66.4651 1.5
      vertex 78.1513 66.4651 0
    endloop
  endfacet
  facet normal -0.555426 0.831566 0
    outer loop
      vertex 80.5349 66.1513 0
      vertex 80.35 66.0278 1.5
      vertex 80.5349 66.1513 1.5
    endloop
  endfacet
  facet normal -0.555426 0.831566 0
    outer loop
      vertex 80.35 66.0278 1.5
      vertex 80.5349 66.1513 0
      vertex 80.35 66.0278 0
    endloop
  endfacet
  facet normal -0.659268 -0.751908 0
    outer loop
      vertex 80.5349 68.8487 0
      vertex 80.7021 68.7021 1.5
      vertex 80.5349 68.8487 1.5
    endloop
  endfacet
  facet normal -0.659268 -0.751908 -0
    outer loop
      vertex 80.7021 68.7021 1.5
      vertex 80.5349 68.8487 0
      vertex 80.7021 68.7021 0
    endloop
  endfacet
  facet normal -0.195165 -0.98077 0
    outer loop
      vertex 79.7219 69.1855 0
      vertex 79.94 69.1421 1.5
      vertex 79.7219 69.1855 1.5
    endloop
  endfacet
  facet normal -0.195165 -0.98077 -0
    outer loop
      vertex 79.94 69.1421 1.5
      vertex 79.7219 69.1855 0
      vertex 79.94 69.1421 0
    endloop
  endfacet
  facet normal -0.0652057 -0.997872 0
    outer loop
      vertex 79.5 69.2 0
      vertex 79.7219 69.1855 1.5
      vertex 79.5 69.2 1.5
    endloop
  endfacet
  facet normal -0.0652057 -0.997872 -0
    outer loop
      vertex 79.7219 69.1855 1.5
      vertex 79.5 69.2 0
      vertex 79.7219 69.1855 0
    endloop
  endfacet
  facet normal -0.555426 -0.831566 0
    outer loop
      vertex 80.35 68.9722 0
      vertex 80.5349 68.8487 1.5
      vertex 80.35 68.9722 1.5
    endloop
  endfacet
  facet normal -0.555426 -0.831566 -0
    outer loop
      vertex 80.5349 68.8487 1.5
      vertex 80.35 68.9722 0
      vertex 80.5349 68.8487 0
    endloop
  endfacet
  facet normal 0.98077 -0.195165 0
    outer loop
      vertex 77.8145 67.7219 1.5
      vertex 77.8579 67.94 0
      vertex 77.8579 67.94 1.5
    endloop
  endfacet
  facet normal 0.98077 -0.195165 0
    outer loop
      vertex 77.8579 67.94 0
      vertex 77.8145 67.7219 1.5
      vertex 77.8145 67.7219 0
    endloop
  endfacet
  facet normal 0.997872 -0.0652057 0
    outer loop
      vertex 77.8 67.5 1.5
      vertex 77.8145 67.7219 0
      vertex 77.8145 67.7219 1.5
    endloop
  endfacet
  facet normal 0.997872 -0.0652057 0
    outer loop
      vertex 77.8145 67.7219 0
      vertex 77.8 67.5 1.5
      vertex 77.8 67.5 0
    endloop
  endfacet
  facet normal 0.896754 -0.44253 0
    outer loop
      vertex 77.9294 68.1506 1.5
      vertex 78.0278 68.35 0
      vertex 78.0278 68.35 1.5
    endloop
  endfacet
  facet normal 0.896754 -0.44253 0
    outer loop
      vertex 78.0278 68.35 0
      vertex 77.9294 68.1506 1.5
      vertex 77.9294 68.1506 0
    endloop
  endfacet
  facet normal 0.321484 -0.946915 0
    outer loop
      vertex 78.8494 69.0706 0
      vertex 79.06 69.1421 1.5
      vertex 78.8494 69.0706 1.5
    endloop
  endfacet
  facet normal 0.321484 -0.946915 0
    outer loop
      vertex 79.06 69.1421 1.5
      vertex 78.8494 69.0706 0
      vertex 79.06 69.1421 0
    endloop
  endfacet
  facet normal 0.659268 -0.751908 0
    outer loop
      vertex 78.2979 68.7021 0
      vertex 78.4651 68.8487 1.5
      vertex 78.2979 68.7021 1.5
    endloop
  endfacet
  facet normal 0.659268 -0.751908 0
    outer loop
      vertex 78.4651 68.8487 1.5
      vertex 78.2979 68.7021 0
      vertex 78.4651 68.8487 0
    endloop
  endfacet
  facet normal 0.751908 -0.659268 0
    outer loop
      vertex 78.1513 68.5349 1.5
      vertex 78.2979 68.7021 0
      vertex 78.2979 68.7021 1.5
    endloop
  endfacet
  facet normal 0.751908 -0.659268 0
    outer loop
      vertex 78.2979 68.7021 0
      vertex 78.1513 68.5349 1.5
      vertex 78.1513 68.5349 0
    endloop
  endfacet
  facet normal -0.831566 0.555426 0
    outer loop
      vertex 80.8487 66.4651 0
      vertex 80.9722 66.65 1.5
      vertex 80.9722 66.65 0
    endloop
  endfacet
  facet normal -0.831566 0.555426 0
    outer loop
      vertex 80.9722 66.65 1.5
      vertex 80.8487 66.4651 0
      vertex 80.8487 66.4651 1.5
    endloop
  endfacet
  facet normal -0.0652057 0.997872 0
    outer loop
      vertex 79.7219 65.8145 0
      vertex 79.5 65.8 1.5
      vertex 79.7219 65.8145 1.5
    endloop
  endfacet
  facet normal -0.0652057 0.997872 0
    outer loop
      vertex 79.5 65.8 1.5
      vertex 79.7219 65.8145 0
      vertex 79.5 65.8 0
    endloop
  endfacet
  facet normal 0.98077 0.195165 0
    outer loop
      vertex 77.8579 67.06 1.5
      vertex 77.8145 67.2781 0
      vertex 77.8145 67.2781 1.5
    endloop
  endfacet
  facet normal 0.98077 0.195165 0
    outer loop
      vertex 77.8145 67.2781 0
      vertex 77.8579 67.06 1.5
      vertex 77.8579 67.06 0
    endloop
  endfacet
  facet normal 0.751908 0.659268 0
    outer loop
      vertex 78.2979 66.2979 1.5
      vertex 78.1513 66.4651 0
      vertex 78.1513 66.4651 1.5
    endloop
  endfacet
  facet normal 0.751908 0.659268 0
    outer loop
      vertex 78.1513 66.4651 0
      vertex 78.2979 66.2979 1.5
      vertex 78.2979 66.2979 0
    endloop
  endfacet
  facet normal -0.195165 0.98077 0
    outer loop
      vertex 79.94 65.8579 0
      vertex 79.7219 65.8145 1.5
      vertex 79.94 65.8579 1.5
    endloop
  endfacet
  facet normal -0.195165 0.98077 0
    outer loop
      vertex 79.7219 65.8145 1.5
      vertex 79.94 65.8579 0
      vertex 79.7219 65.8145 0
    endloop
  endfacet
  facet normal -0.751908 0.659268 0
    outer loop
      vertex 80.7021 66.2979 0
      vertex 80.8487 66.4651 1.5
      vertex 80.8487 66.4651 0
    endloop
  endfacet
  facet normal -0.751908 0.659268 0
    outer loop
      vertex 80.8487 66.4651 1.5
      vertex 80.7021 66.2979 0
      vertex 80.7021 66.2979 1.5
    endloop
  endfacet
  facet normal -0.896754 -0.44253 0
    outer loop
      vertex 81.0706 68.1506 0
      vertex 80.9722 68.35 1.5
      vertex 80.9722 68.35 0
    endloop
  endfacet
  facet normal -0.896754 -0.44253 0
    outer loop
      vertex 80.9722 68.35 1.5
      vertex 81.0706 68.1506 0
      vertex 81.0706 68.1506 1.5
    endloop
  endfacet
  facet normal -0.946915 -0.321484 0
    outer loop
      vertex 81.1421 67.94 0
      vertex 81.0706 68.1506 1.5
      vertex 81.0706 68.1506 0
    endloop
  endfacet
  facet normal -0.946915 -0.321484 0
    outer loop
      vertex 81.0706 68.1506 1.5
      vertex 81.1421 67.94 0
      vertex 81.1421 67.94 1.5
    endloop
  endfacet
  facet normal -0.751908 -0.659268 0
    outer loop
      vertex 80.8487 68.5349 0
      vertex 80.7021 68.7021 1.5
      vertex 80.7021 68.7021 0
    endloop
  endfacet
  facet normal -0.751908 -0.659268 0
    outer loop
      vertex 80.7021 68.7021 1.5
      vertex 80.8487 68.5349 0
      vertex 80.8487 68.5349 1.5
    endloop
  endfacet
  facet normal -0.997872 0.0652057 0
    outer loop
      vertex 81.1855 67.2781 0
      vertex 81.2 67.5 1.5
      vertex 81.2 67.5 0
    endloop
  endfacet
  facet normal -0.997872 0.0652057 0
    outer loop
      vertex 81.2 67.5 1.5
      vertex 81.1855 67.2781 0
      vertex 81.1855 67.2781 1.5
    endloop
  endfacet
  facet normal 0.195165 0.98077 -0
    outer loop
      vertex 79.2781 65.8145 0
      vertex 79.06 65.8579 1.5
      vertex 79.2781 65.8145 1.5
    endloop
  endfacet
  facet normal 0.195165 0.98077 0
    outer loop
      vertex 79.06 65.8579 1.5
      vertex 79.2781 65.8145 0
      vertex 79.06 65.8579 0
    endloop
  endfacet
  facet normal 0.896754 0.44253 0
    outer loop
      vertex 78.0278 66.65 1.5
      vertex 77.9294 66.8494 0
      vertex 77.9294 66.8494 1.5
    endloop
  endfacet
  facet normal 0.896754 0.44253 0
    outer loop
      vertex 77.9294 66.8494 0
      vertex 78.0278 66.65 1.5
      vertex 78.0278 66.65 0
    endloop
  endfacet
  facet normal 0.946915 0.321484 0
    outer loop
      vertex 77.9294 66.8494 1.5
      vertex 77.8579 67.06 0
      vertex 77.8579 67.06 1.5
    endloop
  endfacet
  facet normal 0.946915 0.321484 0
    outer loop
      vertex 77.8579 67.06 0
      vertex 77.9294 66.8494 1.5
      vertex 77.9294 66.8494 0
    endloop
  endfacet
  facet normal 0.659268 0.751908 -0
    outer loop
      vertex 78.4651 66.1513 0
      vertex 78.2979 66.2979 1.5
      vertex 78.4651 66.1513 1.5
    endloop
  endfacet
  facet normal 0.659268 0.751908 0
    outer loop
      vertex 78.2979 66.2979 1.5
      vertex 78.4651 66.1513 0
      vertex 78.2979 66.2979 0
    endloop
  endfacet
  facet normal -0.44253 0.896754 0
    outer loop
      vertex 80.35 66.0278 0
      vertex 80.1506 65.9294 1.5
      vertex 80.35 66.0278 1.5
    endloop
  endfacet
  facet normal -0.44253 0.896754 0
    outer loop
      vertex 80.1506 65.9294 1.5
      vertex 80.35 66.0278 0
      vertex 80.1506 65.9294 0
    endloop
  endfacet
  facet normal -0.321484 0.946915 0
    outer loop
      vertex 80.1506 65.9294 0
      vertex 79.94 65.8579 1.5
      vertex 80.1506 65.9294 1.5
    endloop
  endfacet
  facet normal -0.321484 0.946915 0
    outer loop
      vertex 79.94 65.8579 1.5
      vertex 80.1506 65.9294 0
      vertex 79.94 65.8579 0
    endloop
  endfacet
  facet normal -0.659268 0.751908 0
    outer loop
      vertex 80.7021 66.2979 0
      vertex 80.5349 66.1513 1.5
      vertex 80.7021 66.2979 1.5
    endloop
  endfacet
  facet normal -0.659268 0.751908 0
    outer loop
      vertex 80.5349 66.1513 1.5
      vertex 80.7021 66.2979 0
      vertex 80.5349 66.1513 0
    endloop
  endfacet
  facet normal -0.896754 0.44253 0
    outer loop
      vertex 80.9722 66.65 0
      vertex 81.0706 66.8494 1.5
      vertex 81.0706 66.8494 0
    endloop
  endfacet
  facet normal -0.896754 0.44253 0
    outer loop
      vertex 81.0706 66.8494 1.5
      vertex 80.9722 66.65 0
      vertex 80.9722 66.65 1.5
    endloop
  endfacet
  facet normal 0.321484 0.946915 -0
    outer loop
      vertex 79.06 65.8579 0
      vertex 78.8494 65.9294 1.5
      vertex 79.06 65.8579 1.5
    endloop
  endfacet
  facet normal 0.321484 0.946915 0
    outer loop
      vertex 78.8494 65.9294 1.5
      vertex 79.06 65.8579 0
      vertex 78.8494 65.9294 0
    endloop
  endfacet
  facet normal 0.0652057 0.997872 -0
    outer loop
      vertex 79.5 65.8 0
      vertex 79.2781 65.8145 1.5
      vertex 79.5 65.8 1.5
    endloop
  endfacet
  facet normal 0.0652057 0.997872 0
    outer loop
      vertex 79.2781 65.8145 1.5
      vertex 79.5 65.8 0
      vertex 79.2781 65.8145 0
    endloop
  endfacet
  facet normal 0.44253 0.896754 -0
    outer loop
      vertex 78.8494 65.9294 0
      vertex 78.65 66.0278 1.5
      vertex 78.8494 65.9294 1.5
    endloop
  endfacet
  facet normal 0.44253 0.896754 0
    outer loop
      vertex 78.65 66.0278 1.5
      vertex 78.8494 65.9294 0
      vertex 78.65 66.0278 0
    endloop
  endfacet
  facet normal -1 0 0
    outer loop
      vertex 0 0 0
      vertex 0 72 1.5
      vertex 0 72 0
    endloop
  endfacet
  facet normal -1 -0 0
    outer loop
      vertex 0 72 1.5
      vertex 0 0 0
      vertex 0 0 1.5
    endloop
  endfacet
  facet normal 0 0 1
    outer loop
      vertex 17 9 1.5
      vertex 6.18546 4.72189 1.5
      vertex 6.2 4.5 1.5
    endloop
  endfacet
  facet normal 0 0 1
    outer loop
      vertex 8 25 1.5
      vertex 6.14207 4.93999 1.5
      vertex 6.18546 4.72189 1.5
    endloop
  endfacet
  facet normal 0 0 1
    outer loop
      vertex 8 25 1.5
      vertex 6.07059 5.15056 1.5
      vertex 6.14207 4.93999 1.5
    endloop
  endfacet
  facet normal 0 0 1
    outer loop
      vertex 8 25 1.5
      vertex 5.97224 5.35 1.5
      vertex 6.07059 5.15056 1.5
    endloop
  endfacet
  facet normal -0 0 1
    outer loop
      vertex 5.32631 47.5214 1.5
      vertex 8 39 1.5
      vertex 5.64705 47.5852 1.5
    endloop
  endfacet
  facet normal 0 0 1
    outer loop
      vertex 8 25 1.5
      vertex 5.8487 5.53489 1.5
      vertex 5.97224 5.35 1.5
    endloop
  endfacet
  facet normal 0 0 1
    outer loop
      vertex 8 25 1.5
      vertex 5.70208 5.70208 1.5
      vertex 5.8487 5.53489 1.5
    endloop
  endfacet
  facet normal -0 0 1
    outer loop
      vertex 5 47.5 1.5
      vertex 8 39 1.5
      vertex 5.32631 47.5214 1.5
    endloop
  endfacet
  facet normal 0 0 1
    outer loop
      vertex 8 25 1.5
      vertex 5.53489 5.8487 1.5
      vertex 5.70208 5.70208 1.5
    endloop
  endfacet
  facet normal 0 0 1
    outer loop
      vertex 8 25 1.5
      vertex 5.35 5.97224 1.5
      vertex 5.53489 5.8487 1.5
    endloop
  endfacet
  facet normal 0 0 1
    outer loop
      vertex 4.67368 47.5214 1.5
      vertex 8 39 1.5
      vertex 5 47.5 1.5
    endloop
  endfacet
  facet normal 0 0 1
    outer loop
      vertex 8 25 1.5
      vertex 5.15056 6.07059 1.5
      vertex 5.35 5.97224 1.5
    endloop
  endfacet
  facet normal 0 0 1
    outer loop
      vertex 4.35295 47.5852 1.5
      vertex 8 39 1.5
      vertex 4.67368 47.5214 1.5
    endloop
  endfacet
  facet normal 0 0 1
    outer loop
      vertex 8 25 1.5
      vertex 4.93999 6.14207 1.5
      vertex 5.15056 6.07059 1.5
    endloop
  endfacet
  facet normal 0 0 1
    outer loop
      vertex 8 25 1.5
      vertex 4.72189 6.18546 1.5
      vertex 4.93999 6.14207 1.5
    endloop
  endfacet
  facet normal 0 0 1
    outer loop
      vertex 4.04329 47.6903 1.5
      vertex 8 39 1.5
      vertex 4.35295 47.5852 1.5
    endloop
  endfacet
  facet normal 0 0 1
    outer loop
      vertex 8 25 1.5
      vertex 4.5 6.2 1.5
      vertex 4.72189 6.18546 1.5
    endloop
  endfacet
  facet normal 0 0 1
    outer loop
      vertex 3.75 47.8349 1.5
      vertex 8 39 1.5
      vertex 4.04329 47.6903 1.5
    endloop
  endfacet
  facet normal 0 0 1
    outer loop
      vertex 8 25 1.5
      vertex 4.2781 6.18546 1.5
      vertex 4.5 6.2 1.5
    endloop
  endfacet
  facet normal 0 0 1
    outer loop
      vertex 8 25 1.5
      vertex 4.06001 6.14207 1.5
      vertex 4.2781 6.18546 1.5
    endloop
  endfacet
  facet normal 0 0 1
    outer loop
      vertex 3.4781 48.0166 1.5
      vertex 8 39 1.5
      vertex 3.75 47.8349 1.5
    endloop
  endfacet
  facet normal 0 0 1
    outer loop
      vertex 8 25 1.5
      vertex 3.84944 6.07059 1.5
      vertex 4.06001 6.14207 1.5
    endloop
  endfacet
  facet normal 0 0 1
    outer loop
      vertex 3.23223 48.2322 1.5
      vertex 8 39 1.5
      vertex 3.4781 48.0166 1.5
    endloop
  endfacet
  facet normal 0 0 1
    outer loop
      vertex 8 25 1.5
      vertex 3.65 5.97224 1.5
      vertex 3.84944 6.07059 1.5
    endloop
  endfacet
  facet normal 0 0 1
    outer loop
      vertex 3.01662 48.4781 1.5
      vertex 8 39 1.5
      vertex 3.23223 48.2322 1.5
    endloop
  endfacet
  facet normal 0 0 1
    outer loop
      vertex 8 25 1.5
      vertex 3.46511 5.8487 1.5
      vertex 3.65 5.97224 1.5
    endloop
  endfacet
  facet normal 0 0 1
    outer loop
      vertex 8 25 1.5
      vertex 3.29792 5.70208 1.5
      vertex 3.46511 5.8487 1.5
    endloop
  endfacet
  facet normal 0 0 1
    outer loop
      vertex 8 39 1.5
      vertex 3.01662 48.4781 1.5
      vertex 8 25 1.5
    endloop
  endfacet
  facet normal 0 0 1
    outer loop
      vertex 8 25 1.5
      vertex 3.1513 5.53489 1.5
      vertex 3.29792 5.70208 1.5
    endloop
  endfacet
  facet normal 0 0 1
    outer loop
      vertex 2.83494 48.75 1.5
      vertex 8 25 1.5
      vertex 3.01662 48.4781 1.5
    endloop
  endfacet
  facet normal 0 0 1
    outer loop
      vertex 8 25 1.5
      vertex 3.02776 5.35 1.5
      vertex 3.1513 5.53489 1.5
    endloop
  endfacet
  facet normal 0 0 1
    outer loop
      vertex 8 25 1.5
      vertex 2.83494 48.75 1.5
      vertex 3.02776 5.35 1.5
    endloop
  endfacet
  facet normal 0 0 1
    outer loop
      vertex 3.02776 5.35 1.5
      vertex 2.83494 48.75 1.5
      vertex 2.9294 5.15056 1.5
    endloop
  endfacet
  facet normal 0 0 1
    outer loop
      vertex 0 0 1.5
      vertex 2.9294 5.15056 1.5
      vertex 2.83494 48.75 1.5
    endloop
  endfacet
  facet normal 0 0 1
    outer loop
      vertex 2.9294 5.15056 1.5
      vertex 0 0 1.5
      vertex 2.85793 4.93999 1.5
    endloop
  endfacet
  facet normal 0 0 1
    outer loop
      vertex 2.85793 4.93999 1.5
      vertex 0 0 1.5
      vertex 2.81454 4.72189 1.5
    endloop
  endfacet
  facet normal 0 0 1
    outer loop
      vertex 0 0 1.5
      vertex 2.83494 48.75 1.5
      vertex 2.6903 49.0433 1.5
    endloop
  endfacet
  facet normal -0 0 1
    outer loop
      vertex 5.97224 66.65 1.5
      vertex 6.98338 51.5219 1.5
      vertex 6.07059 66.8494 1.5
    endloop
  endfacet
  facet normal 0 0 1
    outer loop
      vertex 6.98338 51.5219 1.5
      vertex 5.97224 66.65 1.5
      vertex 6.76777 51.7678 1.5
    endloop
  endfacet
  facet normal -0 0 1
    outer loop
      vertex 5.8487 66.4651 1.5
      vertex 6.76777 51.7678 1.5
      vertex 5.97224 66.65 1.5
    endloop
  endfacet
  facet normal -0 0 1
    outer loop
      vertex 5.70208 66.2979 1.5
      vertex 6.76777 51.7678 1.5
      vertex 5.8487 66.4651 1.5
    endloop
  endfacet
  facet normal 0 0 1
    outer loop
      vertex 6.76777 51.7678 1.5
      vertex 5.70208 66.2979 1.5
      vertex 6.5219 51.9834 1.5
    endloop
  endfacet
  facet normal -0 0 1
    outer loop
      vertex 5.53489 66.1513 1.5
      vertex 6.5219 51.9834 1.5
      vertex 5.70208 66.2979 1.5
    endloop
  endfacet
  facet normal 0 0 1
    outer loop
      vertex 6.5219 51.9834 1.5
      vertex 5.53489 66.1513 1.5
      vertex 6.25 52.1651 1.5
    endloop
  endfacet
  facet normal -0 0 1
    outer loop
      vertex 5.35 66.0278 1.5
      vertex 6.25 52.1651 1.5
      vertex 5.53489 66.1513 1.5
    endloop
  endfacet
  facet normal 0 0 1
    outer loop
      vertex 6.25 52.1651 1.5
      vertex 5.35 66.0278 1.5
      vertex 5.95671 52.3097 1.5
    endloop
  endfacet
  facet normal -0 0 1
    outer loop
      vertex 5.15056 65.9294 1.5
      vertex 5.95671 52.3097 1.5
      vertex 5.35 66.0278 1.5
    endloop
  endfacet
  facet normal 0 0 1
    outer loop
      vertex 5.95671 52.3097 1.5
      vertex 5.15056 65.9294 1.5
      vertex 5.64705 52.4148 1.5
    endloop
  endfacet
  facet normal -0 0 1
    outer loop
      vertex 4.93999 65.8579 1.5
      vertex 5.64705 52.4148 1.5
      vertex 5.15056 65.9294 1.5
    endloop
  endfacet
  facet normal 0 0 1
    outer loop
      vertex 5.64705 52.4148 1.5
      vertex 4.93999 65.8579 1.5
      vertex 5.32631 52.4786 1.5
    endloop
  endfacet
  facet normal -0 0 1
    outer loop
      vertex 4.72189 65.8145 1.5
      vertex 5.32631 52.4786 1.5
      vertex 4.93999 65.8579 1.5
    endloop
  endfacet
  facet normal 0 0 1
    outer loop
      vertex 5.32631 52.4786 1.5
      vertex 4.72189 65.8145 1.5
      vertex 5 52.5 1.5
    endloop
  endfacet
  facet normal -0 0 1
    outer loop
      vertex 4.5 65.8 1.5
      vertex 5 52.5 1.5
      vertex 4.72189 65.8145 1.5
    endloop
  endfacet
  facet normal 0 0 1
    outer loop
      vertex 5 52.5 1.5
      vertex 4.5 65.8 1.5
      vertex 4.67368 52.4786 1.5
    endloop
  endfacet
  facet normal 0 0 1
    outer loop
      vertex 4.2781 65.8145 1.5
      vertex 4.67368 52.4786 1.5
      vertex 4.5 65.8 1.5
    endloop
  endfacet
  facet normal 0 0 1
    outer loop
      vertex 4.67368 52.4786 1.5
      vertex 4.2781 65.8145 1.5
      vertex 4.35295 52.4148 1.5
    endloop
  endfacet
  facet normal 0 0 1
    outer loop
      vertex 4.06001 65.8579 1.5
      vertex 4.35295 52.4148 1.5
      vertex 4.2781 65.8145 1.5
    endloop
  endfacet
  facet normal 0 0 1
    outer loop
      vertex 4.06001 65.8579 1.5
      vertex 4.04329 52.3097 1.5
      vertex 4.35295 52.4148 1.5
    endloop
  endfacet
  facet normal 0 0 1
    outer loop
      vertex 3.84944 65.9294 1.5
      vertex 4.04329 52.3097 1.5
      vertex 4.06001 65.8579 1.5
    endloop
  endfacet
  facet normal 0 0 1
    outer loop
      vertex 3.84944 65.9294 1.5
      vertex 3.75 52.1651 1.5
      vertex 4.04329 52.3097 1.5
    endloop
  endfacet
  facet normal 0 0 1
    outer loop
      vertex 3.65 66.0278 1.5
      vertex 3.75 52.1651 1.5
      vertex 3.84944 65.9294 1.5
    endloop
  endfacet
  facet normal 0 0 1
    outer loop
      vertex 3.65 66.0278 1.5
      vertex 3.4781 51.9834 1.5
      vertex 3.75 52.1651 1.5
    endloop
  endfacet
  facet normal 0 0 1
    outer loop
      vertex 3.46511 66.1513 1.5
      vertex 3.4781 51.9834 1.5
      vertex 3.65 66.0278 1.5
    endloop
  endfacet
  facet normal 0 0 1
    outer loop
      vertex 3.29792 66.2979 1.5
      vertex 3.4781 51.9834 1.5
      vertex 3.46511 66.1513 1.5
    endloop
  endfacet
  facet normal 0 0 1
    outer loop
      vertex 3.29792 66.2979 1.5
      vertex 3.23223 51.7678 1.5
      vertex 3.4781 51.9834 1.5
    endloop
  endfacet
  facet normal 0 0 1
    outer loop
      vertex 3.1513 66.4651 1.5
      vertex 3.23223 51.7678 1.5
      vertex 3.29792 66.2979 1.5
    endloop
  endfacet
  facet normal 0 0 1
    outer loop
      vertex 3.01662 51.5219 1.5
      vertex 3.1513 66.4651 1.5
      vertex 3.02776 66.65 1.5
    endloop
  endfacet
  facet normal 0 0 1
    outer loop
      vertex 3.1513 66.4651 1.5
      vertex 3.01662 51.5219 1.5
      vertex 3.23223 51.7678 1.5
    endloop
  endfacet
  facet normal 0 0 1
    outer loop
      vertex 2.83494 51.25 1.5
      vertex 3.02776 66.65 1.5
      vertex 2.9294 66.8494 1.5
    endloop
  endfacet
  facet normal 0 0 1
    outer loop
      vertex 0 72 1.5
      vertex 2.9294 66.8494 1.5
      vertex 2.85793 67.06 1.5
    endloop
  endfacet
  facet normal 0 0 1
    outer loop
      vertex 3.02776 66.65 1.5
      vertex 2.83494 51.25 1.5
      vertex 3.01662 51.5219 1.5
    endloop
  endfacet
  facet normal 0 0 1
    outer loop
      vertex 0 72 1.5
      vertex 2.85793 67.06 1.5
      vertex 2.81454 67.2781 1.5
    endloop
  endfacet
  facet normal 0 0 1
    outer loop
      vertex 0 72 1.5
      vertex 2.81454 67.2781 1.5
      vertex 2.8 67.5 1.5
    endloop
  endfacet
  facet normal 0 0 1
    outer loop
      vertex 2.9294 66.8494 1.5
      vertex 2.6903 50.9567 1.5
      vertex 2.83494 51.25 1.5
    endloop
  endfacet
  facet normal 0 0 1
    outer loop
      vertex 60.6538 17.5962 1.5
      vertex 60 25 1.5
      vertex 60.0932 16.9569 1.5
    endloop
  endfacet
  facet normal -0 0 1
    outer loop
      vertex 47 22 1.5
      vertex 60.0932 16.9569 1.5
      vertex 60 25 1.5
    endloop
  endfacet
  facet normal 0 0 1
    outer loop
      vertex 60.0932 16.9569 1.5
      vertex 47 22 1.5
      vertex 59.6208 16.25 1.5
    endloop
  endfacet
  facet normal 0 0 1
    outer loop
      vertex 59.6208 16.25 1.5
      vertex 47 22 1.5
      vertex 59.2448 15.4874 1.5
    endloop
  endfacet
  facet normal 0 0 1
    outer loop
      vertex 59.2448 15.4874 1.5
      vertex 47 22 1.5
      vertex 58.9715 14.6823 1.5
    endloop
  endfacet
  facet normal 0 0 1
    outer loop
      vertex 47 9 1.5
      vertex 58.8056 13.8484 1.5
      vertex 47 22 1.5
    endloop
  endfacet
  facet normal 0 0 1
    outer loop
      vertex 58.9715 14.6823 1.5
      vertex 47 22 1.5
      vertex 58.8056 13.8484 1.5
    endloop
  endfacet
  facet normal -0 0 1
    outer loop
      vertex 46 25 1.5
      vertex 47 22 1.5
      vertex 60 25 1.5
    endloop
  endfacet
  facet normal 0 0 1
    outer loop
      vertex 41 25 1.5
      vertex 46 25 1.5
      vertex 41 39 1.5
    endloop
  endfacet
  facet normal 0 0 1
    outer loop
      vertex 46 25 1.5
      vertex 41 25 1.5
      vertex 47 22 1.5
    endloop
  endfacet
  facet normal -0 0 1
    outer loop
      vertex 27 25 1.5
      vertex 47 22 1.5
      vertex 41 25 1.5
    endloop
  endfacet
  facet normal 0 0 1
    outer loop
      vertex 22 25 1.5
      vertex 27 25 1.5
      vertex 22 39 1.5
    endloop
  endfacet
  facet normal 0 0 1
    outer loop
      vertex 17 22 1.5
      vertex 27 25 1.5
      vertex 22 25 1.5
    endloop
  endfacet
  facet normal 0 0 1
    outer loop
      vertex 27 25 1.5
      vertex 17 22 1.5
      vertex 47 22 1.5
    endloop
  endfacet
  facet normal 0 0 1
    outer loop
      vertex 17 22 1.5
      vertex 8 25 1.5
      vertex 17 9 1.5
    endloop
  endfacet
  facet normal -0 0 1
    outer loop
      vertex 8 25 1.5
      vertex 17 22 1.5
      vertex 22 25 1.5
    endloop
  endfacet
  facet normal 0 0 1
    outer loop
      vertex 80.4786 49.6737 1.5
      vertex 84 72 1.5
      vertex 80.5 50 1.5
    endloop
  endfacet
  facet normal 0 0 1
    outer loop
      vertex 84 72 1.5
      vertex 80.4786 49.6737 1.5
      vertex 84 0 1.5
    endloop
  endfacet
  facet normal 0 0 1
    outer loop
      vertex 80.4786 50.3263 1.5
      vertex 81.1855 67.2781 1.5
      vertex 81.1421 67.06 1.5
    endloop
  endfacet
  facet normal 0 0 1
    outer loop
      vertex 84 0 1.5
      vertex 81.1855 4.72189 1.5
      vertex 81.2 4.5 1.5
    endloop
  endfacet
  facet normal 0 0 1
    outer loop
      vertex 80.4148 50.647 1.5
      vertex 81.1421 67.06 1.5
      vertex 81.0706 66.8494 1.5
    endloop
  endfacet
  facet normal -0 0 1
    outer loop
      vertex 80.4148 49.353 1.5
      vertex 84 0 1.5
      vertex 80.4786 49.6737 1.5
    endloop
  endfacet
  facet normal 0 0 1
    outer loop
      vertex 80.3097 50.9567 1.5
      vertex 81.0706 66.8494 1.5
      vertex 80.9722 66.65 1.5
    endloop
  endfacet
  facet normal 0 0 1
    outer loop
      vertex 84 0 1.5
      vertex 81.1421 4.93999 1.5
      vertex 81.1855 4.72189 1.5
    endloop
  endfacet
  facet normal 0 0 1
    outer loop
      vertex 80.1651 51.25 1.5
      vertex 80.9722 66.65 1.5
      vertex 80.8487 66.4651 1.5
    endloop
  endfacet
  facet normal -0 0 1
    outer loop
      vertex 80.3097 49.0433 1.5
      vertex 84 0 1.5
      vertex 80.4148 49.353 1.5
    endloop
  endfacet
  facet normal 0 0 1
    outer loop
      vertex 79.9834 51.5219 1.5
      vertex 80.8487 66.4651 1.5
      vertex 80.7021 66.2979 1.5
    endloop
  endfacet
  facet normal 0 0 1
    outer loop
      vertex 84 0 1.5
      vertex 81.0706 5.15056 1.5
      vertex 81.1421 4.93999 1.5
    endloop
  endfacet
  facet normal 0 0 1
    outer loop
      vertex 79.7678 51.7678 1.5
      vertex 80.7021 66.2979 1.5
      vertex 80.5349 66.1513 1.5
    endloop
  endfacet
  facet normal 0 0 1
    outer loop
      vertex 84 0 1.5
      vertex 80.3097 49.0433 1.5
      vertex 81.0706 5.15056 1.5
    endloop
  endfacet
  facet normal 0 0 1
    outer loop
      vertex 81.0706 5.15056 1.5
      vertex 80.3097 49.0433 1.5
      vertex 80.9722 5.35 1.5
    endloop
  endfacet
  facet normal 0 0 1
    outer loop
      vertex 81.1855 67.2781 1.5
      vertex 80.4786 50.3263 1.5
      vertex 80.5 50 1.5
    endloop
  endfacet
  facet normal 0 0 1
    outer loop
      vertex 81.1421 67.06 1.5
      vertex 80.4148 50.647 1.5
      vertex 80.4786 50.3263 1.5
    endloop
  endfacet
  facet normal 0 0 1
    outer loop
      vertex 79.5219 51.9834 1.5
      vertex 80.5349 66.1513 1.5
      vertex 80.35 66.0278 1.5
    endloop
  endfacet
  facet normal 0 0 1
    outer loop
      vertex 81.0706 66.8494 1.5
      vertex 80.3097 50.9567 1.5
      vertex 80.4148 50.647 1.5
    endloop
  endfacet
  facet normal 0 0 1
    outer loop
      vertex 80.9722 66.65 1.5
      vertex 80.1651 51.25 1.5
      vertex 80.3097 50.9567 1.5
    endloop
  endfacet
  facet normal 0 0 1
    outer loop
      vertex 79.5219 51.9834 1.5
      vertex 80.35 66.0278 1.5
      vertex 80.1506 65.9294 1.5
    endloop
  endfacet
  facet normal 0 0 1
    outer loop
      vertex 80.8487 66.4651 1.5
      vertex 79.9834 51.5219 1.5
      vertex 80.1651 51.25 1.5
    endloop
  endfacet
  facet normal 0 0 1
    outer loop
      vertex 79.25 52.1651 1.5
      vertex 80.1506 65.9294 1.5
      vertex 79.94 65.8579 1.5
    endloop
  endfacet
  facet normal 0 0 1
    outer loop
      vertex 80.7021 66.2979 1.5
      vertex 79.7678 51.7678 1.5
      vertex 79.9834 51.5219 1.5
    endloop
  endfacet
  facet normal 0 0 1
    outer loop
      vertex 78.9567 52.3097 1.5
      vertex 79.94 65.8579 1.5
      vertex 79.7219 65.8145 1.5
    endloop
  endfacet
  facet normal 0 0 1
    outer loop
      vertex 80.5349 66.1513 1.5
      vertex 79.5219 51.9834 1.5
      vertex 79.7678 51.7678 1.5
    endloop
  endfacet
  facet normal 0 0 1
    outer loop
      vertex 78.647 52.4148 1.5
      vertex 79.7219 65.8145 1.5
      vertex 79.5 65.8 1.5
    endloop
  endfacet
  facet normal 0 0 1
    outer loop
      vertex 78.3263 52.4786 1.5
      vertex 79.5 65.8 1.5
      vertex 79.2781 65.8145 1.5
    endloop
  endfacet
  facet normal 0 0 1
    outer loop
      vertex 80.1506 65.9294 1.5
      vertex 79.25 52.1651 1.5
      vertex 79.5219 51.9834 1.5
    endloop
  endfacet
  facet normal 0 0 1
    outer loop
      vertex 78 52.5 1.5
      vertex 79.2781 65.8145 1.5
      vertex 79.06 65.8579 1.5
    endloop
  endfacet
  facet normal 0 0 1
    outer loop
      vertex 79.94 65.8579 1.5
      vertex 78.9567 52.3097 1.5
      vertex 79.25 52.1651 1.5
    endloop
  endfacet
  facet normal 0 0 1
    outer loop
      vertex 77.6737 52.4786 1.5
      vertex 79.06 65.8579 1.5
      vertex 78.8494 65.9294 1.5
    endloop
  endfacet
  facet normal 0 0 1
    outer loop
      vertex 77.353 52.4148 1.5
      vertex 78.8494 65.9294 1.5
      vertex 78.65 66.0278 1.5
    endloop
  endfacet
  facet normal 0 0 1
    outer loop
      vertex 79.7219 65.8145 1.5
      vertex 78.647 52.4148 1.5
      vertex 78.9567 52.3097 1.5
    endloop
  endfacet
  facet normal 0 0 1
    outer loop
      vertex 77.0433 52.3097 1.5
      vertex 78.65 66.0278 1.5
      vertex 78.4651 66.1513 1.5
    endloop
  endfacet
  facet normal 0 0 1
    outer loop
      vertex 79.5 65.8 1.5
      vertex 78.3263 52.4786 1.5
      vertex 78.647 52.4148 1.5
    endloop
  endfacet
  facet normal 0 0 1
    outer loop
      vertex 76.75 52.1651 1.5
      vertex 78.4651 66.1513 1.5
      vertex 78.2979 66.2979 1.5
    endloop
  endfacet
  facet normal 0 0 1
    outer loop
      vertex 76.4781 51.9834 1.5
      vertex 78.2979 66.2979 1.5
      vertex 78.1513 66.4651 1.5
    endloop
  endfacet
  facet normal 0 0 1
    outer loop
      vertex 76.2322 51.7678 1.5
      vertex 78.1513 66.4651 1.5
      vertex 78.0278 66.65 1.5
    endloop
  endfacet
  facet normal 0 0 1
    outer loop
      vertex 79.2781 65.8145 1.5
      vertex 78 52.5 1.5
      vertex 78.3263 52.4786 1.5
    endloop
  endfacet
  facet normal 0 0 1
    outer loop
      vertex 76.0166 51.5219 1.5
      vertex 78.0278 66.65 1.5
      vertex 77.9294 66.8494 1.5
    endloop
  endfacet
  facet normal 0 0 1
    outer loop
      vertex 75.8349 51.25 1.5
      vertex 77.9294 66.8494 1.5
      vertex 77.8579 67.06 1.5
    endloop
  endfacet
  facet normal 0 0 1
    outer loop
      vertex 60 39 1.5
      vertex 77.8579 67.06 1.5
      vertex 77.8145 67.2781 1.5
    endloop
  endfacet
  facet normal 0 0 1
    outer loop
      vertex 46 39 1.5
      vertex 77.8145 67.2781 1.5
      vertex 77.8 67.5 1.5
    endloop
  endfacet
  facet normal 0 0 1
    outer loop
      vertex 79.06 65.8579 1.5
      vertex 77.6737 52.4786 1.5
      vertex 78 52.5 1.5
    endloop
  endfacet
  facet normal 0 0 1
    outer loop
      vertex 81.1855 67.2781 1.5
      vertex 84 72 1.5
      vertex 81.2 67.5 1.5
    endloop
  endfacet
  facet normal 0 0 1
    outer loop
      vertex 84 72 1.5
      vertex 81.1855 67.7219 1.5
      vertex 81.2 67.5 1.5
    endloop
  endfacet
  facet normal 0 0 1
    outer loop
      vertex 84 72 1.5
      vertex 81.1421 67.94 1.5
      vertex 81.1855 67.7219 1.5
    endloop
  endfacet
  facet normal 0 0 1
    outer loop
      vertex 84 72 1.5
      vertex 81.0706 68.1506 1.5
      vertex 81.1421 67.94 1.5
    endloop
  endfacet
  facet normal 0 0 1
    outer loop
      vertex 84 72 1.5
      vertex 80.9722 68.35 1.5
      vertex 81.0706 68.1506 1.5
    endloop
  endfacet
  facet normal 0 0 1
    outer loop
      vertex 84 72 1.5
      vertex 80.8487 68.5349 1.5
      vertex 80.9722 68.35 1.5
    endloop
  endfacet
  facet normal 0 0 1
    outer loop
      vertex 84 72 1.5
      vertex 80.7021 68.7021 1.5
      vertex 80.8487 68.5349 1.5
    endloop
  endfacet
  facet normal 0 0 1
    outer loop
      vertex 84 72 1.5
      vertex 80.5349 68.8487 1.5
      vertex 80.7021 68.7021 1.5
    endloop
  endfacet
  facet normal 0 0 1
    outer loop
      vertex 84 72 1.5
      vertex 80.35 68.9722 1.5
      vertex 80.5349 68.8487 1.5
    endloop
  endfacet
  facet normal 0 0 1
    outer loop
      vertex 84 72 1.5
      vertex 80.1506 69.0706 1.5
      vertex 80.35 68.9722 1.5
    endloop
  endfacet
  facet normal 0 0 1
    outer loop
      vertex 84 72 1.5
      vertex 79.94 69.1421 1.5
      vertex 80.1506 69.0706 1.5
    endloop
  endfacet
  facet normal 0 0 1
    outer loop
      vertex 84 72 1.5
      vertex 79.7219 69.1855 1.5
      vertex 79.94 69.1421 1.5
    endloop
  endfacet
  facet normal 0 0 1
    outer loop
      vertex 84 72 1.5
      vertex 79.5 69.2 1.5
      vertex 79.7219 69.1855 1.5
    endloop
  endfacet
  facet normal 0 0 1
    outer loop
      vertex 84 72 1.5
      vertex 79.2781 69.1855 1.5
      vertex 79.5 69.2 1.5
    endloop
  endfacet
  facet normal 0 0 1
    outer loop
      vertex 84 72 1.5
      vertex 79.06 69.1421 1.5
      vertex 79.2781 69.1855 1.5
    endloop
  endfacet
  facet normal 0 0 1
    outer loop
      vertex 84 72 1.5
      vertex 78.8494 69.0706 1.5
      vertex 79.06 69.1421 1.5
    endloop
  endfacet
  facet normal 0 0 1
    outer loop
      vertex 84 72 1.5
      vertex 78.65 68.9722 1.5
      vertex 78.8494 69.0706 1.5
    endloop
  endfacet
  facet normal 0 0 1
    outer loop
      vertex 78.8494 65.9294 1.5
      vertex 77.353 52.4148 1.5
      vertex 77.6737 52.4786 1.5
    endloop
  endfacet
  facet normal 0 0 1
    outer loop
      vertex 78.65 66.0278 1.5
      vertex 77.0433 52.3097 1.5
      vertex 77.353 52.4148 1.5
    endloop
  endfacet
  facet normal 0 0 1
    outer loop
      vertex 78.4651 66.1513 1.5
      vertex 76.75 52.1651 1.5
      vertex 77.0433 52.3097 1.5
    endloop
  endfacet
  facet normal 0 0 1
    outer loop
      vertex 46 39 1.5
      vertex 77.8 67.5 1.5
      vertex 77.8145 67.7219 1.5
    endloop
  endfacet
  facet normal 0 0 1
    outer loop
      vertex 78.2979 66.2979 1.5
      vertex 76.4781 51.9834 1.5
      vertex 76.75 52.1651 1.5
    endloop
  endfacet
  facet normal 0 0 1
    outer loop
      vertex 78.1513 66.4651 1.5
      vertex 76.2322 51.7678 1.5
      vertex 76.4781 51.9834 1.5
    endloop
  endfacet
  facet normal 0 0 1
    outer loop
      vertex 78.0278 66.65 1.5
      vertex 76.0166 51.5219 1.5
      vertex 76.2322 51.7678 1.5
    endloop
  endfacet
  facet normal 0 0 1
    outer loop
      vertex 77.9294 66.8494 1.5
      vertex 75.8349 51.25 1.5
      vertex 76.0166 51.5219 1.5
    endloop
  endfacet
  facet normal 0 0 1
    outer loop
      vertex 77.8579 67.06 1.5
      vertex 60 39 1.5
      vertex 75.8349 51.25 1.5
    endloop
  endfacet
  facet normal 0 0 1
    outer loop
      vertex 75.8349 51.25 1.5
      vertex 60 39 1.5
      vertex 75.6903 50.9567 1.5
    endloop
  endfacet
  facet normal 0 0 1
    outer loop
      vertex 75.6903 50.9567 1.5
      vertex 60 39 1.5
      vertex 75.5852 50.647 1.5
    endloop
  endfacet
  facet normal 0 0 1
    outer loop
      vertex 60 39 1.5
      vertex 75.5 50 1.5
      vertex 75.5214 50.3263 1.5
    endloop
  endfacet
  facet normal 0 0 1
    outer loop
      vertex 75.5 50 1.5
      vertex 71.6944 13.8484 1.5
      vertex 71.75 13 1.5
    endloop
  endfacet
  facet normal 0 0 1
    outer loop
      vertex 75.5 50 1.5
      vertex 71.5285 14.6823 1.5
      vertex 71.6944 13.8484 1.5
    endloop
  endfacet
  facet normal 0 0 1
    outer loop
      vertex 75.5 50 1.5
      vertex 71.2552 15.4874 1.5
      vertex 71.5285 14.6823 1.5
    endloop
  endfacet
  facet normal 0 0 1
    outer loop
      vertex 75.5 50 1.5
      vertex 70.8792 16.25 1.5
      vertex 71.2552 15.4874 1.5
    endloop
  endfacet
  facet normal 0 0 1
    outer loop
      vertex 75.5852 50.647 1.5
      vertex 60 39 1.5
      vertex 75.5214 50.3263 1.5
    endloop
  endfacet
  facet normal 0 0 1
    outer loop
      vertex 75.5 50 1.5
      vertex 70.4068 16.9569 1.5
      vertex 70.8792 16.25 1.5
    endloop
  endfacet
  facet normal 0 0 1
    outer loop
      vertex 75.5 50 1.5
      vertex 69.8462 17.5962 1.5
      vertex 70.4068 16.9569 1.5
    endloop
  endfacet
  facet normal 0 0 1
    outer loop
      vertex 75.5 50 1.5
      vertex 60 39 1.5
      vertex 68.5 18.6292 1.5
    endloop
  endfacet
  facet normal 0 0 1
    outer loop
      vertex 75.5 50 1.5
      vertex 69.2069 18.1568 1.5
      vertex 69.8462 17.5962 1.5
    endloop
  endfacet
  facet normal 0 0 1
    outer loop
      vertex 75.5 50 1.5
      vertex 68.5 18.6292 1.5
      vertex 69.2069 18.1568 1.5
    endloop
  endfacet
  facet normal 0 0 1
    outer loop
      vertex 41 39 1.5
      vertex 77.8145 67.7219 1.5
      vertex 77.8579 67.94 1.5
    endloop
  endfacet
  facet normal 0 0 1
    outer loop
      vertex 68.5 18.6292 1.5
      vertex 60 39 1.5
      vertex 67.7374 19.0052 1.5
    endloop
  endfacet
  facet normal 0 0 1
    outer loop
      vertex 67.7374 19.0052 1.5
      vertex 60 39 1.5
      vertex 66.9323 19.2785 1.5
    endloop
  endfacet
  facet normal -0 0 1
    outer loop
      vertex 60 25 1.5
      vertex 66.9323 19.2785 1.5
      vertex 60 39 1.5
    endloop
  endfacet
  facet normal 0 0 1
    outer loop
      vertex 66.9323 19.2785 1.5
      vertex 60 25 1.5
      vertex 66.0984 19.4444 1.5
    endloop
  endfacet
  facet normal 0 0 1
    outer loop
      vertex 66.0984 19.4444 1.5
      vertex 60 25 1.5
      vertex 65.25 19.5 1.5
    endloop
  endfacet
  facet normal 0 0 1
    outer loop
      vertex 65.25 19.5 1.5
      vertex 60 25 1.5
      vertex 64.4016 19.4444 1.5
    endloop
  endfacet
  facet normal 0 0 1
    outer loop
      vertex 64.4016 19.4444 1.5
      vertex 60 25 1.5
      vertex 63.5677 19.2785 1.5
    endloop
  endfacet
  facet normal 0 0 1
    outer loop
      vertex 63.5677 19.2785 1.5
      vertex 60 25 1.5
      vertex 62.7626 19.0052 1.5
    endloop
  endfacet
  facet normal 0 0 1
    outer loop
      vertex 62.7626 19.0052 1.5
      vertex 60 25 1.5
      vertex 62 18.6292 1.5
    endloop
  endfacet
  facet normal 0 0 1
    outer loop
      vertex 6.14207 67.94 1.5
      vertex 77.8579 67.94 1.5
      vertex 77.9294 68.1506 1.5
    endloop
  endfacet
  facet normal 0 0 1
    outer loop
      vertex 62 18.6292 1.5
      vertex 60 25 1.5
      vertex 61.293 18.1568 1.5
    endloop
  endfacet
  facet normal 0 0 1
    outer loop
      vertex 61.293 18.1568 1.5
      vertex 60 25 1.5
      vertex 60.6538 17.5962 1.5
    endloop
  endfacet
  facet normal 0 0 1
    outer loop
      vertex 6.07059 68.1506 1.5
      vertex 77.9294 68.1506 1.5
      vertex 78.0278 68.35 1.5
    endloop
  endfacet
  facet normal 0 0 1
    outer loop
      vertex 77.8145 67.2781 1.5
      vertex 46 39 1.5
      vertex 60 39 1.5
    endloop
  endfacet
  facet normal 0 0 1
    outer loop
      vertex 5.97224 68.35 1.5
      vertex 78.0278 68.35 1.5
      vertex 78.1513 68.5349 1.5
    endloop
  endfacet
  facet normal 0 0 1
    outer loop
      vertex 5.8487 68.5349 1.5
      vertex 78.1513 68.5349 1.5
      vertex 78.2979 68.7021 1.5
    endloop
  endfacet
  facet normal 0 0 1
    outer loop
      vertex 46 39 1.5
      vertex 41 39 1.5
      vertex 46 25 1.5
    endloop
  endfacet
  facet normal 0 0 1
    outer loop
      vertex 77.8145 67.7219 1.5
      vertex 41 39 1.5
      vertex 46 39 1.5
    endloop
  endfacet
  facet normal 0 0 1
    outer loop
      vertex 5.70208 68.7021 1.5
      vertex 78.2979 68.7021 1.5
      vertex 78.4651 68.8487 1.5
    endloop
  endfacet
  facet normal 0 0 1
    outer loop
      vertex 77.8579 67.94 1.5
      vertex 6.14207 67.94 1.5
      vertex 41 39 1.5
    endloop
  endfacet
  facet normal 0 0 1
    outer loop
      vertex 5.53489 68.8487 1.5
      vertex 78.4651 68.8487 1.5
      vertex 78.65 68.9722 1.5
    endloop
  endfacet
  facet normal 0 0 1
    outer loop
      vertex 27 39 1.5
      vertex 22 39 1.5
      vertex 27 25 1.5
    endloop
  endfacet
  facet normal -0 -0 1
    outer loop
      vertex 6.2 67.5 1.5
      vertex 41 39 1.5
      vertex 6.18546 67.7219 1.5
    endloop
  endfacet
  facet normal 0 0 1
    outer loop
      vertex 5.35 68.9722 1.5
      vertex 78.65 68.9722 1.5
      vertex 84 72 1.5
    endloop
  endfacet
  facet normal -0 0 1
    outer loop
      vertex 6.18546 67.2781 1.5
      vertex 27 39 1.5
      vertex 6.2 67.5 1.5
    endloop
  endfacet
  facet normal -0 0 1
    outer loop
      vertex 7.41481 49.353 1.5
      vertex 22 39 1.5
      vertex 7.47861 49.6737 1.5
    endloop
  endfacet
  facet normal 0 0 1
    outer loop
      vertex 22 39 1.5
      vertex 7.5 50 1.5
      vertex 7.47861 49.6737 1.5
    endloop
  endfacet
  facet normal 0 0 1
    outer loop
      vertex 22 39 1.5
      vertex 7.47861 50.3263 1.5
      vertex 7.5 50 1.5
    endloop
  endfacet
  facet normal 0 0 1
    outer loop
      vertex 22 39 1.5
      vertex 7.41481 50.647 1.5
      vertex 7.47861 50.3263 1.5
    endloop
  endfacet
  facet normal 0 0 1
    outer loop
      vertex 27 39 1.5
      vertex 7.3097 50.9567 1.5
      vertex 22 39 1.5
    endloop
  endfacet
  facet normal 0 0 1
    outer loop
      vertex 22 39 1.5
      vertex 7.3097 50.9567 1.5
      vertex 7.41481 50.647 1.5
    endloop
  endfacet
  facet normal -0 0 1
    outer loop
      vertex 6.14207 67.06 1.5
      vertex 27 39 1.5
      vertex 6.18546 67.2781 1.5
    endloop
  endfacet
  facet normal 0 0 1
    outer loop
      vertex 27 39 1.5
      vertex 6.14207 67.06 1.5
      vertex 7.3097 50.9567 1.5
    endloop
  endfacet
  facet normal 0 0 1
    outer loop
      vertex 7.3097 50.9567 1.5
      vertex 6.14207 67.06 1.5
      vertex 7.16506 51.25 1.5
    endloop
  endfacet
  facet normal -0 0 1
    outer loop
      vertex 6.07059 66.8494 1.5
      vertex 7.16506 51.25 1.5
      vertex 6.14207 67.06 1.5
    endloop
  endfacet
  facet normal 0 0 1
    outer loop
      vertex 7.16506 51.25 1.5
      vertex 6.07059 66.8494 1.5
      vertex 6.98338 51.5219 1.5
    endloop
  endfacet
  facet normal 0 0 1
    outer loop
      vertex 41 39 1.5
      vertex 6.2 67.5 1.5
      vertex 27 39 1.5
    endloop
  endfacet
  facet normal 0 0 1
    outer loop
      vertex 41 39 1.5
      vertex 6.14207 67.94 1.5
      vertex 6.18546 67.7219 1.5
    endloop
  endfacet
  facet normal 0 0 1
    outer loop
      vertex 77.9294 68.1506 1.5
      vertex 6.07059 68.1506 1.5
      vertex 6.14207 67.94 1.5
    endloop
  endfacet
  facet normal 0 0 1
    outer loop
      vertex 78.0278 68.35 1.5
      vertex 5.97224 68.35 1.5
      vertex 6.07059 68.1506 1.5
    endloop
  endfacet
  facet normal 0 0 1
    outer loop
      vertex 78.1513 68.5349 1.5
      vertex 5.8487 68.5349 1.5
      vertex 5.97224 68.35 1.5
    endloop
  endfacet
  facet normal 0 0 1
    outer loop
      vertex 78.2979 68.7021 1.5
      vertex 5.70208 68.7021 1.5
      vertex 5.8487 68.5349 1.5
    endloop
  endfacet
  facet normal 0 0 1
    outer loop
      vertex 78.4651 68.8487 1.5
      vertex 5.53489 68.8487 1.5
      vertex 5.70208 68.7021 1.5
    endloop
  endfacet
  facet normal 0 0 1
    outer loop
      vertex 78.65 68.9722 1.5
      vertex 5.35 68.9722 1.5
      vertex 5.53489 68.8487 1.5
    endloop
  endfacet
  facet normal -0 0 1
    outer loop
      vertex 0 72 1.5
      vertex 5.35 68.9722 1.5
      vertex 84 72 1.5
    endloop
  endfacet
  facet normal 0 0 1
    outer loop
      vertex 5.35 68.9722 1.5
      vertex 0 72 1.5
      vertex 5.15056 69.0706 1.5
    endloop
  endfacet
  facet normal 0 0 1
    outer loop
      vertex 5.15056 69.0706 1.5
      vertex 0 72 1.5
      vertex 4.93999 69.1421 1.5
    endloop
  endfacet
  facet normal 0 0 1
    outer loop
      vertex 4.93999 69.1421 1.5
      vertex 0 72 1.5
      vertex 4.72189 69.1855 1.5
    endloop
  endfacet
  facet normal 0 0 1
    outer loop
      vertex 2.9294 66.8494 1.5
      vertex 0 72 1.5
      vertex 2.6903 50.9567 1.5
    endloop
  endfacet
  facet normal 0 0 1
    outer loop
      vertex 2.6903 50.9567 1.5
      vertex 0 72 1.5
      vertex 2.58519 50.647 1.5
    endloop
  endfacet
  facet normal 0 0 1
    outer loop
      vertex 2.58519 50.647 1.5
      vertex 0 72 1.5
      vertex 2.52139 50.3263 1.5
    endloop
  endfacet
  facet normal 0 0 1
    outer loop
      vertex 2.52139 50.3263 1.5
      vertex 0 72 1.5
      vertex 2.5 50 1.5
    endloop
  endfacet
  facet normal 0 0 1
    outer loop
      vertex 2.81454 67.7219 1.5
      vertex 0 72 1.5
      vertex 2.8 67.5 1.5
    endloop
  endfacet
  facet normal 0 0 1
    outer loop
      vertex 2.85793 67.94 1.5
      vertex 0 72 1.5
      vertex 2.81454 67.7219 1.5
    endloop
  endfacet
  facet normal 0 0 1
    outer loop
      vertex 2.9294 68.1506 1.5
      vertex 0 72 1.5
      vertex 2.85793 67.94 1.5
    endloop
  endfacet
  facet normal 0 0 1
    outer loop
      vertex 3.02776 68.35 1.5
      vertex 0 72 1.5
      vertex 2.9294 68.1506 1.5
    endloop
  endfacet
  facet normal 0 0 1
    outer loop
      vertex 3.1513 68.5349 1.5
      vertex 0 72 1.5
      vertex 3.02776 68.35 1.5
    endloop
  endfacet
  facet normal 0 0 1
    outer loop
      vertex 3.29792 68.7021 1.5
      vertex 0 72 1.5
      vertex 3.1513 68.5349 1.5
    endloop
  endfacet
  facet normal 0 0 1
    outer loop
      vertex 3.46511 68.8487 1.5
      vertex 0 72 1.5
      vertex 3.29792 68.7021 1.5
    endloop
  endfacet
  facet normal 0 0 1
    outer loop
      vertex 3.65 68.9722 1.5
      vertex 0 72 1.5
      vertex 3.46511 68.8487 1.5
    endloop
  endfacet
  facet normal 0 0 1
    outer loop
      vertex 3.84944 69.0706 1.5
      vertex 0 72 1.5
      vertex 3.65 68.9722 1.5
    endloop
  endfacet
  facet normal 0 0 1
    outer loop
      vertex 4.06001 69.1421 1.5
      vertex 0 72 1.5
      vertex 3.84944 69.0706 1.5
    endloop
  endfacet
  facet normal 0 0 1
    outer loop
      vertex 4.2781 69.1855 1.5
      vertex 0 72 1.5
      vertex 4.06001 69.1421 1.5
    endloop
  endfacet
  facet normal 0 0 1
    outer loop
      vertex 4.5 69.2 1.5
      vertex 0 72 1.5
      vertex 4.2781 69.1855 1.5
    endloop
  endfacet
  facet normal 0 0 1
    outer loop
      vertex 4.72189 69.1855 1.5
      vertex 0 72 1.5
      vertex 4.5 69.2 1.5
    endloop
  endfacet
  facet normal 0 0 1
    outer loop
      vertex 80.5 50 1.5
      vertex 84 72 1.5
      vertex 81.1855 67.2781 1.5
    endloop
  endfacet
  facet normal -0 0 1
    outer loop
      vertex 81.1855 4.2781 1.5
      vertex 84 0 1.5
      vertex 81.2 4.5 1.5
    endloop
  endfacet
  facet normal -0 0 1
    outer loop
      vertex 81.1421 4.06001 1.5
      vertex 84 0 1.5
      vertex 81.1855 4.2781 1.5
    endloop
  endfacet
  facet normal -0 0 1
    outer loop
      vertex 81.0706 3.84944 1.5
      vertex 84 0 1.5
      vertex 81.1421 4.06001 1.5
    endloop
  endfacet
  facet normal -0 0 1
    outer loop
      vertex 80.9722 3.65 1.5
      vertex 84 0 1.5
      vertex 81.0706 3.84944 1.5
    endloop
  endfacet
  facet normal -0 0 1
    outer loop
      vertex 80.8487 3.46511 1.5
      vertex 84 0 1.5
      vertex 80.9722 3.65 1.5
    endloop
  endfacet
  facet normal -0 0 1
    outer loop
      vertex 80.7021 3.29792 1.5
      vertex 84 0 1.5
      vertex 80.8487 3.46511 1.5
    endloop
  endfacet
  facet normal -0 0 1
    outer loop
      vertex 80.5349 3.1513 1.5
      vertex 84 0 1.5
      vertex 80.7021 3.29792 1.5
    endloop
  endfacet
  facet normal -0 0 1
    outer loop
      vertex 80.35 3.02776 1.5
      vertex 84 0 1.5
      vertex 80.5349 3.1513 1.5
    endloop
  endfacet
  facet normal -0 0 1
    outer loop
      vertex 80.1506 2.9294 1.5
      vertex 84 0 1.5
      vertex 80.35 3.02776 1.5
    endloop
  endfacet
  facet normal -0 0 1
    outer loop
      vertex 79.94 2.85793 1.5
      vertex 84 0 1.5
      vertex 80.1506 2.9294 1.5
    endloop
  endfacet
  facet normal -0 0 1
    outer loop
      vertex 79.7219 2.81454 1.5
      vertex 84 0 1.5
      vertex 79.94 2.85793 1.5
    endloop
  endfacet
  facet normal -0 0 1
    outer loop
      vertex 79.5 2.8 1.5
      vertex 84 0 1.5
      vertex 79.7219 2.81454 1.5
    endloop
  endfacet
  facet normal 0 0 1
    outer loop
      vertex 79.2781 2.81454 1.5
      vertex 84 0 1.5
      vertex 79.5 2.8 1.5
    endloop
  endfacet
  facet normal 0 0 1
    outer loop
      vertex 79.06 2.85793 1.5
      vertex 84 0 1.5
      vertex 79.2781 2.81454 1.5
    endloop
  endfacet
  facet normal 0 0 1
    outer loop
      vertex 78.8494 2.9294 1.5
      vertex 84 0 1.5
      vertex 79.06 2.85793 1.5
    endloop
  endfacet
  facet normal 0 0 1
    outer loop
      vertex 65.25 6.5 1.5
      vertex 78.8494 2.9294 1.5
      vertex 78.65 3.02776 1.5
    endloop
  endfacet
  facet normal -0 0 1
    outer loop
      vertex 70.8792 9.75 1.5
      vertex 78.1513 5.53489 1.5
      vertex 71.2552 10.5126 1.5
    endloop
  endfacet
  facet normal 0 0 1
    outer loop
      vertex 71.75 13 1.5
      vertex 77.353 47.5852 1.5
      vertex 77.0433 47.6903 1.5
    endloop
  endfacet
  facet normal 0 0 1
    outer loop
      vertex 71.75 13 1.5
      vertex 77.0433 47.6903 1.5
      vertex 76.75 47.8349 1.5
    endloop
  endfacet
  facet normal 0 0 1
    outer loop
      vertex 71.75 13 1.5
      vertex 76.75 47.8349 1.5
      vertex 76.4781 48.0166 1.5
    endloop
  endfacet
  facet normal 0 0 1
    outer loop
      vertex 71.75 13 1.5
      vertex 76.4781 48.0166 1.5
      vertex 76.2322 48.2322 1.5
    endloop
  endfacet
  facet normal 0 0 1
    outer loop
      vertex 71.75 13 1.5
      vertex 76.2322 48.2322 1.5
      vertex 76.0166 48.4781 1.5
    endloop
  endfacet
  facet normal 0 0 1
    outer loop
      vertex 71.75 13 1.5
      vertex 76.0166 48.4781 1.5
      vertex 75.8349 48.75 1.5
    endloop
  endfacet
  facet normal 0 0 1
    outer loop
      vertex 71.75 13 1.5
      vertex 75.8349 48.75 1.5
      vertex 75.6903 49.0433 1.5
    endloop
  endfacet
  facet normal 0 0 1
    outer loop
      vertex 71.75 13 1.5
      vertex 75.6903 49.0433 1.5
      vertex 75.5852 49.353 1.5
    endloop
  endfacet
  facet normal 0 0 1
    outer loop
      vertex 71.75 13 1.5
      vertex 75.5852 49.353 1.5
      vertex 75.5214 49.6737 1.5
    endloop
  endfacet
  facet normal 0 0 1
    outer loop
      vertex 71.75 13 1.5
      vertex 75.5214 49.6737 1.5
      vertex 75.5 50 1.5
    endloop
  endfacet
  facet normal 0 0 1
    outer loop
      vertex 78.1513 5.53489 1.5
      vertex 70.8792 9.75 1.5
      vertex 78.0278 5.35 1.5
    endloop
  endfacet
  facet normal 0 0 1
    outer loop
      vertex 78.0278 5.35 1.5
      vertex 70.8792 9.75 1.5
      vertex 77.9294 5.15056 1.5
    endloop
  endfacet
  facet normal -0 0 1
    outer loop
      vertex 70.4068 9.04305 1.5
      vertex 77.9294 5.15056 1.5
      vertex 70.8792 9.75 1.5
    endloop
  endfacet
  facet normal 0 0 1
    outer loop
      vertex 77.9294 5.15056 1.5
      vertex 70.4068 9.04305 1.5
      vertex 77.8579 4.93999 1.5
    endloop
  endfacet
  facet normal -0 0 1
    outer loop
      vertex 69.8462 8.40381 1.5
      vertex 77.8579 4.93999 1.5
      vertex 70.4068 9.04305 1.5
    endloop
  endfacet
  facet normal 0 0 1
    outer loop
      vertex 77.8579 4.93999 1.5
      vertex 69.8462 8.40381 1.5
      vertex 77.8145 4.72189 1.5
    endloop
  endfacet
  facet normal 0 0 1
    outer loop
      vertex 77.8145 4.72189 1.5
      vertex 69.8462 8.40381 1.5
      vertex 77.8 4.5 1.5
    endloop
  endfacet
  facet normal -0 0 1
    outer loop
      vertex 69.2069 7.8432 1.5
      vertex 77.8 4.5 1.5
      vertex 69.8462 8.40381 1.5
    endloop
  endfacet
  facet normal 0 0 1
    outer loop
      vertex 77.8 4.5 1.5
      vertex 69.2069 7.8432 1.5
      vertex 77.8145 4.2781 1.5
    endloop
  endfacet
  facet normal 0 0 1
    outer loop
      vertex 77.8145 4.2781 1.5
      vertex 69.2069 7.8432 1.5
      vertex 77.8579 4.06001 1.5
    endloop
  endfacet
  facet normal -0 0 1
    outer loop
      vertex 68.5 7.37083 1.5
      vertex 77.8579 4.06001 1.5
      vertex 69.2069 7.8432 1.5
    endloop
  endfacet
  facet normal 0 0 1
    outer loop
      vertex 77.8579 4.06001 1.5
      vertex 68.5 7.37083 1.5
      vertex 77.9294 3.84944 1.5
    endloop
  endfacet
  facet normal -0 0 1
    outer loop
      vertex 67.7374 6.99478 1.5
      vertex 77.9294 3.84944 1.5
      vertex 68.5 7.37083 1.5
    endloop
  endfacet
  facet normal 0 0 1
    outer loop
      vertex 77.9294 3.84944 1.5
      vertex 67.7374 6.99478 1.5
      vertex 78.0278 3.65 1.5
    endloop
  endfacet
  facet normal 0 0 1
    outer loop
      vertex 78.0278 3.65 1.5
      vertex 67.7374 6.99478 1.5
      vertex 78.1513 3.46511 1.5
    endloop
  endfacet
  facet normal -0 0 1
    outer loop
      vertex 66.9323 6.72148 1.5
      vertex 78.1513 3.46511 1.5
      vertex 67.7374 6.99478 1.5
    endloop
  endfacet
  facet normal 0 0 1
    outer loop
      vertex 78.1513 3.46511 1.5
      vertex 66.9323 6.72148 1.5
      vertex 78.2979 3.29792 1.5
    endloop
  endfacet
  facet normal -0 0 1
    outer loop
      vertex 66.0984 6.55561 1.5
      vertex 78.2979 3.29792 1.5
      vertex 66.9323 6.72148 1.5
    endloop
  endfacet
  facet normal 0 0 1
    outer loop
      vertex 78.2979 3.29792 1.5
      vertex 66.0984 6.55561 1.5
      vertex 78.4651 3.1513 1.5
    endloop
  endfacet
  facet normal 0 0 1
    outer loop
      vertex 78.4651 3.1513 1.5
      vertex 66.0984 6.55561 1.5
      vertex 78.65 3.02776 1.5
    endloop
  endfacet
  facet normal -0 0 1
    outer loop
      vertex 65.25 6.5 1.5
      vertex 78.65 3.02776 1.5
      vertex 66.0984 6.55561 1.5
    endloop
  endfacet
  facet normal 0 0 1
    outer loop
      vertex 78.8494 2.9294 1.5
      vertex 65.25 6.5 1.5
      vertex 84 0 1.5
    endloop
  endfacet
  facet normal 0 0 1
    outer loop
      vertex 64.4016 6.55561 1.5
      vertex 84 0 1.5
      vertex 65.25 6.5 1.5
    endloop
  endfacet
  facet normal 0 0 1
    outer loop
      vertex 63.5677 6.72148 1.5
      vertex 84 0 1.5
      vertex 64.4016 6.55561 1.5
    endloop
  endfacet
  facet normal 0 0 1
    outer loop
      vertex 58.8056 13.8484 1.5
      vertex 47 9 1.5
      vertex 58.75 13 1.5
    endloop
  endfacet
  facet normal 0 0 1
    outer loop
      vertex 58.75 13 1.5
      vertex 47 9 1.5
      vertex 58.8056 12.1516 1.5
    endloop
  endfacet
  facet normal 0 0 1
    outer loop
      vertex 58.8056 12.1516 1.5
      vertex 47 9 1.5
      vertex 58.9715 11.3177 1.5
    endloop
  endfacet
  facet normal 0 0 1
    outer loop
      vertex 58.9715 11.3177 1.5
      vertex 47 9 1.5
      vertex 59.2448 10.5126 1.5
    endloop
  endfacet
  facet normal 0 0 1
    outer loop
      vertex 59.2448 10.5126 1.5
      vertex 47 9 1.5
      vertex 59.6208 9.75 1.5
    endloop
  endfacet
  facet normal 0 0 1
    outer loop
      vertex 59.6208 9.75 1.5
      vertex 47 9 1.5
      vertex 60.0932 9.04305 1.5
    endloop
  endfacet
  facet normal 0 0 1
    outer loop
      vertex 60.0932 9.04305 1.5
      vertex 47 9 1.5
      vertex 60.6538 8.40381 1.5
    endloop
  endfacet
  facet normal 0 0 1
    outer loop
      vertex 47 9 1.5
      vertex 61.293 7.8432 1.5
      vertex 60.6538 8.40381 1.5
    endloop
  endfacet
  facet normal 0 0 1
    outer loop
      vertex 47 9 1.5
      vertex 62 7.37083 1.5
      vertex 61.293 7.8432 1.5
    endloop
  endfacet
  facet normal 0 0 1
    outer loop
      vertex 47 9 1.5
      vertex 62.7626 6.99478 1.5
      vertex 62 7.37083 1.5
    endloop
  endfacet
  facet normal 0 0 1
    outer loop
      vertex 47 9 1.5
      vertex 63.5677 6.72148 1.5
      vertex 62.7626 6.99478 1.5
    endloop
  endfacet
  facet normal 0 0 1
    outer loop
      vertex 47 9 1.5
      vertex 84 0 1.5
      vertex 63.5677 6.72148 1.5
    endloop
  endfacet
  facet normal 0 0 1
    outer loop
      vertex 5.53489 3.1513 1.5
      vertex 47 9 1.5
      vertex 17 9 1.5
    endloop
  endfacet
  facet normal -0 0 1
    outer loop
      vertex 7.3097 49.0433 1.5
      vertex 22 39 1.5
      vertex 7.41481 49.353 1.5
    endloop
  endfacet
  facet normal -0 0 1
    outer loop
      vertex 7.16506 48.75 1.5
      vertex 22 39 1.5
      vertex 7.3097 49.0433 1.5
    endloop
  endfacet
  facet normal 0 0 1
    outer loop
      vertex 22 39 1.5
      vertex 7.16506 48.75 1.5
      vertex 8 39 1.5
    endloop
  endfacet
  facet normal -0 0 1
    outer loop
      vertex 6.98338 48.4781 1.5
      vertex 8 39 1.5
      vertex 7.16506 48.75 1.5
    endloop
  endfacet
  facet normal -0 0 1
    outer loop
      vertex 6.76777 48.2322 1.5
      vertex 8 39 1.5
      vertex 6.98338 48.4781 1.5
    endloop
  endfacet
  facet normal -0 0 1
    outer loop
      vertex 6.5219 48.0166 1.5
      vertex 8 39 1.5
      vertex 6.76777 48.2322 1.5
    endloop
  endfacet
  facet normal -0 0 1
    outer loop
      vertex 6.25 47.8349 1.5
      vertex 8 39 1.5
      vertex 6.5219 48.0166 1.5
    endloop
  endfacet
  facet normal -0 0 1
    outer loop
      vertex 5.95671 47.6903 1.5
      vertex 8 39 1.5
      vertex 6.25 47.8349 1.5
    endloop
  endfacet
  facet normal -0 0 1
    outer loop
      vertex 5.64705 47.5852 1.5
      vertex 8 39 1.5
      vertex 5.95671 47.6903 1.5
    endloop
  endfacet
  facet normal 0 0 1
    outer loop
      vertex 6.18546 4.72189 1.5
      vertex 17 9 1.5
      vertex 8 25 1.5
    endloop
  endfacet
  facet normal 0 0 1
    outer loop
      vertex 6.18546 4.2781 1.5
      vertex 17 9 1.5
      vertex 6.2 4.5 1.5
    endloop
  endfacet
  facet normal 0 0 1
    outer loop
      vertex 6.14207 4.06001 1.5
      vertex 17 9 1.5
      vertex 6.18546 4.2781 1.5
    endloop
  endfacet
  facet normal 0 0 1
    outer loop
      vertex 6.07059 3.84944 1.5
      vertex 17 9 1.5
      vertex 6.14207 4.06001 1.5
    endloop
  endfacet
  facet normal 0 0 1
    outer loop
      vertex 5.97224 3.65 1.5
      vertex 17 9 1.5
      vertex 6.07059 3.84944 1.5
    endloop
  endfacet
  facet normal 0 0 1
    outer loop
      vertex 5.8487 3.46511 1.5
      vertex 17 9 1.5
      vertex 5.97224 3.65 1.5
    endloop
  endfacet
  facet normal 0 0 1
    outer loop
      vertex 5.70208 3.29792 1.5
      vertex 17 9 1.5
      vertex 5.8487 3.46511 1.5
    endloop
  endfacet
  facet normal 0 0 1
    outer loop
      vertex 5.53489 3.1513 1.5
      vertex 17 9 1.5
      vertex 5.70208 3.29792 1.5
    endloop
  endfacet
  facet normal 0 0 1
    outer loop
      vertex 47 9 1.5
      vertex 5.53489 3.1513 1.5
      vertex 5.35 3.02776 1.5
    endloop
  endfacet
  facet normal 0 0 1
    outer loop
      vertex 0 0 1.5
      vertex 47 9 1.5
      vertex 5.35 3.02776 1.5
    endloop
  endfacet
  facet normal 0 0 1
    outer loop
      vertex 0 0 1.5
      vertex 5.35 3.02776 1.5
      vertex 5.15056 2.9294 1.5
    endloop
  endfacet
  facet normal 0 0 1
    outer loop
      vertex 0 0 1.5
      vertex 5.15056 2.9294 1.5
      vertex 4.93999 2.85793 1.5
    endloop
  endfacet
  facet normal 0 0 1
    outer loop
      vertex 0 0 1.5
      vertex 4.93999 2.85793 1.5
      vertex 4.72189 2.81454 1.5
    endloop
  endfacet
  facet normal 0 0 1
    outer loop
      vertex 0 0 1.5
      vertex 4.72189 2.81454 1.5
      vertex 4.5 2.8 1.5
    endloop
  endfacet
  facet normal 0 0 1
    outer loop
      vertex 0 0 1.5
      vertex 2.6903 49.0433 1.5
      vertex 2.58519 49.353 1.5
    endloop
  endfacet
  facet normal 0 0 1
    outer loop
      vertex 0 0 1.5
      vertex 2.58519 49.353 1.5
      vertex 2.52139 49.6737 1.5
    endloop
  endfacet
  facet normal 0 0 1
    outer loop
      vertex 0 0 1.5
      vertex 2.52139 49.6737 1.5
      vertex 2.5 50 1.5
    endloop
  endfacet
  facet normal 0 0 1
    outer loop
      vertex 0 0 1.5
      vertex 2.5 50 1.5
      vertex 0 72 1.5
    endloop
  endfacet
  facet normal 0 0 1
    outer loop
      vertex 47 9 1.5
      vertex 0 0 1.5
      vertex 84 0 1.5
    endloop
  endfacet
  facet normal 0 0 1
    outer loop
      vertex 4.2781 2.81454 1.5
      vertex 0 0 1.5
      vertex 4.5 2.8 1.5
    endloop
  endfacet
  facet normal 0 0 1
    outer loop
      vertex 4.06001 2.85793 1.5
      vertex 0 0 1.5
      vertex 4.2781 2.81454 1.5
    endloop
  endfacet
  facet normal 0 0 1
    outer loop
      vertex 3.84944 2.9294 1.5
      vertex 0 0 1.5
      vertex 4.06001 2.85793 1.5
    endloop
  endfacet
  facet normal 0 0 1
    outer loop
      vertex 3.65 3.02776 1.5
      vertex 0 0 1.5
      vertex 3.84944 2.9294 1.5
    endloop
  endfacet
  facet normal 0 0 1
    outer loop
      vertex 3.46511 3.1513 1.5
      vertex 0 0 1.5
      vertex 3.65 3.02776 1.5
    endloop
  endfacet
  facet normal 0 0 1
    outer loop
      vertex 3.29792 3.29792 1.5
      vertex 0 0 1.5
      vertex 3.46511 3.1513 1.5
    endloop
  endfacet
  facet normal 0 0 1
    outer loop
      vertex 3.1513 3.46511 1.5
      vertex 0 0 1.5
      vertex 3.29792 3.29792 1.5
    endloop
  endfacet
  facet normal 0 0 1
    outer loop
      vertex 3.02776 3.65 1.5
      vertex 0 0 1.5
      vertex 3.1513 3.46511 1.5
    endloop
  endfacet
  facet normal 0 0 1
    outer loop
      vertex 2.9294 3.84944 1.5
      vertex 0 0 1.5
      vertex 3.02776 3.65 1.5
    endloop
  endfacet
  facet normal 0 0 1
    outer loop
      vertex 2.85793 4.06001 1.5
      vertex 0 0 1.5
      vertex 2.9294 3.84944 1.5
    endloop
  endfacet
  facet normal 0 0 1
    outer loop
      vertex 2.81454 4.2781 1.5
      vertex 0 0 1.5
      vertex 2.85793 4.06001 1.5
    endloop
  endfacet
  facet normal 0 0 1
    outer loop
      vertex 2.8 4.5 1.5
      vertex 0 0 1.5
      vertex 2.81454 4.2781 1.5
    endloop
  endfacet
  facet normal 0 0 1
    outer loop
      vertex 2.81454 4.72189 1.5
      vertex 0 0 1.5
      vertex 2.8 4.5 1.5
    endloop
  endfacet
  facet normal -0 0 1
    outer loop
      vertex 80.1651 48.75 1.5
      vertex 80.9722 5.35 1.5
      vertex 80.3097 49.0433 1.5
    endloop
  endfacet
  facet normal 0 0 1
    outer loop
      vertex 80.9722 5.35 1.5
      vertex 80.1651 48.75 1.5
      vertex 80.8487 5.53489 1.5
    endloop
  endfacet
  facet normal -0 0 1
    outer loop
      vertex 79.9834 48.4781 1.5
      vertex 80.8487 5.53489 1.5
      vertex 80.1651 48.75 1.5
    endloop
  endfacet
  facet normal 0 0 1
    outer loop
      vertex 80.8487 5.53489 1.5
      vertex 79.9834 48.4781 1.5
      vertex 80.7021 5.70208 1.5
    endloop
  endfacet
  facet normal -0 0 1
    outer loop
      vertex 79.7678 48.2322 1.5
      vertex 80.7021 5.70208 1.5
      vertex 79.9834 48.4781 1.5
    endloop
  endfacet
  facet normal 0 0 1
    outer loop
      vertex 80.7021 5.70208 1.5
      vertex 79.7678 48.2322 1.5
      vertex 80.5349 5.8487 1.5
    endloop
  endfacet
  facet normal -0 0 1
    outer loop
      vertex 79.5219 48.0166 1.5
      vertex 80.5349 5.8487 1.5
      vertex 79.7678 48.2322 1.5
    endloop
  endfacet
  facet normal 0 0 1
    outer loop
      vertex 80.5349 5.8487 1.5
      vertex 79.5219 48.0166 1.5
      vertex 80.35 5.97224 1.5
    endloop
  endfacet
  facet normal -0 0 1
    outer loop
      vertex 79.25 47.8349 1.5
      vertex 80.35 5.97224 1.5
      vertex 79.5219 48.0166 1.5
    endloop
  endfacet
  facet normal 0 0 1
    outer loop
      vertex 80.35 5.97224 1.5
      vertex 79.25 47.8349 1.5
      vertex 80.1506 6.07059 1.5
    endloop
  endfacet
  facet normal 0 0 1
    outer loop
      vertex 71.75 13 1.5
      vertex 79.25 47.8349 1.5
      vertex 78.9567 47.6903 1.5
    endloop
  endfacet
  facet normal 0 0 1
    outer loop
      vertex 79.25 47.8349 1.5
      vertex 71.75 13 1.5
      vertex 80.1506 6.07059 1.5
    endloop
  endfacet
  facet normal 0 0 1
    outer loop
      vertex 71.75 13 1.5
      vertex 78.9567 47.6903 1.5
      vertex 78.647 47.5852 1.5
    endloop
  endfacet
  facet normal 0 0 1
    outer loop
      vertex 80.1506 6.07059 1.5
      vertex 71.75 13 1.5
      vertex 79.94 6.14207 1.5
    endloop
  endfacet
  facet normal 0 0 1
    outer loop
      vertex 71.75 13 1.5
      vertex 78.647 47.5852 1.5
      vertex 78.3263 47.5214 1.5
    endloop
  endfacet
  facet normal 0 0 1
    outer loop
      vertex 79.94 6.14207 1.5
      vertex 71.75 13 1.5
      vertex 79.7219 6.18546 1.5
    endloop
  endfacet
  facet normal 0 0 1
    outer loop
      vertex 71.75 13 1.5
      vertex 78.3263 47.5214 1.5
      vertex 78 47.5 1.5
    endloop
  endfacet
  facet normal 0 0 1
    outer loop
      vertex 79.7219 6.18546 1.5
      vertex 71.75 13 1.5
      vertex 79.5 6.2 1.5
    endloop
  endfacet
  facet normal 0 0 1
    outer loop
      vertex 71.75 13 1.5
      vertex 78 47.5 1.5
      vertex 77.6737 47.5214 1.5
    endloop
  endfacet
  facet normal 0 0 1
    outer loop
      vertex 79.5 6.2 1.5
      vertex 71.75 13 1.5
      vertex 79.2781 6.18546 1.5
    endloop
  endfacet
  facet normal 0 0 1
    outer loop
      vertex 71.75 13 1.5
      vertex 77.6737 47.5214 1.5
      vertex 77.353 47.5852 1.5
    endloop
  endfacet
  facet normal 0 0 1
    outer loop
      vertex 79.2781 6.18546 1.5
      vertex 71.75 13 1.5
      vertex 79.06 6.14207 1.5
    endloop
  endfacet
  facet normal -0 0 1
    outer loop
      vertex 71.6944 12.1516 1.5
      vertex 79.06 6.14207 1.5
      vertex 71.75 13 1.5
    endloop
  endfacet
  facet normal 0 0 1
    outer loop
      vertex 79.06 6.14207 1.5
      vertex 71.6944 12.1516 1.5
      vertex 78.8494 6.07059 1.5
    endloop
  endfacet
  facet normal -0 0 1
    outer loop
      vertex 71.5285 11.3177 1.5
      vertex 78.8494 6.07059 1.5
      vertex 71.6944 12.1516 1.5
    endloop
  endfacet
  facet normal 0 0 1
    outer loop
      vertex 78.8494 6.07059 1.5
      vertex 71.5285 11.3177 1.5
      vertex 78.65 5.97224 1.5
    endloop
  endfacet
  facet normal 0 0 1
    outer loop
      vertex 78.65 5.97224 1.5
      vertex 71.5285 11.3177 1.5
      vertex 78.4651 5.8487 1.5
    endloop
  endfacet
  facet normal -0 0 1
    outer loop
      vertex 71.2552 10.5126 1.5
      vertex 78.4651 5.8487 1.5
      vertex 71.5285 11.3177 1.5
    endloop
  endfacet
  facet normal 0 0 1
    outer loop
      vertex 78.4651 5.8487 1.5
      vertex 71.2552 10.5126 1.5
      vertex 78.2979 5.70208 1.5
    endloop
  endfacet
  facet normal 0 0 1
    outer loop
      vertex 78.2979 5.70208 1.5
      vertex 71.2552 10.5126 1.5
      vertex 78.1513 5.53489 1.5
    endloop
  endfacet
  facet normal 1 -0 0
    outer loop
      vertex 84 0 1.5
      vertex 84 72 0
      vertex 84 72 1.5
    endloop
  endfacet
  facet normal 1 0 0
    outer loop
      vertex 84 72 0
      vertex 84 0 1.5
      vertex 84 0 0
    endloop
  endfacet
  facet normal 0 1 -0
    outer loop
      vertex 84 72 0
      vertex 0 72 1.5
      vertex 84 72 1.5
    endloop
  endfacet
  facet normal 0 1 0
    outer loop
      vertex 0 72 1.5
      vertex 84 72 0
      vertex 0 72 0
    endloop
  endfacet
  facet normal 0 0 -1
    outer loop
      vertex 7.3097 50.9567 0
      vertex 22 39 0
      vertex 7.41481 50.647 0
    endloop
  endfacet
  facet normal 0 0 -1
    outer loop
      vertex 27 39 0
      vertex 7.47433 67.1084 0
      vertex 7.5 67.5 0
    endloop
  endfacet
  facet normal 0 0 -1
    outer loop
      vertex 22 39 0
      vertex 7.3097 50.9567 0
      vertex 27 39 0
    endloop
  endfacet
  facet normal 0 0 -1
    outer loop
      vertex 27 39 0
      vertex 7.39778 66.7235 0
      vertex 7.47433 67.1084 0
    endloop
  endfacet
  facet normal 0 0 -1
    outer loop
      vertex 7.27164 66.352 0
      vertex 27 39 0
      vertex 7.3097 50.9567 0
    endloop
  endfacet
  facet normal 0 0 -1
    outer loop
      vertex 27 39 0
      vertex 7.27164 66.352 0
      vertex 7.39778 66.7235 0
    endloop
  endfacet
  facet normal 0 0 -1
    outer loop
      vertex 7.16506 51.25 0
      vertex 7.27164 66.352 0
      vertex 7.3097 50.9567 0
    endloop
  endfacet
  facet normal 0 0 -1
    outer loop
      vertex 7.16506 51.25 0
      vertex 7.09808 66 0
      vertex 7.27164 66.352 0
    endloop
  endfacet
  facet normal 0 0 -1
    outer loop
      vertex 6.98338 51.5219 0
      vertex 7.09808 66 0
      vertex 7.16506 51.25 0
    endloop
  endfacet
  facet normal 0 0 -1
    outer loop
      vertex 6.98338 51.5219 0
      vertex 6.88006 65.6737 0
      vertex 7.09808 66 0
    endloop
  endfacet
  facet normal 0 0 -1
    outer loop
      vertex 6.76777 51.7678 0
      vertex 6.88006 65.6737 0
      vertex 6.98338 51.5219 0
    endloop
  endfacet
  facet normal 0 0 -1
    outer loop
      vertex 6.76777 51.7678 0
      vertex 6.62132 65.3787 0
      vertex 6.88006 65.6737 0
    endloop
  endfacet
  facet normal 0 0 -1
    outer loop
      vertex 6.5219 51.9834 0
      vertex 6.62132 65.3787 0
      vertex 6.76777 51.7678 0
    endloop
  endfacet
  facet normal 0 0 -1
    outer loop
      vertex 6.5219 51.9834 0
      vertex 6.32628 65.1199 0
      vertex 6.62132 65.3787 0
    endloop
  endfacet
  facet normal 0 0 -1
    outer loop
      vertex 6.25 52.1651 0
      vertex 6.32628 65.1199 0
      vertex 6.5219 51.9834 0
    endloop
  endfacet
  facet normal 0 0 -1
    outer loop
      vertex 6.25 52.1651 0
      vertex 6 64.9019 0
      vertex 6.32628 65.1199 0
    endloop
  endfacet
  facet normal 0 0 -1
    outer loop
      vertex 5.95671 52.3097 0
      vertex 6 64.9019 0
      vertex 6.25 52.1651 0
    endloop
  endfacet
  facet normal 0 0 -1
    outer loop
      vertex 5.95671 52.3097 0
      vertex 5.64805 64.7284 0
      vertex 6 64.9019 0
    endloop
  endfacet
  facet normal 0 0 -1
    outer loop
      vertex 5.64705 52.4148 0
      vertex 5.64805 64.7284 0
      vertex 5.95671 52.3097 0
    endloop
  endfacet
  facet normal 0 0 -1
    outer loop
      vertex 5.27646 64.6022 0
      vertex 5.64705 52.4148 0
      vertex 5.32631 52.4786 0
    endloop
  endfacet
  facet normal 0 0 -1
    outer loop
      vertex 5.64705 52.4148 0
      vertex 5.27646 64.6022 0
      vertex 5.64805 64.7284 0
    endloop
  endfacet
  facet normal 0 0 -1
    outer loop
      vertex 4.89158 64.5257 0
      vertex 5.32631 52.4786 0
      vertex 5 52.5 0
    endloop
  endfacet
  facet normal 0 0 -1
    outer loop
      vertex 5.32631 52.4786 0
      vertex 4.89158 64.5257 0
      vertex 5.27646 64.6022 0
    endloop
  endfacet
  facet normal 0 0 -1
    outer loop
      vertex 4.5 64.5 0
      vertex 5 52.5 0
      vertex 4.67368 52.4786 0
    endloop
  endfacet
  facet normal 0 0 -1
    outer loop
      vertex 5 52.5 0
      vertex 4.5 64.5 0
      vertex 4.89158 64.5257 0
    endloop
  endfacet
  facet normal 0 0 -1
    outer loop
      vertex 4.10842 64.5257 0
      vertex 4.67368 52.4786 0
      vertex 4.35295 52.4148 0
    endloop
  endfacet
  facet normal 0 0 -1
    outer loop
      vertex 4.67368 52.4786 0
      vertex 4.10842 64.5257 0
      vertex 4.5 64.5 0
    endloop
  endfacet
  facet normal 0 0 -1
    outer loop
      vertex 3.72354 64.6022 0
      vertex 4.35295 52.4148 0
      vertex 4.04329 52.3097 0
    endloop
  endfacet
  facet normal 0 0 -1
    outer loop
      vertex 3.35195 64.7284 0
      vertex 4.04329 52.3097 0
      vertex 3.75 52.1651 0
    endloop
  endfacet
  facet normal 0 0 -1
    outer loop
      vertex 4.35295 52.4148 0
      vertex 3.72354 64.6022 0
      vertex 4.10842 64.5257 0
    endloop
  endfacet
  facet normal 0 0 -1
    outer loop
      vertex 3 64.9019 0
      vertex 3.75 52.1651 0
      vertex 3.4781 51.9834 0
    endloop
  endfacet
  facet normal 0 0 -1
    outer loop
      vertex 4.04329 52.3097 0
      vertex 3.35195 64.7284 0
      vertex 3.72354 64.6022 0
    endloop
  endfacet
  facet normal 0 0 -1
    outer loop
      vertex 2.67372 65.1199 0
      vertex 3.4781 51.9834 0
      vertex 3.23223 51.7678 0
    endloop
  endfacet
  facet normal 0 0 -1
    outer loop
      vertex 2.37868 65.3787 0
      vertex 3.23223 51.7678 0
      vertex 3.01662 51.5219 0
    endloop
  endfacet
  facet normal 0 0 -1
    outer loop
      vertex 3.75 52.1651 0
      vertex 3 64.9019 0
      vertex 3.35195 64.7284 0
    endloop
  endfacet
  facet normal 0 0 -1
    outer loop
      vertex 2.11994 65.6737 0
      vertex 3.01662 51.5219 0
      vertex 2.83494 51.25 0
    endloop
  endfacet
  facet normal 0 0 -1
    outer loop
      vertex 1.90192 66 0
      vertex 2.83494 51.25 0
      vertex 2.6903 50.9567 0
    endloop
  endfacet
  facet normal 0 0 -1
    outer loop
      vertex 3.4781 51.9834 0
      vertex 2.67372 65.1199 0
      vertex 3 64.9019 0
    endloop
  endfacet
  facet normal 0 0 -1
    outer loop
      vertex 1.72836 66.352 0
      vertex 2.6903 50.9567 0
      vertex 2.58519 50.647 0
    endloop
  endfacet
  facet normal 0 0 -1
    outer loop
      vertex 1.60222 66.7235 0
      vertex 2.58519 50.647 0
      vertex 2.52139 50.3263 0
    endloop
  endfacet
  facet normal 0 0 -1
    outer loop
      vertex 0 72 0
      vertex 2.52139 50.3263 0
      vertex 2.5 50 0
    endloop
  endfacet
  facet normal 0 0 -1
    outer loop
      vertex 3.23223 51.7678 0
      vertex 2.37868 65.3787 0
      vertex 2.67372 65.1199 0
    endloop
  endfacet
  facet normal -0 0 -1
    outer loop
      vertex 2.6903 49.0433 0
      vertex 1.72836 5.64805 0
      vertex 2.58519 49.353 0
    endloop
  endfacet
  facet normal 0 0 -1
    outer loop
      vertex 1.60222 5.27646 0
      vertex 2.58519 49.353 0
      vertex 1.72836 5.64805 0
    endloop
  endfacet
  facet normal 0 0 -1
    outer loop
      vertex 3.01662 51.5219 0
      vertex 2.11994 65.6737 0
      vertex 2.37868 65.3787 0
    endloop
  endfacet
  facet normal 0 0 -1
    outer loop
      vertex 0 0 0
      vertex 2.58519 49.353 0
      vertex 1.60222 5.27646 0
    endloop
  endfacet
  facet normal 0 0 -1
    outer loop
      vertex 2.83494 51.25 0
      vertex 1.90192 66 0
      vertex 2.11994 65.6737 0
    endloop
  endfacet
  facet normal -0 0 -1
    outer loop
      vertex 2.58519 49.353 0
      vertex 0 0 0
      vertex 2.52139 49.6737 0
    endloop
  endfacet
  facet normal 0 0 -1
    outer loop
      vertex 2.6903 50.9567 0
      vertex 1.72836 66.352 0
      vertex 1.90192 66 0
    endloop
  endfacet
  facet normal -0 0 -1
    outer loop
      vertex 2.52139 49.6737 0
      vertex 0 0 0
      vertex 2.5 50 0
    endloop
  endfacet
  facet normal 0 0 -1
    outer loop
      vertex 2.58519 50.647 0
      vertex 1.60222 66.7235 0
      vertex 1.72836 66.352 0
    endloop
  endfacet
  facet normal 0 0 -1
    outer loop
      vertex 0 0 0
      vertex 1.60222 5.27646 0
      vertex 1.52567 4.89158 0
    endloop
  endfacet
  facet normal 0 0 -1
    outer loop
      vertex 0 72 0
      vertex 2.5 50 0
      vertex 0 0 0
    endloop
  endfacet
  facet normal 0 0 -1
    outer loop
      vertex 0 0 0
      vertex 1.52567 4.89158 0
      vertex 1.5 4.5 0
    endloop
  endfacet
  facet normal 0 0 -1
    outer loop
      vertex 2.52139 50.3263 0
      vertex 0 72 0
      vertex 1.60222 66.7235 0
    endloop
  endfacet
  facet normal 0 0 -1
    outer loop
      vertex 22 39 0
      vertex 7.47861 49.6737 0
      vertex 7.5 50 0
    endloop
  endfacet
  facet normal 0 0 -1
    outer loop
      vertex 7.27164 5.64805 0
      vertex 17 9 0
      vertex 7.39778 5.27646 0
    endloop
  endfacet
  facet normal 0 0 -1
    outer loop
      vertex 8 25 0
      vertex 7.41481 49.353 0
      vertex 7.47861 49.6737 0
    endloop
  endfacet
  facet normal 0 0 -1
    outer loop
      vertex 7.09808 6 0
      vertex 17 9 0
      vertex 7.27164 5.64805 0
    endloop
  endfacet
  facet normal 0 0 -1
    outer loop
      vertex 8 25 0
      vertex 7.3097 49.0433 0
      vertex 7.41481 49.353 0
    endloop
  endfacet
  facet normal 0 0 -1
    outer loop
      vertex 6.88006 6.32628 0
      vertex 17 9 0
      vertex 7.09808 6 0
    endloop
  endfacet
  facet normal 0 0 -1
    outer loop
      vertex 8 25 0
      vertex 7.16506 48.75 0
      vertex 7.3097 49.0433 0
    endloop
  endfacet
  facet normal 0 0 -1
    outer loop
      vertex 6.62132 6.62132 0
      vertex 17 9 0
      vertex 6.88006 6.32628 0
    endloop
  endfacet
  facet normal 0 0 -1
    outer loop
      vertex 8 25 0
      vertex 6.98338 48.4781 0
      vertex 7.16506 48.75 0
    endloop
  endfacet
  facet normal 0 0 -1
    outer loop
      vertex 6.32628 6.88006 0
      vertex 17 9 0
      vertex 6.62132 6.62132 0
    endloop
  endfacet
  facet normal 0 0 -1
    outer loop
      vertex 8 25 0
      vertex 6.76777 48.2322 0
      vertex 6.98338 48.4781 0
    endloop
  endfacet
  facet normal 0 0 -1
    outer loop
      vertex 6 7.09808 0
      vertex 17 9 0
      vertex 6.32628 6.88006 0
    endloop
  endfacet
  facet normal 0 0 -1
    outer loop
      vertex 8 25 0
      vertex 6.5219 48.0166 0
      vertex 6.76777 48.2322 0
    endloop
  endfacet
  facet normal -0 0 -1
    outer loop
      vertex 17 9 0
      vertex 6 7.09808 0
      vertex 8 25 0
    endloop
  endfacet
  facet normal 0 0 -1
    outer loop
      vertex 8 25 0
      vertex 6.25 47.8349 0
      vertex 6.5219 48.0166 0
    endloop
  endfacet
  facet normal 0 0 -1
    outer loop
      vertex 5.64805 7.27164 0
      vertex 8 25 0
      vertex 6 7.09808 0
    endloop
  endfacet
  facet normal 0 0 -1
    outer loop
      vertex 8 25 0
      vertex 5.95671 47.6903 0
      vertex 6.25 47.8349 0
    endloop
  endfacet
  facet normal 0 0 -1
    outer loop
      vertex 5.27646 7.39778 0
      vertex 8 25 0
      vertex 5.64805 7.27164 0
    endloop
  endfacet
  facet normal 0 0 -1
    outer loop
      vertex 8 25 0
      vertex 5.64705 47.5852 0
      vertex 5.95671 47.6903 0
    endloop
  endfacet
  facet normal 0 0 -1
    outer loop
      vertex 4.89158 7.47433 0
      vertex 8 25 0
      vertex 5.27646 7.39778 0
    endloop
  endfacet
  facet normal 0 0 -1
    outer loop
      vertex 8 25 0
      vertex 5.32631 47.5214 0
      vertex 5.64705 47.5852 0
    endloop
  endfacet
  facet normal 0 0 -1
    outer loop
      vertex 4.5 7.5 0
      vertex 8 25 0
      vertex 4.89158 7.47433 0
    endloop
  endfacet
  facet normal 0 0 -1
    outer loop
      vertex 8 25 0
      vertex 5 47.5 0
      vertex 5.32631 47.5214 0
    endloop
  endfacet
  facet normal 0 0 -1
    outer loop
      vertex 4.10842 7.47433 0
      vertex 8 25 0
      vertex 4.5 7.5 0
    endloop
  endfacet
  facet normal 0 0 -1
    outer loop
      vertex 8 25 0
      vertex 4.67368 47.5214 0
      vertex 5 47.5 0
    endloop
  endfacet
  facet normal 0 0 -1
    outer loop
      vertex 3.72354 7.39778 0
      vertex 8 25 0
      vertex 4.10842 7.47433 0
    endloop
  endfacet
  facet normal 0 0 -1
    outer loop
      vertex 8 25 0
      vertex 4.35295 47.5852 0
      vertex 4.67368 47.5214 0
    endloop
  endfacet
  facet normal 0 0 -1
    outer loop
      vertex 3.35195 7.27164 0
      vertex 8 25 0
      vertex 3.72354 7.39778 0
    endloop
  endfacet
  facet normal 0 0 -1
    outer loop
      vertex 8 25 0
      vertex 4.04329 47.6903 0
      vertex 4.35295 47.5852 0
    endloop
  endfacet
  facet normal 0 0 -1
    outer loop
      vertex 3 7.09808 0
      vertex 8 25 0
      vertex 3.35195 7.27164 0
    endloop
  endfacet
  facet normal 0 0 -1
    outer loop
      vertex 8 25 0
      vertex 3.75 47.8349 0
      vertex 4.04329 47.6903 0
    endloop
  endfacet
  facet normal 0 0 -1
    outer loop
      vertex 2.67372 6.88006 0
      vertex 8 25 0
      vertex 3 7.09808 0
    endloop
  endfacet
  facet normal 0 0 -1
    outer loop
      vertex 8 25 0
      vertex 3.4781 48.0166 0
      vertex 3.75 47.8349 0
    endloop
  endfacet
  facet normal 0 0 -1
    outer loop
      vertex 2.37868 6.62132 0
      vertex 8 25 0
      vertex 2.67372 6.88006 0
    endloop
  endfacet
  facet normal 0 0 -1
    outer loop
      vertex 8 25 0
      vertex 3.23223 48.2322 0
      vertex 3.4781 48.0166 0
    endloop
  endfacet
  facet normal 0 0 -1
    outer loop
      vertex 2.11994 6.32628 0
      vertex 8 25 0
      vertex 2.37868 6.62132 0
    endloop
  endfacet
  facet normal 0 0 -1
    outer loop
      vertex 8 25 0
      vertex 3.01662 48.4781 0
      vertex 3.23223 48.2322 0
    endloop
  endfacet
  facet normal 0 0 -1
    outer loop
      vertex 8 25 0
      vertex 2.83494 48.75 0
      vertex 3.01662 48.4781 0
    endloop
  endfacet
  facet normal 0 0 -1
    outer loop
      vertex 1.90192 6 0
      vertex 8 25 0
      vertex 2.11994 6.32628 0
    endloop
  endfacet
  facet normal -0 0 -1
    outer loop
      vertex 8 25 0
      vertex 1.90192 6 0
      vertex 2.83494 48.75 0
    endloop
  endfacet
  facet normal -0 0 -1
    outer loop
      vertex 2.83494 48.75 0
      vertex 1.90192 6 0
      vertex 2.6903 49.0433 0
    endloop
  endfacet
  facet normal 0 0 -1
    outer loop
      vertex 1.72836 5.64805 0
      vertex 2.6903 49.0433 0
      vertex 1.90192 6 0
    endloop
  endfacet
  facet normal 0 0 -1
    outer loop
      vertex 47 22 0
      vertex 60.0932 16.9569 0
      vertex 59.6208 16.25 0
    endloop
  endfacet
  facet normal 0 0 -1
    outer loop
      vertex 47 22 0
      vertex 59.6208 16.25 0
      vertex 59.2448 15.4874 0
    endloop
  endfacet
  facet normal 0 0 -1
    outer loop
      vertex 47 22 0
      vertex 59.2448 15.4874 0
      vertex 58.9715 14.6823 0
    endloop
  endfacet
  facet normal 0 0 -1
    outer loop
      vertex 47 22 0
      vertex 58.9715 14.6823 0
      vertex 58.8056 13.8484 0
    endloop
  endfacet
  facet normal 0 0 -1
    outer loop
      vertex 47 9 0
      vertex 58.8056 13.8484 0
      vertex 58.75 13 0
    endloop
  endfacet
  facet normal 0 0 -1
    outer loop
      vertex 47 22 0
      vertex 58.8056 13.8484 0
      vertex 47 9 0
    endloop
  endfacet
  facet normal 0 0 -1
    outer loop
      vertex 60.0932 16.9569 0
      vertex 47 22 0
      vertex 60 25 0
    endloop
  endfacet
  facet normal 0 0 -1
    outer loop
      vertex 47 22 0
      vertex 46 25 0
      vertex 60 25 0
    endloop
  endfacet
  facet normal 0 0 -1
    outer loop
      vertex 46 25 0
      vertex 41 25 0
      vertex 46 39 0
    endloop
  endfacet
  facet normal 0 0 -1
    outer loop
      vertex 47 22 0
      vertex 41 25 0
      vertex 46 25 0
    endloop
  endfacet
  facet normal 0 0 -1
    outer loop
      vertex 47 22 0
      vertex 27 25 0
      vertex 41 25 0
    endloop
  endfacet
  facet normal 0 0 -1
    outer loop
      vertex 27 25 0
      vertex 22 25 0
      vertex 27 39 0
    endloop
  endfacet
  facet normal 0 0 -1
    outer loop
      vertex 17 22 0
      vertex 27 25 0
      vertex 47 22 0
    endloop
  endfacet
  facet normal -0 0 -1
    outer loop
      vertex 27 25 0
      vertex 17 22 0
      vertex 22 25 0
    endloop
  endfacet
  facet normal -0 0 -1
    outer loop
      vertex 22 25 0
      vertex 17 22 0
      vertex 8 25 0
    endloop
  endfacet
  facet normal 0 0 -1
    outer loop
      vertex 84 0 0
      vertex 80.4786 49.6737 0
      vertex 84 72 0
    endloop
  endfacet
  facet normal 0 0 -1
    outer loop
      vertex 84 72 0
      vertex 82.4743 67.1084 0
      vertex 82.5 67.5 0
    endloop
  endfacet
  facet normal 0 0 -1
    outer loop
      vertex 80.4786 49.6737 0
      vertex 82.4743 4.89158 0
      vertex 82.3978 5.27646 0
    endloop
  endfacet
  facet normal 0 -0 -1
    outer loop
      vertex 82.3978 66.7235 0
      vertex 84 72 0
      vertex 80.5 50 0
    endloop
  endfacet
  facet normal 0 0 -1
    outer loop
      vertex 80.4148 49.353 0
      vertex 82.3978 5.27646 0
      vertex 82.2716 5.64805 0
    endloop
  endfacet
  facet normal 0 0 -1
    outer loop
      vertex 84 72 0
      vertex 82.3978 66.7235 0
      vertex 82.4743 67.1084 0
    endloop
  endfacet
  facet normal 0 0 -1
    outer loop
      vertex 80.3097 49.0433 0
      vertex 82.2716 5.64805 0
      vertex 82.0981 6 0
    endloop
  endfacet
  facet normal 0 0 -1
    outer loop
      vertex 80.4786 50.3263 0
      vertex 82.3978 66.7235 0
      vertex 80.5 50 0
    endloop
  endfacet
  facet normal 0 0 -1
    outer loop
      vertex 80.1651 48.75 0
      vertex 82.0981 6 0
      vertex 81.8801 6.32628 0
    endloop
  endfacet
  facet normal 0 0 -1
    outer loop
      vertex 82.3978 66.7235 0
      vertex 80.4786 50.3263 0
      vertex 82.2716 66.352 0
    endloop
  endfacet
  facet normal 0 0 -1
    outer loop
      vertex 79.9834 48.4781 0
      vertex 81.8801 6.32628 0
      vertex 81.6213 6.62132 0
    endloop
  endfacet
  facet normal 0 0 -1
    outer loop
      vertex 80.4148 50.647 0
      vertex 82.2716 66.352 0
      vertex 80.4786 50.3263 0
    endloop
  endfacet
  facet normal 0 0 -1
    outer loop
      vertex 79.7678 48.2322 0
      vertex 81.6213 6.62132 0
      vertex 81.3263 6.88006 0
    endloop
  endfacet
  facet normal 0 0 -1
    outer loop
      vertex 82.2716 66.352 0
      vertex 80.4148 50.647 0
      vertex 82.0981 66 0
    endloop
  endfacet
  facet normal 0 0 -1
    outer loop
      vertex 79.5219 48.0166 0
      vertex 81.3263 6.88006 0
      vertex 81 7.09808 0
    endloop
  endfacet
  facet normal 0 0 -1
    outer loop
      vertex 80.3097 50.9567 0
      vertex 82.0981 66 0
      vertex 80.4148 50.647 0
    endloop
  endfacet
  facet normal 0 0 -1
    outer loop
      vertex 79.25 47.8349 0
      vertex 81 7.09808 0
      vertex 80.648 7.27164 0
    endloop
  endfacet
  facet normal 0 0 -1
    outer loop
      vertex 82.0981 66 0
      vertex 80.3097 50.9567 0
      vertex 81.8801 65.6737 0
    endloop
  endfacet
  facet normal 0 0 -1
    outer loop
      vertex 80.1651 51.25 0
      vertex 81.8801 65.6737 0
      vertex 80.3097 50.9567 0
    endloop
  endfacet
  facet normal 0 0 -1
    outer loop
      vertex 84 72 0
      vertex 80.4786 49.6737 0
      vertex 80.5 50 0
    endloop
  endfacet
  facet normal 0 0 -1
    outer loop
      vertex 82.3978 5.27646 0
      vertex 80.4148 49.353 0
      vertex 80.4786 49.6737 0
    endloop
  endfacet
  facet normal 0 0 -1
    outer loop
      vertex 82.2716 5.64805 0
      vertex 80.3097 49.0433 0
      vertex 80.4148 49.353 0
    endloop
  endfacet
  facet normal 0 0 -1
    outer loop
      vertex 71.2552 15.4874 0
      vertex 80.648 7.27164 0
      vertex 80.2765 7.39778 0
    endloop
  endfacet
  facet normal 0 0 -1
    outer loop
      vertex 82.0981 6 0
      vertex 80.1651 48.75 0
      vertex 80.3097 49.0433 0
    endloop
  endfacet
  facet normal 0 0 -1
    outer loop
      vertex 81.8801 6.32628 0
      vertex 79.9834 48.4781 0
      vertex 80.1651 48.75 0
    endloop
  endfacet
  facet normal 0 0 -1
    outer loop
      vertex 71.2552 15.4874 0
      vertex 80.2765 7.39778 0
      vertex 79.8916 7.47433 0
    endloop
  endfacet
  facet normal 0 0 -1
    outer loop
      vertex 81.6213 6.62132 0
      vertex 79.7678 48.2322 0
      vertex 79.9834 48.4781 0
    endloop
  endfacet
  facet normal 0 0 -1
    outer loop
      vertex 81.3263 6.88006 0
      vertex 79.5219 48.0166 0
      vertex 79.7678 48.2322 0
    endloop
  endfacet
  facet normal 0 0 -1
    outer loop
      vertex 71.5285 14.6823 0
      vertex 79.8916 7.47433 0
      vertex 79.5 7.5 0
    endloop
  endfacet
  facet normal 0 0 -1
    outer loop
      vertex 81 7.09808 0
      vertex 79.25 47.8349 0
      vertex 79.5219 48.0166 0
    endloop
  endfacet
  facet normal 0 0 -1
    outer loop
      vertex 71.6944 13.8484 0
      vertex 79.5 7.5 0
      vertex 79.1084 7.47433 0
    endloop
  endfacet
  facet normal 0 0 -1
    outer loop
      vertex 80.648 7.27164 0
      vertex 70.8792 16.25 0
      vertex 79.25 47.8349 0
    endloop
  endfacet
  facet normal 0 0 -1
    outer loop
      vertex 71.75 13 0
      vertex 79.1084 7.47433 0
      vertex 78.7235 7.39778 0
    endloop
  endfacet
  facet normal 0 0 -1
    outer loop
      vertex 79.25 47.8349 0
      vertex 70.8792 16.25 0
      vertex 78.9567 47.6903 0
    endloop
  endfacet
  facet normal 0 0 -1
    outer loop
      vertex 71.75 13 0
      vertex 78.7235 7.39778 0
      vertex 78.352 7.27164 0
    endloop
  endfacet
  facet normal 0 0 -1
    outer loop
      vertex 70.4068 16.9569 0
      vertex 78.9567 47.6903 0
      vertex 70.8792 16.25 0
    endloop
  endfacet
  facet normal 0 0 -1
    outer loop
      vertex 71.6944 12.1516 0
      vertex 78.352 7.27164 0
      vertex 78 7.09808 0
    endloop
  endfacet
  facet normal 0 0 -1
    outer loop
      vertex 80.648 7.27164 0
      vertex 71.2552 15.4874 0
      vertex 70.8792 16.25 0
    endloop
  endfacet
  facet normal 0 0 -1
    outer loop
      vertex 71.5285 11.3177 0
      vertex 78 7.09808 0
      vertex 77.6737 6.88006 0
    endloop
  endfacet
  facet normal 0 0 -1
    outer loop
      vertex 78.9567 47.6903 0
      vertex 70.4068 16.9569 0
      vertex 78.647 47.5852 0
    endloop
  endfacet
  facet normal 0 0 -1
    outer loop
      vertex 71.2552 10.5126 0
      vertex 77.6737 6.88006 0
      vertex 77.3787 6.62132 0
    endloop
  endfacet
  facet normal 0 0 -1
    outer loop
      vertex 69.8462 17.5962 0
      vertex 78.647 47.5852 0
      vertex 70.4068 16.9569 0
    endloop
  endfacet
  facet normal 0 0 -1
    outer loop
      vertex 71.2552 10.5126 0
      vertex 77.3787 6.62132 0
      vertex 77.1199 6.32628 0
    endloop
  endfacet
  facet normal 0 0 -1
    outer loop
      vertex 78.647 47.5852 0
      vertex 69.8462 17.5962 0
      vertex 78.3263 47.5214 0
    endloop
  endfacet
  facet normal 0 0 -1
    outer loop
      vertex 70.8792 9.75 0
      vertex 77.1199 6.32628 0
      vertex 76.9019 6 0
    endloop
  endfacet
  facet normal 0 0 -1
    outer loop
      vertex 69.2069 18.1568 0
      vertex 78.3263 47.5214 0
      vertex 69.8462 17.5962 0
    endloop
  endfacet
  facet normal 0 0 -1
    outer loop
      vertex 70.8792 9.75 0
      vertex 76.9019 6 0
      vertex 76.7284 5.64805 0
    endloop
  endfacet
  facet normal 0 0 -1
    outer loop
      vertex 70.4068 9.04305 0
      vertex 76.7284 5.64805 0
      vertex 76.6022 5.27646 0
    endloop
  endfacet
  facet normal 0 0 -1
    outer loop
      vertex 69.8462 8.40381 0
      vertex 76.6022 5.27646 0
      vertex 76.5257 4.89158 0
    endloop
  endfacet
  facet normal 0 0 -1
    outer loop
      vertex 69.8462 8.40381 0
      vertex 76.5257 4.89158 0
      vertex 76.5 4.5 0
    endloop
  endfacet
  facet normal 0 0 -1
    outer loop
      vertex 79.8916 7.47433 0
      vertex 71.5285 14.6823 0
      vertex 71.2552 15.4874 0
    endloop
  endfacet
  facet normal 0 0 -1
    outer loop
      vertex 82.4743 4.89158 0
      vertex 84 0 0
      vertex 82.5 4.5 0
    endloop
  endfacet
  facet normal 0 0 -1
    outer loop
      vertex 84 0 0
      vertex 82.4743 4.10842 0
      vertex 82.5 4.5 0
    endloop
  endfacet
  facet normal 0 0 -1
    outer loop
      vertex 84 0 0
      vertex 82.3978 3.72354 0
      vertex 82.4743 4.10842 0
    endloop
  endfacet
  facet normal 0 0 -1
    outer loop
      vertex 84 0 0
      vertex 82.2716 3.35195 0
      vertex 82.3978 3.72354 0
    endloop
  endfacet
  facet normal 0 0 -1
    outer loop
      vertex 84 0 0
      vertex 82.0981 3 0
      vertex 82.2716 3.35195 0
    endloop
  endfacet
  facet normal 0 0 -1
    outer loop
      vertex 84 0 0
      vertex 81.8801 2.67372 0
      vertex 82.0981 3 0
    endloop
  endfacet
  facet normal 0 0 -1
    outer loop
      vertex 84 0 0
      vertex 81.6213 2.37868 0
      vertex 81.8801 2.67372 0
    endloop
  endfacet
  facet normal 0 0 -1
    outer loop
      vertex 84 0 0
      vertex 81.3263 2.11994 0
      vertex 81.6213 2.37868 0
    endloop
  endfacet
  facet normal 0 0 -1
    outer loop
      vertex 84 0 0
      vertex 81 1.90192 0
      vertex 81.3263 2.11994 0
    endloop
  endfacet
  facet normal 0 0 -1
    outer loop
      vertex 84 0 0
      vertex 80.648 1.72836 0
      vertex 81 1.90192 0
    endloop
  endfacet
  facet normal 0 0 -1
    outer loop
      vertex 84 0 0
      vertex 80.2765 1.60222 0
      vertex 80.648 1.72836 0
    endloop
  endfacet
  facet normal 0 0 -1
    outer loop
      vertex 84 0 0
      vertex 79.8916 1.52567 0
      vertex 80.2765 1.60222 0
    endloop
  endfacet
  facet normal 0 0 -1
    outer loop
      vertex 84 0 0
      vertex 79.5 1.5 0
      vertex 79.8916 1.52567 0
    endloop
  endfacet
  facet normal 0 0 -1
    outer loop
      vertex 84 0 0
      vertex 79.1084 1.52567 0
      vertex 79.5 1.5 0
    endloop
  endfacet
  facet normal 0 0 -1
    outer loop
      vertex 84 0 0
      vertex 78.7235 1.60222 0
      vertex 79.1084 1.52567 0
    endloop
  endfacet
  facet normal 0 0 -1
    outer loop
      vertex 78.3263 47.5214 0
      vertex 69.2069 18.1568 0
      vertex 78 47.5 0
    endloop
  endfacet
  facet normal 0 0 -1
    outer loop
      vertex 68.5 18.6292 0
      vertex 78 47.5 0
      vertex 69.2069 18.1568 0
    endloop
  endfacet
  facet normal -0 0 -1
    outer loop
      vertex 78 47.5 0
      vertex 68.5 18.6292 0
      vertex 77.6737 47.5214 0
    endloop
  endfacet
  facet normal 0 0 -1
    outer loop
      vertex 67.7374 19.0052 0
      vertex 77.6737 47.5214 0
      vertex 68.5 18.6292 0
    endloop
  endfacet
  facet normal -0 0 -1
    outer loop
      vertex 77.6737 47.5214 0
      vertex 67.7374 19.0052 0
      vertex 77.353 47.5852 0
    endloop
  endfacet
  facet normal 0 0 -1
    outer loop
      vertex 60 39 0
      vertex 77.353 47.5852 0
      vertex 67.7374 19.0052 0
    endloop
  endfacet
  facet normal -0 0 -1
    outer loop
      vertex 77.353 47.5852 0
      vertex 60 39 0
      vertex 77.0433 47.6903 0
    endloop
  endfacet
  facet normal 0 0 -1
    outer loop
      vertex 79.1084 7.47433 0
      vertex 71.75 13 0
      vertex 71.6944 13.8484 0
    endloop
  endfacet
  facet normal 0 0 -1
    outer loop
      vertex 69.2069 7.8432 0
      vertex 76.5 4.5 0
      vertex 76.5257 4.10842 0
    endloop
  endfacet
  facet normal 0 0 -1
    outer loop
      vertex 68.5 7.37083 0
      vertex 76.5257 4.10842 0
      vertex 76.6022 3.72354 0
    endloop
  endfacet
  facet normal 0 0 -1
    outer loop
      vertex 67.7374 6.99478 0
      vertex 76.6022 3.72354 0
      vertex 76.7284 3.35195 0
    endloop
  endfacet
  facet normal 0 0 -1
    outer loop
      vertex 67.7374 6.99478 0
      vertex 76.7284 3.35195 0
      vertex 76.9019 3 0
    endloop
  endfacet
  facet normal 0 0 -1
    outer loop
      vertex 78.352 7.27164 0
      vertex 71.6944 12.1516 0
      vertex 71.75 13 0
    endloop
  endfacet
  facet normal 0 0 -1
    outer loop
      vertex 78 7.09808 0
      vertex 71.5285 11.3177 0
      vertex 71.6944 12.1516 0
    endloop
  endfacet
  facet normal 0 0 -1
    outer loop
      vertex 77.6737 6.88006 0
      vertex 71.2552 10.5126 0
      vertex 71.5285 11.3177 0
    endloop
  endfacet
  facet normal 0 0 -1
    outer loop
      vertex 66.9323 6.72148 0
      vertex 76.9019 3 0
      vertex 77.1199 2.67372 0
    endloop
  endfacet
  facet normal 0 0 -1
    outer loop
      vertex 77.1199 6.32628 0
      vertex 70.8792 9.75 0
      vertex 71.2552 10.5126 0
    endloop
  endfacet
  facet normal 0 0 -1
    outer loop
      vertex 66.0984 6.55561 0
      vertex 77.1199 2.67372 0
      vertex 77.3787 2.37868 0
    endloop
  endfacet
  facet normal 0 0 -1
    outer loop
      vertex 76.7284 5.64805 0
      vertex 70.4068 9.04305 0
      vertex 70.8792 9.75 0
    endloop
  endfacet
  facet normal 0 0 -1
    outer loop
      vertex 76.6022 5.27646 0
      vertex 69.8462 8.40381 0
      vertex 70.4068 9.04305 0
    endloop
  endfacet
  facet normal 0 0 -1
    outer loop
      vertex 65.25 6.5 0
      vertex 77.3787 2.37868 0
      vertex 77.6737 2.11994 0
    endloop
  endfacet
  facet normal 0 0 -1
    outer loop
      vertex 76.5 4.5 0
      vertex 69.2069 7.8432 0
      vertex 69.8462 8.40381 0
    endloop
  endfacet
  facet normal 0 0 -1
    outer loop
      vertex 76.5257 4.10842 0
      vertex 68.5 7.37083 0
      vertex 69.2069 7.8432 0
    endloop
  endfacet
  facet normal 0 0 -1
    outer loop
      vertex 64.4016 6.55561 0
      vertex 77.6737 2.11994 0
      vertex 78 1.90192 0
    endloop
  endfacet
  facet normal 0 0 -1
    outer loop
      vertex 76.6022 3.72354 0
      vertex 67.7374 6.99478 0
      vertex 68.5 7.37083 0
    endloop
  endfacet
  facet normal 0 0 -1
    outer loop
      vertex 76.9019 3 0
      vertex 66.9323 6.72148 0
      vertex 67.7374 6.99478 0
    endloop
  endfacet
  facet normal 0 0 -1
    outer loop
      vertex 64.4016 6.55561 0
      vertex 78 1.90192 0
      vertex 78.352 1.72836 0
    endloop
  endfacet
  facet normal 0 0 -1
    outer loop
      vertex 77.1199 2.67372 0
      vertex 66.0984 6.55561 0
      vertex 66.9323 6.72148 0
    endloop
  endfacet
  facet normal 0 0 -1
    outer loop
      vertex 77.3787 2.37868 0
      vertex 65.25 6.5 0
      vertex 66.0984 6.55561 0
    endloop
  endfacet
  facet normal 0 0 -1
    outer loop
      vertex 77.6737 2.11994 0
      vertex 64.4016 6.55561 0
      vertex 65.25 6.5 0
    endloop
  endfacet
  facet normal 0 0 -1
    outer loop
      vertex 78.352 1.72836 0
      vertex 63.5677 6.72148 0
      vertex 64.4016 6.55561 0
    endloop
  endfacet
  facet normal 0 0 -1
    outer loop
      vertex 5.64805 1.72836 0
      vertex 78.352 1.72836 0
      vertex 78.7235 1.60222 0
    endloop
  endfacet
  facet normal -0 0 -1
    outer loop
      vertex 58.8056 12.1516 0
      vertex 47 9 0
      vertex 58.75 13 0
    endloop
  endfacet
  facet normal -0 0 -1
    outer loop
      vertex 58.9715 11.3177 0
      vertex 47 9 0
      vertex 58.8056 12.1516 0
    endloop
  endfacet
  facet normal -0 0 -1
    outer loop
      vertex 59.2448 10.5126 0
      vertex 47 9 0
      vertex 58.9715 11.3177 0
    endloop
  endfacet
  facet normal -0 0 -1
    outer loop
      vertex 59.6208 9.75 0
      vertex 47 9 0
      vertex 59.2448 10.5126 0
    endloop
  endfacet
  facet normal -0 0 -1
    outer loop
      vertex 60.0932 9.04305 0
      vertex 47 9 0
      vertex 59.6208 9.75 0
    endloop
  endfacet
  facet normal 0 0 -1
    outer loop
      vertex 60.6538 8.40381 0
      vertex 47 9 0
      vertex 60.0932 9.04305 0
    endloop
  endfacet
  facet normal 0 0 -1
    outer loop
      vertex 61.293 7.8432 0
      vertex 47 9 0
      vertex 60.6538 8.40381 0
    endloop
  endfacet
  facet normal 0 0 -1
    outer loop
      vertex 62 7.37083 0
      vertex 47 9 0
      vertex 61.293 7.8432 0
    endloop
  endfacet
  facet normal 0 0 -1
    outer loop
      vertex 62.7626 6.99478 0
      vertex 47 9 0
      vertex 62 7.37083 0
    endloop
  endfacet
  facet normal 0 0 -1
    outer loop
      vertex 63.5677 6.72148 0
      vertex 47 9 0
      vertex 62.7626 6.99478 0
    endloop
  endfacet
  facet normal 0 0 -1
    outer loop
      vertex 78.352 1.72836 0
      vertex 47 9 0
      vertex 63.5677 6.72148 0
    endloop
  endfacet
  facet normal 0 0 -1
    outer loop
      vertex 5.27646 1.60222 0
      vertex 78.7235 1.60222 0
      vertex 84 0 0
    endloop
  endfacet
  facet normal 0 0 -1
    outer loop
      vertex 78.352 1.72836 0
      vertex 5.64805 1.72836 0
      vertex 47 9 0
    endloop
  endfacet
  facet normal 0 0 -1
    outer loop
      vertex 17 9 0
      vertex 8 25 0
      vertex 17 22 0
    endloop
  endfacet
  facet normal 0 0 -1
    outer loop
      vertex 7.39778 5.27646 0
      vertex 17 9 0
      vertex 7.47433 4.89158 0
    endloop
  endfacet
  facet normal 0 0 -1
    outer loop
      vertex 7.47433 4.89158 0
      vertex 17 9 0
      vertex 7.5 4.5 0
    endloop
  endfacet
  facet normal 0 -0 -1
    outer loop
      vertex 6.62132 2.37868 0
      vertex 47 9 0
      vertex 6.32628 2.11994 0
    endloop
  endfacet
  facet normal 0 0 -1
    outer loop
      vertex 17 9 0
      vertex 7.47433 4.10842 0
      vertex 7.5 4.5 0
    endloop
  endfacet
  facet normal 0 0 -1
    outer loop
      vertex 17 9 0
      vertex 7.39778 3.72354 0
      vertex 7.47433 4.10842 0
    endloop
  endfacet
  facet normal 0 0 -1
    outer loop
      vertex 17 9 0
      vertex 7.27164 3.35195 0
      vertex 7.39778 3.72354 0
    endloop
  endfacet
  facet normal 0 0 -1
    outer loop
      vertex 17 9 0
      vertex 7.09808 3 0
      vertex 7.27164 3.35195 0
    endloop
  endfacet
  facet normal 0 0 -1
    outer loop
      vertex 17 9 0
      vertex 6.88006 2.67372 0
      vertex 7.09808 3 0
    endloop
  endfacet
  facet normal 0 0 -1
    outer loop
      vertex 17 9 0
      vertex 6.62132 2.37868 0
      vertex 6.88006 2.67372 0
    endloop
  endfacet
  facet normal -0 0 -1
    outer loop
      vertex 47 9 0
      vertex 6.62132 2.37868 0
      vertex 17 9 0
    endloop
  endfacet
  facet normal 0 0 -1
    outer loop
      vertex 47 9 0
      vertex 6 1.90192 0
      vertex 6.32628 2.11994 0
    endloop
  endfacet
  facet normal 0 0 -1
    outer loop
      vertex 47 9 0
      vertex 5.64805 1.72836 0
      vertex 6 1.90192 0
    endloop
  endfacet
  facet normal 0 0 -1
    outer loop
      vertex 78.7235 1.60222 0
      vertex 5.27646 1.60222 0
      vertex 5.64805 1.72836 0
    endloop
  endfacet
  facet normal 0 0 -1
    outer loop
      vertex 0 0 0
      vertex 5.27646 1.60222 0
      vertex 84 0 0
    endloop
  endfacet
  facet normal 0 0 -1
    outer loop
      vertex 5.27646 1.60222 0
      vertex 0 0 0
      vertex 4.89158 1.52567 0
    endloop
  endfacet
  facet normal 0 0 -1
    outer loop
      vertex 1.60222 66.7235 0
      vertex 0 72 0
      vertex 1.52567 67.1084 0
    endloop
  endfacet
  facet normal -0 0 -1
    outer loop
      vertex 1.52567 4.10842 0
      vertex 0 0 0
      vertex 1.5 4.5 0
    endloop
  endfacet
  facet normal -0 0 -1
    outer loop
      vertex 1.60222 3.72354 0
      vertex 0 0 0
      vertex 1.52567 4.10842 0
    endloop
  endfacet
  facet normal -0 0 -1
    outer loop
      vertex 1.72836 3.35195 0
      vertex 0 0 0
      vertex 1.60222 3.72354 0
    endloop
  endfacet
  facet normal -0 0 -1
    outer loop
      vertex 1.90192 3 0
      vertex 0 0 0
      vertex 1.72836 3.35195 0
    endloop
  endfacet
  facet normal -0 0 -1
    outer loop
      vertex 2.11994 2.67372 0
      vertex 0 0 0
      vertex 1.90192 3 0
    endloop
  endfacet
  facet normal -0 0 -1
    outer loop
      vertex 2.37868 2.37868 0
      vertex 0 0 0
      vertex 2.11994 2.67372 0
    endloop
  endfacet
  facet normal -0 0 -1
    outer loop
      vertex 2.67372 2.11994 0
      vertex 0 0 0
      vertex 2.37868 2.37868 0
    endloop
  endfacet
  facet normal -0 0 -1
    outer loop
      vertex 3 1.90192 0
      vertex 0 0 0
      vertex 2.67372 2.11994 0
    endloop
  endfacet
  facet normal -0 0 -1
    outer loop
      vertex 3.35195 1.72836 0
      vertex 0 0 0
      vertex 3 1.90192 0
    endloop
  endfacet
  facet normal -0 0 -1
    outer loop
      vertex 3.72354 1.60222 0
      vertex 0 0 0
      vertex 3.35195 1.72836 0
    endloop
  endfacet
  facet normal -0 0 -1
    outer loop
      vertex 4.10842 1.52567 0
      vertex 0 0 0
      vertex 3.72354 1.60222 0
    endloop
  endfacet
  facet normal -0 0 -1
    outer loop
      vertex 4.5 1.5 0
      vertex 0 0 0
      vertex 4.10842 1.52567 0
    endloop
  endfacet
  facet normal 0 0 -1
    outer loop
      vertex 4.89158 1.52567 0
      vertex 0 0 0
      vertex 4.5 1.5 0
    endloop
  endfacet
  facet normal 0 0 -1
    outer loop
      vertex 80.4786 49.6737 0
      vertex 84 0 0
      vertex 82.4743 4.89158 0
    endloop
  endfacet
  facet normal 0 0 -1
    outer loop
      vertex 82.4743 67.8916 0
      vertex 84 72 0
      vertex 82.5 67.5 0
    endloop
  endfacet
  facet normal 0 0 -1
    outer loop
      vertex 82.3978 68.2765 0
      vertex 84 72 0
      vertex 82.4743 67.8916 0
    endloop
  endfacet
  facet normal 0 0 -1
    outer loop
      vertex 82.2716 68.648 0
      vertex 84 72 0
      vertex 82.3978 68.2765 0
    endloop
  endfacet
  facet normal 0 0 -1
    outer loop
      vertex 82.0981 69 0
      vertex 84 72 0
      vertex 82.2716 68.648 0
    endloop
  endfacet
  facet normal 0 0 -1
    outer loop
      vertex 81.8801 69.3263 0
      vertex 84 72 0
      vertex 82.0981 69 0
    endloop
  endfacet
  facet normal 0 0 -1
    outer loop
      vertex 81.6213 69.6213 0
      vertex 84 72 0
      vertex 81.8801 69.3263 0
    endloop
  endfacet
  facet normal 0 0 -1
    outer loop
      vertex 81.3263 69.8801 0
      vertex 84 72 0
      vertex 81.6213 69.6213 0
    endloop
  endfacet
  facet normal 0 0 -1
    outer loop
      vertex 81 70.0981 0
      vertex 84 72 0
      vertex 81.3263 69.8801 0
    endloop
  endfacet
  facet normal 0 0 -1
    outer loop
      vertex 80.648 70.2716 0
      vertex 84 72 0
      vertex 81 70.0981 0
    endloop
  endfacet
  facet normal 0 0 -1
    outer loop
      vertex 80.2765 70.3978 0
      vertex 84 72 0
      vertex 80.648 70.2716 0
    endloop
  endfacet
  facet normal 0 0 -1
    outer loop
      vertex 79.8916 70.4743 0
      vertex 84 72 0
      vertex 80.2765 70.3978 0
    endloop
  endfacet
  facet normal 0 0 -1
    outer loop
      vertex 79.5 70.5 0
      vertex 84 72 0
      vertex 79.8916 70.4743 0
    endloop
  endfacet
  facet normal 0 0 -1
    outer loop
      vertex 79.1084 70.4743 0
      vertex 84 72 0
      vertex 79.5 70.5 0
    endloop
  endfacet
  facet normal 0 0 -1
    outer loop
      vertex 78.7235 70.3978 0
      vertex 84 72 0
      vertex 79.1084 70.4743 0
    endloop
  endfacet
  facet normal 0 0 -1
    outer loop
      vertex 75.6903 50.9567 0
      vertex 76.7284 66.352 0
      vertex 75.8349 51.25 0
    endloop
  endfacet
  facet normal -0 0 -1
    outer loop
      vertex 76.7284 66.352 0
      vertex 75.6903 50.9567 0
      vertex 76.6022 66.7235 0
    endloop
  endfacet
  facet normal 0 0 -1
    outer loop
      vertex 60 39 0
      vertex 76.6022 66.7235 0
      vertex 75.6903 50.9567 0
    endloop
  endfacet
  facet normal -0 0 -1
    outer loop
      vertex 76.6022 66.7235 0
      vertex 60 39 0
      vertex 76.5257 67.1084 0
    endloop
  endfacet
  facet normal 0 0 -1
    outer loop
      vertex 60 39 0
      vertex 75.6903 50.9567 0
      vertex 75.5852 50.647 0
    endloop
  endfacet
  facet normal 0 0 -1
    outer loop
      vertex 60 39 0
      vertex 75.5852 50.647 0
      vertex 75.5214 50.3263 0
    endloop
  endfacet
  facet normal 0 0 -1
    outer loop
      vertex 60 39 0
      vertex 75.5214 50.3263 0
      vertex 75.5 50 0
    endloop
  endfacet
  facet normal 0 0 -1
    outer loop
      vertex 79.5 7.5 0
      vertex 71.6944 13.8484 0
      vertex 71.5285 14.6823 0
    endloop
  endfacet
  facet normal -0 0 -1
    outer loop
      vertex 77.0433 47.6903 0
      vertex 60 39 0
      vertex 76.75 47.8349 0
    endloop
  endfacet
  facet normal -0 0 -1
    outer loop
      vertex 76.75 47.8349 0
      vertex 60 39 0
      vertex 76.4781 48.0166 0
    endloop
  endfacet
  facet normal -0 0 -1
    outer loop
      vertex 76.4781 48.0166 0
      vertex 60 39 0
      vertex 76.2322 48.2322 0
    endloop
  endfacet
  facet normal -0 0 -1
    outer loop
      vertex 76.2322 48.2322 0
      vertex 60 39 0
      vertex 76.0166 48.4781 0
    endloop
  endfacet
  facet normal -0 0 -1
    outer loop
      vertex 76.0166 48.4781 0
      vertex 60 39 0
      vertex 75.8349 48.75 0
    endloop
  endfacet
  facet normal -0 0 -1
    outer loop
      vertex 75.8349 48.75 0
      vertex 60 39 0
      vertex 75.6903 49.0433 0
    endloop
  endfacet
  facet normal 0 0 -1
    outer loop
      vertex 46 39 0
      vertex 76.5257 67.1084 0
      vertex 60 39 0
    endloop
  endfacet
  facet normal -0 0 -1
    outer loop
      vertex 75.5852 49.353 0
      vertex 60 39 0
      vertex 75.5214 49.6737 0
    endloop
  endfacet
  facet normal -0 0 -1
    outer loop
      vertex 75.5214 49.6737 0
      vertex 60 39 0
      vertex 75.5 50 0
    endloop
  endfacet
  facet normal -0 0 -1
    outer loop
      vertex 75.6903 49.0433 0
      vertex 60 39 0
      vertex 75.5852 49.353 0
    endloop
  endfacet
  facet normal 0 0 -1
    outer loop
      vertex 60 39 0
      vertex 67.7374 19.0052 0
      vertex 66.9323 19.2785 0
    endloop
  endfacet
  facet normal 0 0 -1
    outer loop
      vertex 60 25 0
      vertex 66.9323 19.2785 0
      vertex 66.0984 19.4444 0
    endloop
  endfacet
  facet normal -0 0 -1
    outer loop
      vertex 76.5257 67.1084 0
      vertex 46 39 0
      vertex 76.5 67.5 0
    endloop
  endfacet
  facet normal 0 0 -1
    outer loop
      vertex 60 25 0
      vertex 66.0984 19.4444 0
      vertex 65.25 19.5 0
    endloop
  endfacet
  facet normal 0 0 -1
    outer loop
      vertex 60 25 0
      vertex 65.25 19.5 0
      vertex 64.4016 19.4444 0
    endloop
  endfacet
  facet normal 0 0 -1
    outer loop
      vertex 60 25 0
      vertex 64.4016 19.4444 0
      vertex 63.5677 19.2785 0
    endloop
  endfacet
  facet normal 0 0 -1
    outer loop
      vertex 60 25 0
      vertex 63.5677 19.2785 0
      vertex 62.7626 19.0052 0
    endloop
  endfacet
  facet normal 0 0 -1
    outer loop
      vertex 60 25 0
      vertex 62.7626 19.0052 0
      vertex 62 18.6292 0
    endloop
  endfacet
  facet normal 0 0 -1
    outer loop
      vertex 60 25 0
      vertex 62 18.6292 0
      vertex 61.293 18.1568 0
    endloop
  endfacet
  facet normal 0 0 -1
    outer loop
      vertex 60 25 0
      vertex 61.293 18.1568 0
      vertex 60.6538 17.5962 0
    endloop
  endfacet
  facet normal 0 0 -1
    outer loop
      vertex 60 25 0
      vertex 60.6538 17.5962 0
      vertex 60.0932 16.9569 0
    endloop
  endfacet
  facet normal 0 0 -1
    outer loop
      vertex 66.9323 19.2785 0
      vertex 60 25 0
      vertex 60 39 0
    endloop
  endfacet
  facet normal -0 0 -1
    outer loop
      vertex 76.5 67.5 0
      vertex 46 39 0
      vertex 76.5257 67.8916 0
    endloop
  endfacet
  facet normal 0 0 -1
    outer loop
      vertex 41 39 0
      vertex 76.5257 67.8916 0
      vertex 46 39 0
    endloop
  endfacet
  facet normal 0 0 -1
    outer loop
      vertex 7.47433 67.8916 0
      vertex 76.5257 67.8916 0
      vertex 41 39 0
    endloop
  endfacet
  facet normal 0 0 -1
    outer loop
      vertex 76.5257 67.8916 0
      vertex 7.47433 67.8916 0
      vertex 76.6022 68.2765 0
    endloop
  endfacet
  facet normal 0 0 -1
    outer loop
      vertex 7.39778 68.2765 0
      vertex 76.6022 68.2765 0
      vertex 7.47433 67.8916 0
    endloop
  endfacet
  facet normal 0 0 -1
    outer loop
      vertex 76.6022 68.2765 0
      vertex 7.39778 68.2765 0
      vertex 76.7284 68.648 0
    endloop
  endfacet
  facet normal 0 0 -1
    outer loop
      vertex 41 39 0
      vertex 46 39 0
      vertex 41 25 0
    endloop
  endfacet
  facet normal 0 0 -1
    outer loop
      vertex 7.27164 68.648 0
      vertex 76.7284 68.648 0
      vertex 7.39778 68.2765 0
    endloop
  endfacet
  facet normal 0 0 -1
    outer loop
      vertex 76.7284 68.648 0
      vertex 7.27164 68.648 0
      vertex 76.9019 69 0
    endloop
  endfacet
  facet normal 0 0 -1
    outer loop
      vertex 7.5 67.5 0
      vertex 41 39 0
      vertex 27 39 0
    endloop
  endfacet
  facet normal 0 0 -1
    outer loop
      vertex 7.09808 69 0
      vertex 76.9019 69 0
      vertex 7.27164 68.648 0
    endloop
  endfacet
  facet normal 0 0 -1
    outer loop
      vertex 22 39 0
      vertex 27 39 0
      vertex 22 25 0
    endloop
  endfacet
  facet normal 0 0 -1
    outer loop
      vertex 7.47861 50.3263 0
      vertex 22 39 0
      vertex 7.5 50 0
    endloop
  endfacet
  facet normal 0 0 -1
    outer loop
      vertex 7.47861 49.6737 0
      vertex 22 39 0
      vertex 8 39 0
    endloop
  endfacet
  facet normal 0 0 -1
    outer loop
      vertex 7.41481 50.647 0
      vertex 22 39 0
      vertex 7.47861 50.3263 0
    endloop
  endfacet
  facet normal 0 0 -1
    outer loop
      vertex 7.47861 49.6737 0
      vertex 8 39 0
      vertex 8 25 0
    endloop
  endfacet
  facet normal 0 0 -1
    outer loop
      vertex 41 39 0
      vertex 7.5 67.5 0
      vertex 7.47433 67.8916 0
    endloop
  endfacet
  facet normal 0 0 -1
    outer loop
      vertex 76.9019 69 0
      vertex 7.09808 69 0
      vertex 77.1199 69.3263 0
    endloop
  endfacet
  facet normal 0 0 -1
    outer loop
      vertex 6.88006 69.3263 0
      vertex 77.1199 69.3263 0
      vertex 7.09808 69 0
    endloop
  endfacet
  facet normal 0 0 -1
    outer loop
      vertex 77.1199 69.3263 0
      vertex 6.88006 69.3263 0
      vertex 77.3787 69.6213 0
    endloop
  endfacet
  facet normal 0 0 -1
    outer loop
      vertex 6.62132 69.6213 0
      vertex 77.3787 69.6213 0
      vertex 6.88006 69.3263 0
    endloop
  endfacet
  facet normal 0 0 -1
    outer loop
      vertex 77.3787 69.6213 0
      vertex 6.62132 69.6213 0
      vertex 77.6737 69.8801 0
    endloop
  endfacet
  facet normal 0 0 -1
    outer loop
      vertex 6.32628 69.8801 0
      vertex 77.6737 69.8801 0
      vertex 6.62132 69.6213 0
    endloop
  endfacet
  facet normal 0 0 -1
    outer loop
      vertex 77.6737 69.8801 0
      vertex 6.32628 69.8801 0
      vertex 78 70.0981 0
    endloop
  endfacet
  facet normal 0 0 -1
    outer loop
      vertex 6 70.0981 0
      vertex 78 70.0981 0
      vertex 6.32628 69.8801 0
    endloop
  endfacet
  facet normal 0 0 -1
    outer loop
      vertex 78 70.0981 0
      vertex 6 70.0981 0
      vertex 78.352 70.2716 0
    endloop
  endfacet
  facet normal 0 0 -1
    outer loop
      vertex 5.64805 70.2716 0
      vertex 78.352 70.2716 0
      vertex 6 70.0981 0
    endloop
  endfacet
  facet normal 0 0 -1
    outer loop
      vertex 78.352 70.2716 0
      vertex 5.64805 70.2716 0
      vertex 78.7235 70.3978 0
    endloop
  endfacet
  facet normal 0 0 -1
    outer loop
      vertex 5.27646 70.3978 0
      vertex 78.7235 70.3978 0
      vertex 5.64805 70.2716 0
    endloop
  endfacet
  facet normal 0 0 -1
    outer loop
      vertex 78.7235 70.3978 0
      vertex 5.27646 70.3978 0
      vertex 84 72 0
    endloop
  endfacet
  facet normal 0 0 -1
    outer loop
      vertex 0 72 0
      vertex 5.27646 70.3978 0
      vertex 4.89158 70.4743 0
    endloop
  endfacet
  facet normal 0 0 -1
    outer loop
      vertex 0 72 0
      vertex 4.89158 70.4743 0
      vertex 4.5 70.5 0
    endloop
  endfacet
  facet normal 0 0 -1
    outer loop
      vertex 5.27646 70.3978 0
      vertex 0 72 0
      vertex 84 72 0
    endloop
  endfacet
  facet normal 0 0 -1
    outer loop
      vertex 4.10842 70.4743 0
      vertex 0 72 0
      vertex 4.5 70.5 0
    endloop
  endfacet
  facet normal 0 0 -1
    outer loop
      vertex 3.72354 70.3978 0
      vertex 0 72 0
      vertex 4.10842 70.4743 0
    endloop
  endfacet
  facet normal 0 0 -1
    outer loop
      vertex 3.35195 70.2716 0
      vertex 0 72 0
      vertex 3.72354 70.3978 0
    endloop
  endfacet
  facet normal 0 0 -1
    outer loop
      vertex 3 70.0981 0
      vertex 0 72 0
      vertex 3.35195 70.2716 0
    endloop
  endfacet
  facet normal 0 0 -1
    outer loop
      vertex 2.67372 69.8801 0
      vertex 0 72 0
      vertex 3 70.0981 0
    endloop
  endfacet
  facet normal 0 0 -1
    outer loop
      vertex 2.37868 69.6213 0
      vertex 0 72 0
      vertex 2.67372 69.8801 0
    endloop
  endfacet
  facet normal 0 0 -1
    outer loop
      vertex 2.11994 69.3263 0
      vertex 0 72 0
      vertex 2.37868 69.6213 0
    endloop
  endfacet
  facet normal 0 0 -1
    outer loop
      vertex 1.90192 69 0
      vertex 0 72 0
      vertex 2.11994 69.3263 0
    endloop
  endfacet
  facet normal 0 0 -1
    outer loop
      vertex 1.72836 68.648 0
      vertex 0 72 0
      vertex 1.90192 69 0
    endloop
  endfacet
  facet normal 0 0 -1
    outer loop
      vertex 1.60222 68.2765 0
      vertex 0 72 0
      vertex 1.72836 68.648 0
    endloop
  endfacet
  facet normal 0 0 -1
    outer loop
      vertex 1.52567 67.8916 0
      vertex 0 72 0
      vertex 1.60222 68.2765 0
    endloop
  endfacet
  facet normal 0 0 -1
    outer loop
      vertex 1.5 67.5 0
      vertex 0 72 0
      vertex 1.52567 67.8916 0
    endloop
  endfacet
  facet normal 0 0 -1
    outer loop
      vertex 1.52567 67.1084 0
      vertex 0 72 0
      vertex 1.5 67.5 0
    endloop
  endfacet
  facet normal 0 0 -1
    outer loop
      vertex 81.8801 65.6737 0
      vertex 80.1651 51.25 0
      vertex 81.6213 65.3787 0
    endloop
  endfacet
  facet normal 0 0 -1
    outer loop
      vertex 79.9834 51.5219 0
      vertex 81.6213 65.3787 0
      vertex 80.1651 51.25 0
    endloop
  endfacet
  facet normal 0 0 -1
    outer loop
      vertex 81.6213 65.3787 0
      vertex 79.9834 51.5219 0
      vertex 81.3263 65.1199 0
    endloop
  endfacet
  facet normal 0 0 -1
    outer loop
      vertex 79.7678 51.7678 0
      vertex 81.3263 65.1199 0
      vertex 79.9834 51.5219 0
    endloop
  endfacet
  facet normal 0 0 -1
    outer loop
      vertex 81.3263 65.1199 0
      vertex 79.7678 51.7678 0
      vertex 81 64.9019 0
    endloop
  endfacet
  facet normal 0 0 -1
    outer loop
      vertex 79.5219 51.9834 0
      vertex 81 64.9019 0
      vertex 79.7678 51.7678 0
    endloop
  endfacet
  facet normal 0 0 -1
    outer loop
      vertex 81 64.9019 0
      vertex 79.5219 51.9834 0
      vertex 80.648 64.7284 0
    endloop
  endfacet
  facet normal 0 0 -1
    outer loop
      vertex 79.25 52.1651 0
      vertex 80.648 64.7284 0
      vertex 79.5219 51.9834 0
    endloop
  endfacet
  facet normal 0 0 -1
    outer loop
      vertex 80.648 64.7284 0
      vertex 79.25 52.1651 0
      vertex 80.2765 64.6022 0
    endloop
  endfacet
  facet normal 0 0 -1
    outer loop
      vertex 78.9567 52.3097 0
      vertex 80.2765 64.6022 0
      vertex 79.25 52.1651 0
    endloop
  endfacet
  facet normal 0 0 -1
    outer loop
      vertex 80.2765 64.6022 0
      vertex 78.9567 52.3097 0
      vertex 79.8916 64.5257 0
    endloop
  endfacet
  facet normal 0 0 -1
    outer loop
      vertex 78.647 52.4148 0
      vertex 79.8916 64.5257 0
      vertex 78.9567 52.3097 0
    endloop
  endfacet
  facet normal 0 0 -1
    outer loop
      vertex 79.8916 64.5257 0
      vertex 78.647 52.4148 0
      vertex 79.5 64.5 0
    endloop
  endfacet
  facet normal 0 0 -1
    outer loop
      vertex 78.3263 52.4786 0
      vertex 79.5 64.5 0
      vertex 78.647 52.4148 0
    endloop
  endfacet
  facet normal -0 0 -1
    outer loop
      vertex 79.5 64.5 0
      vertex 78.3263 52.4786 0
      vertex 79.1084 64.5257 0
    endloop
  endfacet
  facet normal 0 0 -1
    outer loop
      vertex 78 52.5 0
      vertex 79.1084 64.5257 0
      vertex 78.3263 52.4786 0
    endloop
  endfacet
  facet normal -0 0 -1
    outer loop
      vertex 79.1084 64.5257 0
      vertex 78 52.5 0
      vertex 78.7235 64.6022 0
    endloop
  endfacet
  facet normal 0 0 -1
    outer loop
      vertex 77.6737 52.4786 0
      vertex 78.7235 64.6022 0
      vertex 78 52.5 0
    endloop
  endfacet
  facet normal -0 0 -1
    outer loop
      vertex 78.7235 64.6022 0
      vertex 77.6737 52.4786 0
      vertex 78.352 64.7284 0
    endloop
  endfacet
  facet normal 0 0 -1
    outer loop
      vertex 77.353 52.4148 0
      vertex 78.352 64.7284 0
      vertex 77.6737 52.4786 0
    endloop
  endfacet
  facet normal -0 0 -1
    outer loop
      vertex 78.352 64.7284 0
      vertex 77.353 52.4148 0
      vertex 78 64.9019 0
    endloop
  endfacet
  facet normal 0 0 -1
    outer loop
      vertex 77.0433 52.3097 0
      vertex 78 64.9019 0
      vertex 77.353 52.4148 0
    endloop
  endfacet
  facet normal -0 0 -1
    outer loop
      vertex 78 64.9019 0
      vertex 77.0433 52.3097 0
      vertex 77.6737 65.1199 0
    endloop
  endfacet
  facet normal 0 0 -1
    outer loop
      vertex 76.75 52.1651 0
      vertex 77.6737 65.1199 0
      vertex 77.0433 52.3097 0
    endloop
  endfacet
  facet normal -0 0 -1
    outer loop
      vertex 77.6737 65.1199 0
      vertex 76.75 52.1651 0
      vertex 77.3787 65.3787 0
    endloop
  endfacet
  facet normal 0 0 -1
    outer loop
      vertex 76.4781 51.9834 0
      vertex 77.3787 65.3787 0
      vertex 76.75 52.1651 0
    endloop
  endfacet
  facet normal -0 0 -1
    outer loop
      vertex 77.3787 65.3787 0
      vertex 76.4781 51.9834 0
      vertex 77.1199 65.6737 0
    endloop
  endfacet
  facet normal 0 0 -1
    outer loop
      vertex 76.2322 51.7678 0
      vertex 77.1199 65.6737 0
      vertex 76.4781 51.9834 0
    endloop
  endfacet
  facet normal -0 0 -1
    outer loop
      vertex 77.1199 65.6737 0
      vertex 76.2322 51.7678 0
      vertex 76.9019 66 0
    endloop
  endfacet
  facet normal 0 0 -1
    outer loop
      vertex 76.0166 51.5219 0
      vertex 76.9019 66 0
      vertex 76.2322 51.7678 0
    endloop
  endfacet
  facet normal 0 0 -1
    outer loop
      vertex 75.8349 51.25 0
      vertex 76.9019 66 0
      vertex 76.0166 51.5219 0
    endloop
  endfacet
  facet normal -0 0 -1
    outer loop
      vertex 76.9019 66 0
      vertex 75.8349 51.25 0
      vertex 76.7284 66.352 0
    endloop
  endfacet
  facet normal 0 0 1
    outer loop
      vertex 5.8 4.5 0
      vertex 6.2 4.5 0
      vertex 6.18546 4.72189 0
    endloop
  endfacet
  facet normal 0 0 1
    outer loop
      vertex 5.78888 4.66968 0
      vertex 6.18546 4.72189 0
      vertex 6.14207 4.93999 0
    endloop
  endfacet
  facet normal 0 0 1
    outer loop
      vertex 6.2 4.5 0
      vertex 5.8 4.5 0
      vertex 6.18546 4.2781 0
    endloop
  endfacet
  facet normal 0 0 1
    outer loop
      vertex 5.7557 4.83646 0
      vertex 6.14207 4.93999 0
      vertex 6.07059 5.15056 0
    endloop
  endfacet
  facet normal -0 0 1
    outer loop
      vertex 5.78888 4.33032 0
      vertex 6.18546 4.2781 0
      vertex 5.8 4.5 0
    endloop
  endfacet
  facet normal 0 0 1
    outer loop
      vertex 5.70104 4.99749 0
      vertex 6.07059 5.15056 0
      vertex 5.97224 5.35 0
    endloop
  endfacet
  facet normal 0 0 1
    outer loop
      vertex 6.18546 4.2781 0
      vertex 5.78888 4.33032 0
      vertex 6.14207 4.06001 0
    endloop
  endfacet
  facet normal 0 0 1
    outer loop
      vertex 5.62583 5.15 0
      vertex 5.97224 5.35 0
      vertex 5.8487 5.53489 0
    endloop
  endfacet
  facet normal -0 0 1
    outer loop
      vertex 5.7557 4.16354 0
      vertex 6.14207 4.06001 0
      vertex 5.78888 4.33032 0
    endloop
  endfacet
  facet normal 0 0 1
    outer loop
      vertex 6.14207 4.06001 0
      vertex 5.7557 4.16354 0
      vertex 6.07059 3.84944 0
    endloop
  endfacet
  facet normal 0 0 1
    outer loop
      vertex 6.18546 4.72189 0
      vertex 5.78888 4.66968 0
      vertex 5.8 4.5 0
    endloop
  endfacet
  facet normal 0 0 1
    outer loop
      vertex 6.14207 4.93999 0
      vertex 5.7557 4.83646 0
      vertex 5.78888 4.66968 0
    endloop
  endfacet
  facet normal 0 0 1
    outer loop
      vertex 5.53136 5.29139 0
      vertex 5.8487 5.53489 0
      vertex 5.70208 5.70208 0
    endloop
  endfacet
  facet normal 0 0 1
    outer loop
      vertex 6.07059 5.15056 0
      vertex 5.70104 4.99749 0
      vertex 5.7557 4.83646 0
    endloop
  endfacet
  facet normal 0 0 1
    outer loop
      vertex 5.97224 5.35 0
      vertex 5.62583 5.15 0
      vertex 5.70104 4.99749 0
    endloop
  endfacet
  facet normal 0 0 1
    outer loop
      vertex 5.41924 5.41924 0
      vertex 5.70208 5.70208 0
      vertex 5.53489 5.8487 0
    endloop
  endfacet
  facet normal 0 0 1
    outer loop
      vertex 5.8487 5.53489 0
      vertex 5.53136 5.29139 0
      vertex 5.62583 5.15 0
    endloop
  endfacet
  facet normal 0 0 1
    outer loop
      vertex 5.70208 5.70208 0
      vertex 5.41924 5.41924 0
      vertex 5.53136 5.29139 0
    endloop
  endfacet
  facet normal 0 0 1
    outer loop
      vertex 5.29139 5.53136 0
      vertex 5.53489 5.8487 0
      vertex 5.35 5.97224 0
    endloop
  endfacet
  facet normal 0 0 1
    outer loop
      vertex 5.53489 5.8487 0
      vertex 5.29139 5.53136 0
      vertex 5.41924 5.41924 0
    endloop
  endfacet
  facet normal 0 0 1
    outer loop
      vertex 5.15 5.62583 0
      vertex 5.35 5.97224 0
      vertex 5.15056 6.07059 0
    endloop
  endfacet
  facet normal 0 0 1
    outer loop
      vertex 5.35 5.97224 0
      vertex 5.15 5.62583 0
      vertex 5.29139 5.53136 0
    endloop
  endfacet
  facet normal 0 0 1
    outer loop
      vertex 5.15056 6.07059 0
      vertex 4.99749 5.70104 0
      vertex 5.15 5.62583 0
    endloop
  endfacet
  facet normal 0 0 1
    outer loop
      vertex 4.93999 6.14207 0
      vertex 4.99749 5.70104 0
      vertex 5.15056 6.07059 0
    endloop
  endfacet
  facet normal 0 0 1
    outer loop
      vertex 4.93999 6.14207 0
      vertex 4.83646 5.7557 0
      vertex 4.99749 5.70104 0
    endloop
  endfacet
  facet normal 0 0 1
    outer loop
      vertex 4.72189 6.18546 0
      vertex 4.83646 5.7557 0
      vertex 4.93999 6.14207 0
    endloop
  endfacet
  facet normal 0 0 1
    outer loop
      vertex 4.72189 6.18546 0
      vertex 4.66968 5.78888 0
      vertex 4.83646 5.7557 0
    endloop
  endfacet
  facet normal 0 0 1
    outer loop
      vertex 4.5 6.2 0
      vertex 4.66968 5.78888 0
      vertex 4.72189 6.18546 0
    endloop
  endfacet
  facet normal 0 0 1
    outer loop
      vertex 4.5 6.2 0
      vertex 4.5 5.8 0
      vertex 4.66968 5.78888 0
    endloop
  endfacet
  facet normal 0 0 1
    outer loop
      vertex 4.5 6.2 0
      vertex 4.33032 5.78888 0
      vertex 4.5 5.8 0
    endloop
  endfacet
  facet normal -0 0 1
    outer loop
      vertex 4.2781 6.18546 0
      vertex 4.33032 5.78888 0
      vertex 4.5 6.2 0
    endloop
  endfacet
  facet normal 0 0 1
    outer loop
      vertex 4.2781 6.18546 0
      vertex 4.16354 5.7557 0
      vertex 4.33032 5.78888 0
    endloop
  endfacet
  facet normal -0 0 1
    outer loop
      vertex 4.06001 6.14207 0
      vertex 4.16354 5.7557 0
      vertex 4.2781 6.18546 0
    endloop
  endfacet
  facet normal 0 0 1
    outer loop
      vertex 4.06001 6.14207 0
      vertex 4.00251 5.70104 0
      vertex 4.16354 5.7557 0
    endloop
  endfacet
  facet normal -0 0 1
    outer loop
      vertex 3.84944 6.07059 0
      vertex 4.00251 5.70104 0
      vertex 4.06001 6.14207 0
    endloop
  endfacet
  facet normal 0 0 1
    outer loop
      vertex 4.00251 5.70104 0
      vertex 3.84944 6.07059 0
      vertex 3.85 5.62583 0
    endloop
  endfacet
  facet normal -0 0 1
    outer loop
      vertex 3.65 5.97224 0
      vertex 3.85 5.62583 0
      vertex 3.84944 6.07059 0
    endloop
  endfacet
  facet normal 0 0 1
    outer loop
      vertex 3.85 5.62583 0
      vertex 3.65 5.97224 0
      vertex 3.70861 5.53136 0
    endloop
  endfacet
  facet normal -0 0 1
    outer loop
      vertex 3.46511 5.8487 0
      vertex 3.70861 5.53136 0
      vertex 3.65 5.97224 0
    endloop
  endfacet
  facet normal 0 0 1
    outer loop
      vertex 3.70861 5.53136 0
      vertex 3.46511 5.8487 0
      vertex 3.58076 5.41924 0
    endloop
  endfacet
  facet normal -0 0 1
    outer loop
      vertex 3.29792 5.70208 0
      vertex 3.58076 5.41924 0
      vertex 3.46511 5.8487 0
    endloop
  endfacet
  facet normal 0 0 1
    outer loop
      vertex 3.58076 5.41924 0
      vertex 3.29792 5.70208 0
      vertex 3.46864 5.29139 0
    endloop
  endfacet
  facet normal -0 0 1
    outer loop
      vertex 3.1513 5.53489 0
      vertex 3.46864 5.29139 0
      vertex 3.29792 5.70208 0
    endloop
  endfacet
  facet normal 0 0 1
    outer loop
      vertex 3.46864 5.29139 0
      vertex 3.1513 5.53489 0
      vertex 3.37417 5.15 0
    endloop
  endfacet
  facet normal -0 0 1
    outer loop
      vertex 3.02776 5.35 0
      vertex 3.37417 5.15 0
      vertex 3.1513 5.53489 0
    endloop
  endfacet
  facet normal 0 0 1
    outer loop
      vertex 3.37417 5.15 0
      vertex 3.02776 5.35 0
      vertex 3.29896 4.99749 0
    endloop
  endfacet
  facet normal 0 0 1
    outer loop
      vertex 3.29896 4.99749 0
      vertex 2.9294 5.15056 0
      vertex 3.2443 4.83646 0
    endloop
  endfacet
  facet normal -0 0 1
    outer loop
      vertex 2.9294 5.15056 0
      vertex 3.29896 4.99749 0
      vertex 3.02776 5.35 0
    endloop
  endfacet
  facet normal -0 0 1
    outer loop
      vertex 5.70104 4.00251 0
      vertex 6.07059 3.84944 0
      vertex 5.7557 4.16354 0
    endloop
  endfacet
  facet normal 0 0 1
    outer loop
      vertex 6.07059 3.84944 0
      vertex 5.70104 4.00251 0
      vertex 5.97224 3.65 0
    endloop
  endfacet
  facet normal -0 0 1
    outer loop
      vertex 5.62583 3.85 0
      vertex 5.97224 3.65 0
      vertex 5.70104 4.00251 0
    endloop
  endfacet
  facet normal 0 0 1
    outer loop
      vertex 5.97224 3.65 0
      vertex 5.62583 3.85 0
      vertex 5.8487 3.46511 0
    endloop
  endfacet
  facet normal -0 0 1
    outer loop
      vertex 5.53136 3.70861 0
      vertex 5.8487 3.46511 0
      vertex 5.62583 3.85 0
    endloop
  endfacet
  facet normal 0 0 1
    outer loop
      vertex 5.8487 3.46511 0
      vertex 5.53136 3.70861 0
      vertex 5.70208 3.29792 0
    endloop
  endfacet
  facet normal -0 0 1
    outer loop
      vertex 5.41924 3.58076 0
      vertex 5.70208 3.29792 0
      vertex 5.53136 3.70861 0
    endloop
  endfacet
  facet normal 0 0 1
    outer loop
      vertex 5.70208 3.29792 0
      vertex 5.41924 3.58076 0
      vertex 5.53489 3.1513 0
    endloop
  endfacet
  facet normal -0 0 1
    outer loop
      vertex 5.29139 3.46864 0
      vertex 5.53489 3.1513 0
      vertex 5.41924 3.58076 0
    endloop
  endfacet
  facet normal 0 0 1
    outer loop
      vertex 5.53489 3.1513 0
      vertex 5.29139 3.46864 0
      vertex 5.35 3.02776 0
    endloop
  endfacet
  facet normal -0 0 1
    outer loop
      vertex 5.15 3.37417 0
      vertex 5.35 3.02776 0
      vertex 5.29139 3.46864 0
    endloop
  endfacet
  facet normal 0 0 1
    outer loop
      vertex 5.35 3.02776 0
      vertex 5.15 3.37417 0
      vertex 5.15056 2.9294 0
    endloop
  endfacet
  facet normal -0 0 1
    outer loop
      vertex 4.99749 3.29896 0
      vertex 5.15056 2.9294 0
      vertex 5.15 3.37417 0
    endloop
  endfacet
  facet normal 0 0 1
    outer loop
      vertex 4.99749 3.29896 0
      vertex 4.93999 2.85793 0
      vertex 5.15056 2.9294 0
    endloop
  endfacet
  facet normal -0 0 1
    outer loop
      vertex 4.83646 3.2443 0
      vertex 4.93999 2.85793 0
      vertex 4.99749 3.29896 0
    endloop
  endfacet
  facet normal 0 0 1
    outer loop
      vertex 4.83646 3.2443 0
      vertex 4.72189 2.81454 0
      vertex 4.93999 2.85793 0
    endloop
  endfacet
  facet normal -0 0 1
    outer loop
      vertex 4.66968 3.21112 0
      vertex 4.72189 2.81454 0
      vertex 4.83646 3.2443 0
    endloop
  endfacet
  facet normal -0 0 1
    outer loop
      vertex 4.5 3.2 0
      vertex 4.72189 2.81454 0
      vertex 4.66968 3.21112 0
    endloop
  endfacet
  facet normal 0 0 1
    outer loop
      vertex 4.5 3.2 0
      vertex 4.5 2.8 0
      vertex 4.72189 2.81454 0
    endloop
  endfacet
  facet normal 0 0 1
    outer loop
      vertex 4.33032 3.21112 0
      vertex 4.5 2.8 0
      vertex 4.5 3.2 0
    endloop
  endfacet
  facet normal 0 0 1
    outer loop
      vertex 4.33032 3.21112 0
      vertex 4.2781 2.81454 0
      vertex 4.5 2.8 0
    endloop
  endfacet
  facet normal 0 0 1
    outer loop
      vertex 4.16354 3.2443 0
      vertex 4.2781 2.81454 0
      vertex 4.33032 3.21112 0
    endloop
  endfacet
  facet normal 0 0 1
    outer loop
      vertex 4.16354 3.2443 0
      vertex 4.06001 2.85793 0
      vertex 4.2781 2.81454 0
    endloop
  endfacet
  facet normal 0 0 1
    outer loop
      vertex 4.00251 3.29896 0
      vertex 4.06001 2.85793 0
      vertex 4.16354 3.2443 0
    endloop
  endfacet
  facet normal 0 0 1
    outer loop
      vertex 3.84944 2.9294 0
      vertex 4.00251 3.29896 0
      vertex 3.85 3.37417 0
    endloop
  endfacet
  facet normal 0 0 1
    outer loop
      vertex 4.00251 3.29896 0
      vertex 3.84944 2.9294 0
      vertex 4.06001 2.85793 0
    endloop
  endfacet
  facet normal 0 0 1
    outer loop
      vertex 3.65 3.02776 0
      vertex 3.85 3.37417 0
      vertex 3.70861 3.46864 0
    endloop
  endfacet
  facet normal 0 0 1
    outer loop
      vertex 3.85 3.37417 0
      vertex 3.65 3.02776 0
      vertex 3.84944 2.9294 0
    endloop
  endfacet
  facet normal 0 0 1
    outer loop
      vertex 3.46511 3.1513 0
      vertex 3.70861 3.46864 0
      vertex 3.58076 3.58076 0
    endloop
  endfacet
  facet normal 0 0 1
    outer loop
      vertex 3.29792 3.29792 0
      vertex 3.58076 3.58076 0
      vertex 3.46864 3.70861 0
    endloop
  endfacet
  facet normal 0 0 1
    outer loop
      vertex 3.70861 3.46864 0
      vertex 3.46511 3.1513 0
      vertex 3.65 3.02776 0
    endloop
  endfacet
  facet normal 0 0 1
    outer loop
      vertex 3.1513 3.46511 0
      vertex 3.46864 3.70861 0
      vertex 3.37417 3.85 0
    endloop
  endfacet
  facet normal 0 0 1
    outer loop
      vertex 3.02776 3.65 0
      vertex 3.37417 3.85 0
      vertex 3.29896 4.00251 0
    endloop
  endfacet
  facet normal 0 0 1
    outer loop
      vertex 3.58076 3.58076 0
      vertex 3.29792 3.29792 0
      vertex 3.46511 3.1513 0
    endloop
  endfacet
  facet normal 0 0 1
    outer loop
      vertex 2.9294 3.84944 0
      vertex 3.29896 4.00251 0
      vertex 3.2443 4.16354 0
    endloop
  endfacet
  facet normal 0 0 1
    outer loop
      vertex 2.85793 4.06001 0
      vertex 3.2443 4.16354 0
      vertex 3.21112 4.33032 0
    endloop
  endfacet
  facet normal 0 0 1
    outer loop
      vertex 3.46864 3.70861 0
      vertex 3.1513 3.46511 0
      vertex 3.29792 3.29792 0
    endloop
  endfacet
  facet normal 0 0 1
    outer loop
      vertex 2.81454 4.2781 0
      vertex 3.21112 4.33032 0
      vertex 3.2 4.5 0
    endloop
  endfacet
  facet normal -0 0 1
    outer loop
      vertex 2.85793 4.93999 0
      vertex 3.2443 4.83646 0
      vertex 2.9294 5.15056 0
    endloop
  endfacet
  facet normal 0 0 1
    outer loop
      vertex 3.2443 4.83646 0
      vertex 2.85793 4.93999 0
      vertex 3.21112 4.66968 0
    endloop
  endfacet
  facet normal 0 0 1
    outer loop
      vertex 3.37417 3.85 0
      vertex 3.02776 3.65 0
      vertex 3.1513 3.46511 0
    endloop
  endfacet
  facet normal -0 0 1
    outer loop
      vertex 2.81454 4.72189 0
      vertex 3.21112 4.66968 0
      vertex 2.85793 4.93999 0
    endloop
  endfacet
  facet normal 0 0 1
    outer loop
      vertex 3.29896 4.00251 0
      vertex 2.9294 3.84944 0
      vertex 3.02776 3.65 0
    endloop
  endfacet
  facet normal 0 0 1
    outer loop
      vertex 3.21112 4.66968 0
      vertex 2.81454 4.72189 0
      vertex 3.2 4.5 0
    endloop
  endfacet
  facet normal 0 0 1
    outer loop
      vertex 3.2443 4.16354 0
      vertex 2.85793 4.06001 0
      vertex 2.9294 3.84944 0
    endloop
  endfacet
  facet normal 0 0 1
    outer loop
      vertex 2.8 4.5 0
      vertex 3.2 4.5 0
      vertex 2.81454 4.72189 0
    endloop
  endfacet
  facet normal 0 0 1
    outer loop
      vertex 3.21112 4.33032 0
      vertex 2.81454 4.2781 0
      vertex 2.85793 4.06001 0
    endloop
  endfacet
  facet normal 0 0 1
    outer loop
      vertex 3.2 4.5 0
      vertex 2.8 4.5 0
      vertex 2.81454 4.2781 0
    endloop
  endfacet
  facet normal 0 0 1
    outer loop
      vertex 5.8 67.5 0
      vertex 6.2 67.5 0
      vertex 6.18546 67.7219 0
    endloop
  endfacet
  facet normal 0 0 1
    outer loop
      vertex 5.78888 67.6697 0
      vertex 6.18546 67.7219 0
      vertex 6.14207 67.94 0
    endloop
  endfacet
  facet normal 0 0 1
    outer loop
      vertex 6.2 67.5 0
      vertex 5.8 67.5 0
      vertex 6.18546 67.2781 0
    endloop
  endfacet
  facet normal 0 0 1
    outer loop
      vertex 5.7557 67.8365 0
      vertex 6.14207 67.94 0
      vertex 6.07059 68.1506 0
    endloop
  endfacet
  facet normal -0 0 1
    outer loop
      vertex 5.78888 67.3303 0
      vertex 6.18546 67.2781 0
      vertex 5.8 67.5 0
    endloop
  endfacet
  facet normal 0 0 1
    outer loop
      vertex 5.70104 67.9975 0
      vertex 6.07059 68.1506 0
      vertex 5.97224 68.35 0
    endloop
  endfacet
  facet normal 0 0 1
    outer loop
      vertex 6.18546 67.2781 0
      vertex 5.78888 67.3303 0
      vertex 6.14207 67.06 0
    endloop
  endfacet
  facet normal 0 0 1
    outer loop
      vertex 5.62583 68.15 0
      vertex 5.97224 68.35 0
      vertex 5.8487 68.5349 0
    endloop
  endfacet
  facet normal -0 0 1
    outer loop
      vertex 5.7557 67.1635 0
      vertex 6.14207 67.06 0
      vertex 5.78888 67.3303 0
    endloop
  endfacet
  facet normal 0 0 1
    outer loop
      vertex 6.14207 67.06 0
      vertex 5.7557 67.1635 0
      vertex 6.07059 66.8494 0
    endloop
  endfacet
  facet normal 0 0 1
    outer loop
      vertex 6.18546 67.7219 0
      vertex 5.78888 67.6697 0
      vertex 5.8 67.5 0
    endloop
  endfacet
  facet normal 0 0 1
    outer loop
      vertex 6.14207 67.94 0
      vertex 5.7557 67.8365 0
      vertex 5.78888 67.6697 0
    endloop
  endfacet
  facet normal 0 0 1
    outer loop
      vertex 5.53136 68.2914 0
      vertex 5.8487 68.5349 0
      vertex 5.70208 68.7021 0
    endloop
  endfacet
  facet normal 0 0 1
    outer loop
      vertex 6.07059 68.1506 0
      vertex 5.70104 67.9975 0
      vertex 5.7557 67.8365 0
    endloop
  endfacet
  facet normal 0 0 1
    outer loop
      vertex 5.97224 68.35 0
      vertex 5.62583 68.15 0
      vertex 5.70104 67.9975 0
    endloop
  endfacet
  facet normal 0 0 1
    outer loop
      vertex 5.41924 68.4192 0
      vertex 5.70208 68.7021 0
      vertex 5.53489 68.8487 0
    endloop
  endfacet
  facet normal 0 0 1
    outer loop
      vertex 5.8487 68.5349 0
      vertex 5.53136 68.2914 0
      vertex 5.62583 68.15 0
    endloop
  endfacet
  facet normal 0 0 1
    outer loop
      vertex 5.70208 68.7021 0
      vertex 5.41924 68.4192 0
      vertex 5.53136 68.2914 0
    endloop
  endfacet
  facet normal 0 0 1
    outer loop
      vertex 5.29139 68.5314 0
      vertex 5.53489 68.8487 0
      vertex 5.35 68.9722 0
    endloop
  endfacet
  facet normal 0 0 1
    outer loop
      vertex 5.53489 68.8487 0
      vertex 5.29139 68.5314 0
      vertex 5.41924 68.4192 0
    endloop
  endfacet
  facet normal 0 0 1
    outer loop
      vertex 5.15 68.6258 0
      vertex 5.35 68.9722 0
      vertex 5.15056 69.0706 0
    endloop
  endfacet
  facet normal 0 0 1
    outer loop
      vertex 5.35 68.9722 0
      vertex 5.15 68.6258 0
      vertex 5.29139 68.5314 0
    endloop
  endfacet
  facet normal 0 0 1
    outer loop
      vertex 5.15056 69.0706 0
      vertex 4.99749 68.701 0
      vertex 5.15 68.6258 0
    endloop
  endfacet
  facet normal 0 0 1
    outer loop
      vertex 4.93999 69.1421 0
      vertex 4.99749 68.701 0
      vertex 5.15056 69.0706 0
    endloop
  endfacet
  facet normal 0 0 1
    outer loop
      vertex 4.93999 69.1421 0
      vertex 4.83646 68.7557 0
      vertex 4.99749 68.701 0
    endloop
  endfacet
  facet normal 0 0 1
    outer loop
      vertex 4.72189 69.1855 0
      vertex 4.83646 68.7557 0
      vertex 4.93999 69.1421 0
    endloop
  endfacet
  facet normal 0 0 1
    outer loop
      vertex 4.72189 69.1855 0
      vertex 4.66968 68.7889 0
      vertex 4.83646 68.7557 0
    endloop
  endfacet
  facet normal 0 0 1
    outer loop
      vertex 4.5 69.2 0
      vertex 4.66968 68.7889 0
      vertex 4.72189 69.1855 0
    endloop
  endfacet
  facet normal 0 0 1
    outer loop
      vertex 4.5 69.2 0
      vertex 4.5 68.8 0
      vertex 4.66968 68.7889 0
    endloop
  endfacet
  facet normal 0 0 1
    outer loop
      vertex 4.5 69.2 0
      vertex 4.33032 68.7889 0
      vertex 4.5 68.8 0
    endloop
  endfacet
  facet normal -0 0 1
    outer loop
      vertex 4.2781 69.1855 0
      vertex 4.33032 68.7889 0
      vertex 4.5 69.2 0
    endloop
  endfacet
  facet normal 0 0 1
    outer loop
      vertex 4.2781 69.1855 0
      vertex 4.16354 68.7557 0
      vertex 4.33032 68.7889 0
    endloop
  endfacet
  facet normal -0 0 1
    outer loop
      vertex 4.06001 69.1421 0
      vertex 4.16354 68.7557 0
      vertex 4.2781 69.1855 0
    endloop
  endfacet
  facet normal 0 0 1
    outer loop
      vertex 4.06001 69.1421 0
      vertex 4.00251 68.701 0
      vertex 4.16354 68.7557 0
    endloop
  endfacet
  facet normal -0 0 1
    outer loop
      vertex 3.84944 69.0706 0
      vertex 4.00251 68.701 0
      vertex 4.06001 69.1421 0
    endloop
  endfacet
  facet normal 0 0 1
    outer loop
      vertex 4.00251 68.701 0
      vertex 3.84944 69.0706 0
      vertex 3.85 68.6258 0
    endloop
  endfacet
  facet normal -0 0 1
    outer loop
      vertex 3.65 68.9722 0
      vertex 3.85 68.6258 0
      vertex 3.84944 69.0706 0
    endloop
  endfacet
  facet normal 0 0 1
    outer loop
      vertex 3.85 68.6258 0
      vertex 3.65 68.9722 0
      vertex 3.70861 68.5314 0
    endloop
  endfacet
  facet normal -0 0 1
    outer loop
      vertex 3.46511 68.8487 0
      vertex 3.70861 68.5314 0
      vertex 3.65 68.9722 0
    endloop
  endfacet
  facet normal 0 0 1
    outer loop
      vertex 3.70861 68.5314 0
      vertex 3.46511 68.8487 0
      vertex 3.58076 68.4192 0
    endloop
  endfacet
  facet normal -0 0 1
    outer loop
      vertex 3.29792 68.7021 0
      vertex 3.58076 68.4192 0
      vertex 3.46511 68.8487 0
    endloop
  endfacet
  facet normal 0 0 1
    outer loop
      vertex 3.58076 68.4192 0
      vertex 3.29792 68.7021 0
      vertex 3.46864 68.2914 0
    endloop
  endfacet
  facet normal -0 0 1
    outer loop
      vertex 3.1513 68.5349 0
      vertex 3.46864 68.2914 0
      vertex 3.29792 68.7021 0
    endloop
  endfacet
  facet normal 0 0 1
    outer loop
      vertex 3.46864 68.2914 0
      vertex 3.1513 68.5349 0
      vertex 3.37417 68.15 0
    endloop
  endfacet
  facet normal -0 0 1
    outer loop
      vertex 3.02776 68.35 0
      vertex 3.37417 68.15 0
      vertex 3.1513 68.5349 0
    endloop
  endfacet
  facet normal 0 0 1
    outer loop
      vertex 3.37417 68.15 0
      vertex 3.02776 68.35 0
      vertex 3.29896 67.9975 0
    endloop
  endfacet
  facet normal 0 0 1
    outer loop
      vertex 3.29896 67.9975 0
      vertex 2.9294 68.1506 0
      vertex 3.2443 67.8365 0
    endloop
  endfacet
  facet normal -0 0 1
    outer loop
      vertex 2.9294 68.1506 0
      vertex 3.29896 67.9975 0
      vertex 3.02776 68.35 0
    endloop
  endfacet
  facet normal -0 0 1
    outer loop
      vertex 5.70104 67.0025 0
      vertex 6.07059 66.8494 0
      vertex 5.7557 67.1635 0
    endloop
  endfacet
  facet normal 0 0 1
    outer loop
      vertex 6.07059 66.8494 0
      vertex 5.70104 67.0025 0
      vertex 5.97224 66.65 0
    endloop
  endfacet
  facet normal -0 0 1
    outer loop
      vertex 5.62583 66.85 0
      vertex 5.97224 66.65 0
      vertex 5.70104 67.0025 0
    endloop
  endfacet
  facet normal 0 0 1
    outer loop
      vertex 5.97224 66.65 0
      vertex 5.62583 66.85 0
      vertex 5.8487 66.4651 0
    endloop
  endfacet
  facet normal -0 0 1
    outer loop
      vertex 5.53136 66.7086 0
      vertex 5.8487 66.4651 0
      vertex 5.62583 66.85 0
    endloop
  endfacet
  facet normal 0 0 1
    outer loop
      vertex 5.8487 66.4651 0
      vertex 5.53136 66.7086 0
      vertex 5.70208 66.2979 0
    endloop
  endfacet
  facet normal -0 0 1
    outer loop
      vertex 5.41924 66.5808 0
      vertex 5.70208 66.2979 0
      vertex 5.53136 66.7086 0
    endloop
  endfacet
  facet normal 0 0 1
    outer loop
      vertex 5.70208 66.2979 0
      vertex 5.41924 66.5808 0
      vertex 5.53489 66.1513 0
    endloop
  endfacet
  facet normal -0 0 1
    outer loop
      vertex 5.29139 66.4686 0
      vertex 5.53489 66.1513 0
      vertex 5.41924 66.5808 0
    endloop
  endfacet
  facet normal 0 0 1
    outer loop
      vertex 5.53489 66.1513 0
      vertex 5.29139 66.4686 0
      vertex 5.35 66.0278 0
    endloop
  endfacet
  facet normal -0 0 1
    outer loop
      vertex 5.15 66.3742 0
      vertex 5.35 66.0278 0
      vertex 5.29139 66.4686 0
    endloop
  endfacet
  facet normal 0 0 1
    outer loop
      vertex 5.35 66.0278 0
      vertex 5.15 66.3742 0
      vertex 5.15056 65.9294 0
    endloop
  endfacet
  facet normal -0 0 1
    outer loop
      vertex 4.99749 66.299 0
      vertex 5.15056 65.9294 0
      vertex 5.15 66.3742 0
    endloop
  endfacet
  facet normal 0 0 1
    outer loop
      vertex 4.99749 66.299 0
      vertex 4.93999 65.8579 0
      vertex 5.15056 65.9294 0
    endloop
  endfacet
  facet normal -0 0 1
    outer loop
      vertex 4.83646 66.2443 0
      vertex 4.93999 65.8579 0
      vertex 4.99749 66.299 0
    endloop
  endfacet
  facet normal 0 0 1
    outer loop
      vertex 4.83646 66.2443 0
      vertex 4.72189 65.8145 0
      vertex 4.93999 65.8579 0
    endloop
  endfacet
  facet normal -0 0 1
    outer loop
      vertex 4.66968 66.2111 0
      vertex 4.72189 65.8145 0
      vertex 4.83646 66.2443 0
    endloop
  endfacet
  facet normal -0 0 1
    outer loop
      vertex 4.5 66.2 0
      vertex 4.72189 65.8145 0
      vertex 4.66968 66.2111 0
    endloop
  endfacet
  facet normal 0 0 1
    outer loop
      vertex 4.5 66.2 0
      vertex 4.5 65.8 0
      vertex 4.72189 65.8145 0
    endloop
  endfacet
  facet normal 0 0 1
    outer loop
      vertex 4.33032 66.2111 0
      vertex 4.5 65.8 0
      vertex 4.5 66.2 0
    endloop
  endfacet
  facet normal 0 0 1
    outer loop
      vertex 4.33032 66.2111 0
      vertex 4.2781 65.8145 0
      vertex 4.5 65.8 0
    endloop
  endfacet
  facet normal 0 0 1
    outer loop
      vertex 4.16354 66.2443 0
      vertex 4.2781 65.8145 0
      vertex 4.33032 66.2111 0
    endloop
  endfacet
  facet normal 0 0 1
    outer loop
      vertex 4.16354 66.2443 0
      vertex 4.06001 65.8579 0
      vertex 4.2781 65.8145 0
    endloop
  endfacet
  facet normal 0 0 1
    outer loop
      vertex 4.00251 66.299 0
      vertex 4.06001 65.8579 0
      vertex 4.16354 66.2443 0
    endloop
  endfacet
  facet normal 0 0 1
    outer loop
      vertex 3.84944 65.9294 0
      vertex 4.00251 66.299 0
      vertex 3.85 66.3742 0
    endloop
  endfacet
  facet normal 0 0 1
    outer loop
      vertex 4.00251 66.299 0
      vertex 3.84944 65.9294 0
      vertex 4.06001 65.8579 0
    endloop
  endfacet
  facet normal 0 0 1
    outer loop
      vertex 3.65 66.0278 0
      vertex 3.85 66.3742 0
      vertex 3.70861 66.4686 0
    endloop
  endfacet
  facet normal 0 0 1
    outer loop
      vertex 3.85 66.3742 0
      vertex 3.65 66.0278 0
      vertex 3.84944 65.9294 0
    endloop
  endfacet
  facet normal 0 0 1
    outer loop
      vertex 3.46511 66.1513 0
      vertex 3.70861 66.4686 0
      vertex 3.58076 66.5808 0
    endloop
  endfacet
  facet normal 0 0 1
    outer loop
      vertex 3.29792 66.2979 0
      vertex 3.58076 66.5808 0
      vertex 3.46864 66.7086 0
    endloop
  endfacet
  facet normal 0 0 1
    outer loop
      vertex 3.70861 66.4686 0
      vertex 3.46511 66.1513 0
      vertex 3.65 66.0278 0
    endloop
  endfacet
  facet normal 0 0 1
    outer loop
      vertex 3.1513 66.4651 0
      vertex 3.46864 66.7086 0
      vertex 3.37417 66.85 0
    endloop
  endfacet
  facet normal 0 0 1
    outer loop
      vertex 3.02776 66.65 0
      vertex 3.37417 66.85 0
      vertex 3.29896 67.0025 0
    endloop
  endfacet
  facet normal 0 0 1
    outer loop
      vertex 3.58076 66.5808 0
      vertex 3.29792 66.2979 0
      vertex 3.46511 66.1513 0
    endloop
  endfacet
  facet normal 0 0 1
    outer loop
      vertex 2.9294 66.8494 0
      vertex 3.29896 67.0025 0
      vertex 3.2443 67.1635 0
    endloop
  endfacet
  facet normal 0 0 1
    outer loop
      vertex 2.85793 67.06 0
      vertex 3.2443 67.1635 0
      vertex 3.21112 67.3303 0
    endloop
  endfacet
  facet normal 0 0 1
    outer loop
      vertex 3.46864 66.7086 0
      vertex 3.1513 66.4651 0
      vertex 3.29792 66.2979 0
    endloop
  endfacet
  facet normal 0 0 1
    outer loop
      vertex 2.81454 67.2781 0
      vertex 3.21112 67.3303 0
      vertex 3.2 67.5 0
    endloop
  endfacet
  facet normal -0 0 1
    outer loop
      vertex 2.85793 67.94 0
      vertex 3.2443 67.8365 0
      vertex 2.9294 68.1506 0
    endloop
  endfacet
  facet normal 0 0 1
    outer loop
      vertex 3.2443 67.8365 0
      vertex 2.85793 67.94 0
      vertex 3.21112 67.6697 0
    endloop
  endfacet
  facet normal 0 0 1
    outer loop
      vertex 3.37417 66.85 0
      vertex 3.02776 66.65 0
      vertex 3.1513 66.4651 0
    endloop
  endfacet
  facet normal -0 0 1
    outer loop
      vertex 2.81454 67.7219 0
      vertex 3.21112 67.6697 0
      vertex 2.85793 67.94 0
    endloop
  endfacet
  facet normal 0 0 1
    outer loop
      vertex 3.29896 67.0025 0
      vertex 2.9294 66.8494 0
      vertex 3.02776 66.65 0
    endloop
  endfacet
  facet normal 0 0 1
    outer loop
      vertex 3.21112 67.6697 0
      vertex 2.81454 67.7219 0
      vertex 3.2 67.5 0
    endloop
  endfacet
  facet normal 0 0 1
    outer loop
      vertex 3.2443 67.1635 0
      vertex 2.85793 67.06 0
      vertex 2.9294 66.8494 0
    endloop
  endfacet
  facet normal 0 0 1
    outer loop
      vertex 2.8 67.5 0
      vertex 3.2 67.5 0
      vertex 2.81454 67.7219 0
    endloop
  endfacet
  facet normal 0 0 1
    outer loop
      vertex 3.21112 67.3303 0
      vertex 2.81454 67.2781 0
      vertex 2.85793 67.06 0
    endloop
  endfacet
  facet normal 0 0 1
    outer loop
      vertex 3.2 67.5 0
      vertex 2.8 67.5 0
      vertex 2.81454 67.2781 0
    endloop
  endfacet
  facet normal 0 0 1
    outer loop
      vertex 80.8 4.5 0
      vertex 81.2 4.5 0
      vertex 81.1855 4.72189 0
    endloop
  endfacet
  facet normal 0 0 1
    outer loop
      vertex 80.7889 4.66968 0
      vertex 81.1855 4.72189 0
      vertex 81.1421 4.93999 0
    endloop
  endfacet
  facet normal 0 0 1
    outer loop
      vertex 81.2 4.5 0
      vertex 80.8 4.5 0
      vertex 81.1855 4.2781 0
    endloop
  endfacet
  facet normal 0 0 1
    outer loop
      vertex 80.7557 4.83646 0
      vertex 81.1421 4.93999 0
      vertex 81.0706 5.15056 0
    endloop
  endfacet
  facet normal -0 0 1
    outer loop
      vertex 80.7889 4.33032 0
      vertex 81.1855 4.2781 0
      vertex 80.8 4.5 0
    endloop
  endfacet
  facet normal 0 0 1
    outer loop
      vertex 80.701 4.99749 0
      vertex 81.0706 5.15056 0
      vertex 80.9722 5.35 0
    endloop
  endfacet
  facet normal 0 0 1
    outer loop
      vertex 81.1855 4.2781 0
      vertex 80.7889 4.33032 0
      vertex 81.1421 4.06001 0
    endloop
  endfacet
  facet normal 0 0 1
    outer loop
      vertex 80.6258 5.15 0
      vertex 80.9722 5.35 0
      vertex 80.8487 5.53489 0
    endloop
  endfacet
  facet normal -0 0 1
    outer loop
      vertex 80.7557 4.16354 0
      vertex 81.1421 4.06001 0
      vertex 80.7889 4.33032 0
    endloop
  endfacet
  facet normal 0 0 1
    outer loop
      vertex 81.1421 4.06001 0
      vertex 80.7557 4.16354 0
      vertex 81.0706 3.84944 0
    endloop
  endfacet
  facet normal 0 0 1
    outer loop
      vertex 81.1855 4.72189 0
      vertex 80.7889 4.66968 0
      vertex 80.8 4.5 0
    endloop
  endfacet
  facet normal 0 0 1
    outer loop
      vertex 81.1421 4.93999 0
      vertex 80.7557 4.83646 0
      vertex 80.7889 4.66968 0
    endloop
  endfacet
  facet normal 0 0 1
    outer loop
      vertex 80.5314 5.29139 0
      vertex 80.8487 5.53489 0
      vertex 80.7021 5.70208 0
    endloop
  endfacet
  facet normal 0 0 1
    outer loop
      vertex 81.0706 5.15056 0
      vertex 80.701 4.99749 0
      vertex 80.7557 4.83646 0
    endloop
  endfacet
  facet normal 0 0 1
    outer loop
      vertex 80.9722 5.35 0
      vertex 80.6258 5.15 0
      vertex 80.701 4.99749 0
    endloop
  endfacet
  facet normal 0 0 1
    outer loop
      vertex 80.4192 5.41924 0
      vertex 80.7021 5.70208 0
      vertex 80.5349 5.8487 0
    endloop
  endfacet
  facet normal 0 0 1
    outer loop
      vertex 80.8487 5.53489 0
      vertex 80.5314 5.29139 0
      vertex 80.6258 5.15 0
    endloop
  endfacet
  facet normal 0 0 1
    outer loop
      vertex 80.7021 5.70208 0
      vertex 80.4192 5.41924 0
      vertex 80.5314 5.29139 0
    endloop
  endfacet
  facet normal 0 0 1
    outer loop
      vertex 80.2914 5.53136 0
      vertex 80.5349 5.8487 0
      vertex 80.35 5.97224 0
    endloop
  endfacet
  facet normal 0 0 1
    outer loop
      vertex 80.5349 5.8487 0
      vertex 80.2914 5.53136 0
      vertex 80.4192 5.41924 0
    endloop
  endfacet
  facet normal 0 0 1
    outer loop
      vertex 80.15 5.62583 0
      vertex 80.35 5.97224 0
      vertex 80.1506 6.07059 0
    endloop
  endfacet
  facet normal 0 0 1
    outer loop
      vertex 80.35 5.97224 0
      vertex 80.15 5.62583 0
      vertex 80.2914 5.53136 0
    endloop
  endfacet
  facet normal 0 0 1
    outer loop
      vertex 80.1506 6.07059 0
      vertex 79.9975 5.70104 0
      vertex 80.15 5.62583 0
    endloop
  endfacet
  facet normal 0 0 1
    outer loop
      vertex 79.94 6.14207 0
      vertex 79.9975 5.70104 0
      vertex 80.1506 6.07059 0
    endloop
  endfacet
  facet normal 0 0 1
    outer loop
      vertex 79.94 6.14207 0
      vertex 79.8365 5.7557 0
      vertex 79.9975 5.70104 0
    endloop
  endfacet
  facet normal 0 0 1
    outer loop
      vertex 79.7219 6.18546 0
      vertex 79.8365 5.7557 0
      vertex 79.94 6.14207 0
    endloop
  endfacet
  facet normal 0 0 1
    outer loop
      vertex 79.7219 6.18546 0
      vertex 79.6697 5.78888 0
      vertex 79.8365 5.7557 0
    endloop
  endfacet
  facet normal 0 0 1
    outer loop
      vertex 79.5 6.2 0
      vertex 79.6697 5.78888 0
      vertex 79.7219 6.18546 0
    endloop
  endfacet
  facet normal 0 0 1
    outer loop
      vertex 79.5 6.2 0
      vertex 79.5 5.8 0
      vertex 79.6697 5.78888 0
    endloop
  endfacet
  facet normal 0 0 1
    outer loop
      vertex 79.5 6.2 0
      vertex 79.3303 5.78888 0
      vertex 79.5 5.8 0
    endloop
  endfacet
  facet normal -0 0 1
    outer loop
      vertex 79.2781 6.18546 0
      vertex 79.3303 5.78888 0
      vertex 79.5 6.2 0
    endloop
  endfacet
  facet normal 0 0 1
    outer loop
      vertex 79.2781 6.18546 0
      vertex 79.1635 5.7557 0
      vertex 79.3303 5.78888 0
    endloop
  endfacet
  facet normal -0 0 1
    outer loop
      vertex 79.06 6.14207 0
      vertex 79.1635 5.7557 0
      vertex 79.2781 6.18546 0
    endloop
  endfacet
  facet normal 0 0 1
    outer loop
      vertex 79.06 6.14207 0
      vertex 79.0025 5.70104 0
      vertex 79.1635 5.7557 0
    endloop
  endfacet
  facet normal -0 0 1
    outer loop
      vertex 78.8494 6.07059 0
      vertex 79.0025 5.70104 0
      vertex 79.06 6.14207 0
    endloop
  endfacet
  facet normal 0 0 1
    outer loop
      vertex 79.0025 5.70104 0
      vertex 78.8494 6.07059 0
      vertex 78.85 5.62583 0
    endloop
  endfacet
  facet normal -0 0 1
    outer loop
      vertex 78.65 5.97224 0
      vertex 78.85 5.62583 0
      vertex 78.8494 6.07059 0
    endloop
  endfacet
  facet normal 0 0 1
    outer loop
      vertex 78.85 5.62583 0
      vertex 78.65 5.97224 0
      vertex 78.7086 5.53136 0
    endloop
  endfacet
  facet normal -0 0 1
    outer loop
      vertex 78.4651 5.8487 0
      vertex 78.7086 5.53136 0
      vertex 78.65 5.97224 0
    endloop
  endfacet
  facet normal 0 0 1
    outer loop
      vertex 78.7086 5.53136 0
      vertex 78.4651 5.8487 0
      vertex 78.5808 5.41924 0
    endloop
  endfacet
  facet normal -0 0 1
    outer loop
      vertex 78.2979 5.70208 0
      vertex 78.5808 5.41924 0
      vertex 78.4651 5.8487 0
    endloop
  endfacet
  facet normal 0 0 1
    outer loop
      vertex 78.5808 5.41924 0
      vertex 78.2979 5.70208 0
      vertex 78.4686 5.29139 0
    endloop
  endfacet
  facet normal -0 0 1
    outer loop
      vertex 78.1513 5.53489 0
      vertex 78.4686 5.29139 0
      vertex 78.2979 5.70208 0
    endloop
  endfacet
  facet normal 0 0 1
    outer loop
      vertex 78.4686 5.29139 0
      vertex 78.1513 5.53489 0
      vertex 78.3742 5.15 0
    endloop
  endfacet
  facet normal -0 0 1
    outer loop
      vertex 78.0278 5.35 0
      vertex 78.3742 5.15 0
      vertex 78.1513 5.53489 0
    endloop
  endfacet
  facet normal 0 0 1
    outer loop
      vertex 78.3742 5.15 0
      vertex 78.0278 5.35 0
      vertex 78.299 4.99749 0
    endloop
  endfacet
  facet normal 0 0 1
    outer loop
      vertex 78.299 4.99749 0
      vertex 77.9294 5.15056 0
      vertex 78.2443 4.83646 0
    endloop
  endfacet
  facet normal -0 0 1
    outer loop
      vertex 77.9294 5.15056 0
      vertex 78.299 4.99749 0
      vertex 78.0278 5.35 0
    endloop
  endfacet
  facet normal -0 0 1
    outer loop
      vertex 80.701 4.00251 0
      vertex 81.0706 3.84944 0
      vertex 80.7557 4.16354 0
    endloop
  endfacet
  facet normal 0 0 1
    outer loop
      vertex 81.0706 3.84944 0
      vertex 80.701 4.00251 0
      vertex 80.9722 3.65 0
    endloop
  endfacet
  facet normal -0 0 1
    outer loop
      vertex 80.6258 3.85 0
      vertex 80.9722 3.65 0
      vertex 80.701 4.00251 0
    endloop
  endfacet
  facet normal 0 0 1
    outer loop
      vertex 80.9722 3.65 0
      vertex 80.6258 3.85 0
      vertex 80.8487 3.46511 0
    endloop
  endfacet
  facet normal -0 0 1
    outer loop
      vertex 80.5314 3.70861 0
      vertex 80.8487 3.46511 0
      vertex 80.6258 3.85 0
    endloop
  endfacet
  facet normal 0 0 1
    outer loop
      vertex 80.8487 3.46511 0
      vertex 80.5314 3.70861 0
      vertex 80.7021 3.29792 0
    endloop
  endfacet
  facet normal -0 0 1
    outer loop
      vertex 80.4192 3.58076 0
      vertex 80.7021 3.29792 0
      vertex 80.5314 3.70861 0
    endloop
  endfacet
  facet normal 0 0 1
    outer loop
      vertex 80.7021 3.29792 0
      vertex 80.4192 3.58076 0
      vertex 80.5349 3.1513 0
    endloop
  endfacet
  facet normal -0 0 1
    outer loop
      vertex 80.2914 3.46864 0
      vertex 80.5349 3.1513 0
      vertex 80.4192 3.58076 0
    endloop
  endfacet
  facet normal 0 0 1
    outer loop
      vertex 80.5349 3.1513 0
      vertex 80.2914 3.46864 0
      vertex 80.35 3.02776 0
    endloop
  endfacet
  facet normal -0 0 1
    outer loop
      vertex 80.15 3.37417 0
      vertex 80.35 3.02776 0
      vertex 80.2914 3.46864 0
    endloop
  endfacet
  facet normal 0 0 1
    outer loop
      vertex 80.35 3.02776 0
      vertex 80.15 3.37417 0
      vertex 80.1506 2.9294 0
    endloop
  endfacet
  facet normal -0 0 1
    outer loop
      vertex 79.9975 3.29896 0
      vertex 80.1506 2.9294 0
      vertex 80.15 3.37417 0
    endloop
  endfacet
  facet normal 0 0 1
    outer loop
      vertex 79.9975 3.29896 0
      vertex 79.94 2.85793 0
      vertex 80.1506 2.9294 0
    endloop
  endfacet
  facet normal -0 0 1
    outer loop
      vertex 79.8365 3.2443 0
      vertex 79.94 2.85793 0
      vertex 79.9975 3.29896 0
    endloop
  endfacet
  facet normal 0 0 1
    outer loop
      vertex 79.8365 3.2443 0
      vertex 79.7219 2.81454 0
      vertex 79.94 2.85793 0
    endloop
  endfacet
  facet normal -0 0 1
    outer loop
      vertex 79.6697 3.21112 0
      vertex 79.7219 2.81454 0
      vertex 79.8365 3.2443 0
    endloop
  endfacet
  facet normal -0 0 1
    outer loop
      vertex 79.5 3.2 0
      vertex 79.7219 2.81454 0
      vertex 79.6697 3.21112 0
    endloop
  endfacet
  facet normal 0 0 1
    outer loop
      vertex 79.5 3.2 0
      vertex 79.5 2.8 0
      vertex 79.7219 2.81454 0
    endloop
  endfacet
  facet normal 0 0 1
    outer loop
      vertex 79.3303 3.21112 0
      vertex 79.5 2.8 0
      vertex 79.5 3.2 0
    endloop
  endfacet
  facet normal 0 0 1
    outer loop
      vertex 79.3303 3.21112 0
      vertex 79.2781 2.81454 0
      vertex 79.5 2.8 0
    endloop
  endfacet
  facet normal 0 0 1
    outer loop
      vertex 79.1635 3.2443 0
      vertex 79.2781 2.81454 0
      vertex 79.3303 3.21112 0
    endloop
  endfacet
  facet normal 0 0 1
    outer loop
      vertex 79.1635 3.2443 0
      vertex 79.06 2.85793 0
      vertex 79.2781 2.81454 0
    endloop
  endfacet
  facet normal 0 0 1
    outer loop
      vertex 79.0025 3.29896 0
      vertex 79.06 2.85793 0
      vertex 79.1635 3.2443 0
    endloop
  endfacet
  facet normal 0 0 1
    outer loop
      vertex 78.8494 2.9294 0
      vertex 79.0025 3.29896 0
      vertex 78.85 3.37417 0
    endloop
  endfacet
  facet normal 0 0 1
    outer loop
      vertex 79.0025 3.29896 0
      vertex 78.8494 2.9294 0
      vertex 79.06 2.85793 0
    endloop
  endfacet
  facet normal 0 0 1
    outer loop
      vertex 78.65 3.02776 0
      vertex 78.85 3.37417 0
      vertex 78.7086 3.46864 0
    endloop
  endfacet
  facet normal 0 0 1
    outer loop
      vertex 78.85 3.37417 0
      vertex 78.65 3.02776 0
      vertex 78.8494 2.9294 0
    endloop
  endfacet
  facet normal 0 0 1
    outer loop
      vertex 78.4651 3.1513 0
      vertex 78.7086 3.46864 0
      vertex 78.5808 3.58076 0
    endloop
  endfacet
  facet normal 0 0 1
    outer loop
      vertex 78.2979 3.29792 0
      vertex 78.5808 3.58076 0
      vertex 78.4686 3.70861 0
    endloop
  endfacet
  facet normal 0 0 1
    outer loop
      vertex 78.7086 3.46864 0
      vertex 78.4651 3.1513 0
      vertex 78.65 3.02776 0
    endloop
  endfacet
  facet normal 0 0 1
    outer loop
      vertex 78.1513 3.46511 0
      vertex 78.4686 3.70861 0
      vertex 78.3742 3.85 0
    endloop
  endfacet
  facet normal 0 0 1
    outer loop
      vertex 78.0278 3.65 0
      vertex 78.3742 3.85 0
      vertex 78.299 4.00251 0
    endloop
  endfacet
  facet normal 0 0 1
    outer loop
      vertex 78.5808 3.58076 0
      vertex 78.2979 3.29792 0
      vertex 78.4651 3.1513 0
    endloop
  endfacet
  facet normal 0 0 1
    outer loop
      vertex 77.9294 3.84944 0
      vertex 78.299 4.00251 0
      vertex 78.2443 4.16354 0
    endloop
  endfacet
  facet normal 0 0 1
    outer loop
      vertex 77.8579 4.06001 0
      vertex 78.2443 4.16354 0
      vertex 78.2111 4.33032 0
    endloop
  endfacet
  facet normal 0 0 1
    outer loop
      vertex 78.4686 3.70861 0
      vertex 78.1513 3.46511 0
      vertex 78.2979 3.29792 0
    endloop
  endfacet
  facet normal 0 0 1
    outer loop
      vertex 77.8145 4.2781 0
      vertex 78.2111 4.33032 0
      vertex 78.2 4.5 0
    endloop
  endfacet
  facet normal -0 0 1
    outer loop
      vertex 77.8579 4.93999 0
      vertex 78.2443 4.83646 0
      vertex 77.9294 5.15056 0
    endloop
  endfacet
  facet normal 0 0 1
    outer loop
      vertex 78.2443 4.83646 0
      vertex 77.8579 4.93999 0
      vertex 78.2111 4.66968 0
    endloop
  endfacet
  facet normal 0 0 1
    outer loop
      vertex 78.3742 3.85 0
      vertex 78.0278 3.65 0
      vertex 78.1513 3.46511 0
    endloop
  endfacet
  facet normal -0 0 1
    outer loop
      vertex 77.8145 4.72189 0
      vertex 78.2111 4.66968 0
      vertex 77.8579 4.93999 0
    endloop
  endfacet
  facet normal 0 0 1
    outer loop
      vertex 78.299 4.00251 0
      vertex 77.9294 3.84944 0
      vertex 78.0278 3.65 0
    endloop
  endfacet
  facet normal 0 0 1
    outer loop
      vertex 78.2111 4.66968 0
      vertex 77.8145 4.72189 0
      vertex 78.2 4.5 0
    endloop
  endfacet
  facet normal 0 0 1
    outer loop
      vertex 78.2443 4.16354 0
      vertex 77.8579 4.06001 0
      vertex 77.9294 3.84944 0
    endloop
  endfacet
  facet normal 0 0 1
    outer loop
      vertex 77.8 4.5 0
      vertex 78.2 4.5 0
      vertex 77.8145 4.72189 0
    endloop
  endfacet
  facet normal 0 0 1
    outer loop
      vertex 78.2111 4.33032 0
      vertex 77.8145 4.2781 0
      vertex 77.8579 4.06001 0
    endloop
  endfacet
  facet normal 0 0 1
    outer loop
      vertex 78.2 4.5 0
      vertex 77.8 4.5 0
      vertex 77.8145 4.2781 0
    endloop
  endfacet
  facet normal 0 0 1
    outer loop
      vertex 80.8 67.5 0
      vertex 81.2 67.5 0
      vertex 81.1855 67.7219 0
    endloop
  endfacet
  facet normal 0 0 1
    outer loop
      vertex 80.7889 67.6697 0
      vertex 81.1855 67.7219 0
      vertex 81.1421 67.94 0
    endloop
  endfacet
  facet normal 0 0 1
    outer loop
      vertex 81.2 67.5 0
      vertex 80.8 67.5 0
      vertex 81.1855 67.2781 0
    endloop
  endfacet
  facet normal 0 0 1
    outer loop
      vertex 80.7557 67.8365 0
      vertex 81.1421 67.94 0
      vertex 81.0706 68.1506 0
    endloop
  endfacet
  facet normal -0 0 1
    outer loop
      vertex 80.7889 67.3303 0
      vertex 81.1855 67.2781 0
      vertex 80.8 67.5 0
    endloop
  endfacet
  facet normal 0 0 1
    outer loop
      vertex 80.701 67.9975 0
      vertex 81.0706 68.1506 0
      vertex 80.9722 68.35 0
    endloop
  endfacet
  facet normal 0 0 1
    outer loop
      vertex 81.1855 67.2781 0
      vertex 80.7889 67.3303 0
      vertex 81.1421 67.06 0
    endloop
  endfacet
  facet normal 0 0 1
    outer loop
      vertex 80.6258 68.15 0
      vertex 80.9722 68.35 0
      vertex 80.8487 68.5349 0
    endloop
  endfacet
  facet normal -0 0 1
    outer loop
      vertex 80.7557 67.1635 0
      vertex 81.1421 67.06 0
      vertex 80.7889 67.3303 0
    endloop
  endfacet
  facet normal 0 0 1
    outer loop
      vertex 81.1421 67.06 0
      vertex 80.7557 67.1635 0
      vertex 81.0706 66.8494 0
    endloop
  endfacet
  facet normal 0 0 1
    outer loop
      vertex 81.1855 67.7219 0
      vertex 80.7889 67.6697 0
      vertex 80.8 67.5 0
    endloop
  endfacet
  facet normal 0 0 1
    outer loop
      vertex 81.1421 67.94 0
      vertex 80.7557 67.8365 0
      vertex 80.7889 67.6697 0
    endloop
  endfacet
  facet normal 0 0 1
    outer loop
      vertex 80.5314 68.2914 0
      vertex 80.8487 68.5349 0
      vertex 80.7021 68.7021 0
    endloop
  endfacet
  facet normal 0 0 1
    outer loop
      vertex 81.0706 68.1506 0
      vertex 80.701 67.9975 0
      vertex 80.7557 67.8365 0
    endloop
  endfacet
  facet normal 0 0 1
    outer loop
      vertex 80.9722 68.35 0
      vertex 80.6258 68.15 0
      vertex 80.701 67.9975 0
    endloop
  endfacet
  facet normal 0 0 1
    outer loop
      vertex 80.4192 68.4192 0
      vertex 80.7021 68.7021 0
      vertex 80.5349 68.8487 0
    endloop
  endfacet
  facet normal 0 0 1
    outer loop
      vertex 80.8487 68.5349 0
      vertex 80.5314 68.2914 0
      vertex 80.6258 68.15 0
    endloop
  endfacet
  facet normal 0 0 1
    outer loop
      vertex 80.7021 68.7021 0
      vertex 80.4192 68.4192 0
      vertex 80.5314 68.2914 0
    endloop
  endfacet
  facet normal 0 0 1
    outer loop
      vertex 80.2914 68.5314 0
      vertex 80.5349 68.8487 0
      vertex 80.35 68.9722 0
    endloop
  endfacet
  facet normal 0 0 1
    outer loop
      vertex 80.5349 68.8487 0
      vertex 80.2914 68.5314 0
      vertex 80.4192 68.4192 0
    endloop
  endfacet
  facet normal 0 0 1
    outer loop
      vertex 80.15 68.6258 0
      vertex 80.35 68.9722 0
      vertex 80.1506 69.0706 0
    endloop
  endfacet
  facet normal 0 0 1
    outer loop
      vertex 80.35 68.9722 0
      vertex 80.15 68.6258 0
      vertex 80.2914 68.5314 0
    endloop
  endfacet
  facet normal 0 0 1
    outer loop
      vertex 80.1506 69.0706 0
      vertex 79.9975 68.701 0
      vertex 80.15 68.6258 0
    endloop
  endfacet
  facet normal 0 0 1
    outer loop
      vertex 79.94 69.1421 0
      vertex 79.9975 68.701 0
      vertex 80.1506 69.0706 0
    endloop
  endfacet
  facet normal 0 0 1
    outer loop
      vertex 79.94 69.1421 0
      vertex 79.8365 68.7557 0
      vertex 79.9975 68.701 0
    endloop
  endfacet
  facet normal 0 0 1
    outer loop
      vertex 79.7219 69.1855 0
      vertex 79.8365 68.7557 0
      vertex 79.94 69.1421 0
    endloop
  endfacet
  facet normal 0 0 1
    outer loop
      vertex 79.7219 69.1855 0
      vertex 79.6697 68.7889 0
      vertex 79.8365 68.7557 0
    endloop
  endfacet
  facet normal 0 0 1
    outer loop
      vertex 79.5 69.2 0
      vertex 79.6697 68.7889 0
      vertex 79.7219 69.1855 0
    endloop
  endfacet
  facet normal 0 0 1
    outer loop
      vertex 79.5 69.2 0
      vertex 79.5 68.8 0
      vertex 79.6697 68.7889 0
    endloop
  endfacet
  facet normal 0 0 1
    outer loop
      vertex 79.5 69.2 0
      vertex 79.3303 68.7889 0
      vertex 79.5 68.8 0
    endloop
  endfacet
  facet normal -0 0 1
    outer loop
      vertex 79.2781 69.1855 0
      vertex 79.3303 68.7889 0
      vertex 79.5 69.2 0
    endloop
  endfacet
  facet normal 0 0 1
    outer loop
      vertex 79.2781 69.1855 0
      vertex 79.1635 68.7557 0
      vertex 79.3303 68.7889 0
    endloop
  endfacet
  facet normal -0 0 1
    outer loop
      vertex 79.06 69.1421 0
      vertex 79.1635 68.7557 0
      vertex 79.2781 69.1855 0
    endloop
  endfacet
  facet normal 0 0 1
    outer loop
      vertex 79.06 69.1421 0
      vertex 79.0025 68.701 0
      vertex 79.1635 68.7557 0
    endloop
  endfacet
  facet normal -0 0 1
    outer loop
      vertex 78.8494 69.0706 0
      vertex 79.0025 68.701 0
      vertex 79.06 69.1421 0
    endloop
  endfacet
  facet normal 0 0 1
    outer loop
      vertex 79.0025 68.701 0
      vertex 78.8494 69.0706 0
      vertex 78.85 68.6258 0
    endloop
  endfacet
  facet normal -0 0 1
    outer loop
      vertex 78.65 68.9722 0
      vertex 78.85 68.6258 0
      vertex 78.8494 69.0706 0
    endloop
  endfacet
  facet normal 0 0 1
    outer loop
      vertex 78.85 68.6258 0
      vertex 78.65 68.9722 0
      vertex 78.7086 68.5314 0
    endloop
  endfacet
  facet normal -0 0 1
    outer loop
      vertex 78.4651 68.8487 0
      vertex 78.7086 68.5314 0
      vertex 78.65 68.9722 0
    endloop
  endfacet
  facet normal 0 0 1
    outer loop
      vertex 78.7086 68.5314 0
      vertex 78.4651 68.8487 0
      vertex 78.5808 68.4192 0
    endloop
  endfacet
  facet normal -0 0 1
    outer loop
      vertex 78.2979 68.7021 0
      vertex 78.5808 68.4192 0
      vertex 78.4651 68.8487 0
    endloop
  endfacet
  facet normal 0 0 1
    outer loop
      vertex 78.5808 68.4192 0
      vertex 78.2979 68.7021 0
      vertex 78.4686 68.2914 0
    endloop
  endfacet
  facet normal -0 0 1
    outer loop
      vertex 78.1513 68.5349 0
      vertex 78.4686 68.2914 0
      vertex 78.2979 68.7021 0
    endloop
  endfacet
  facet normal 0 0 1
    outer loop
      vertex 78.4686 68.2914 0
      vertex 78.1513 68.5349 0
      vertex 78.3742 68.15 0
    endloop
  endfacet
  facet normal -0 0 1
    outer loop
      vertex 78.0278 68.35 0
      vertex 78.3742 68.15 0
      vertex 78.1513 68.5349 0
    endloop
  endfacet
  facet normal 0 0 1
    outer loop
      vertex 78.3742 68.15 0
      vertex 78.0278 68.35 0
      vertex 78.299 67.9975 0
    endloop
  endfacet
  facet normal 0 0 1
    outer loop
      vertex 78.299 67.9975 0
      vertex 77.9294 68.1506 0
      vertex 78.2443 67.8365 0
    endloop
  endfacet
  facet normal -0 0 1
    outer loop
      vertex 77.9294 68.1506 0
      vertex 78.299 67.9975 0
      vertex 78.0278 68.35 0
    endloop
  endfacet
  facet normal -0 0 1
    outer loop
      vertex 80.701 67.0025 0
      vertex 81.0706 66.8494 0
      vertex 80.7557 67.1635 0
    endloop
  endfacet
  facet normal 0 0 1
    outer loop
      vertex 81.0706 66.8494 0
      vertex 80.701 67.0025 0
      vertex 80.9722 66.65 0
    endloop
  endfacet
  facet normal -0 0 1
    outer loop
      vertex 80.6258 66.85 0
      vertex 80.9722 66.65 0
      vertex 80.701 67.0025 0
    endloop
  endfacet
  facet normal 0 0 1
    outer loop
      vertex 80.9722 66.65 0
      vertex 80.6258 66.85 0
      vertex 80.8487 66.4651 0
    endloop
  endfacet
  facet normal -0 0 1
    outer loop
      vertex 80.5314 66.7086 0
      vertex 80.8487 66.4651 0
      vertex 80.6258 66.85 0
    endloop
  endfacet
  facet normal 0 0 1
    outer loop
      vertex 80.8487 66.4651 0
      vertex 80.5314 66.7086 0
      vertex 80.7021 66.2979 0
    endloop
  endfacet
  facet normal -0 0 1
    outer loop
      vertex 80.4192 66.5808 0
      vertex 80.7021 66.2979 0
      vertex 80.5314 66.7086 0
    endloop
  endfacet
  facet normal 0 0 1
    outer loop
      vertex 80.7021 66.2979 0
      vertex 80.4192 66.5808 0
      vertex 80.5349 66.1513 0
    endloop
  endfacet
  facet normal -0 0 1
    outer loop
      vertex 80.2914 66.4686 0
      vertex 80.5349 66.1513 0
      vertex 80.4192 66.5808 0
    endloop
  endfacet
  facet normal 0 0 1
    outer loop
      vertex 80.5349 66.1513 0
      vertex 80.2914 66.4686 0
      vertex 80.35 66.0278 0
    endloop
  endfacet
  facet normal -0 0 1
    outer loop
      vertex 80.15 66.3742 0
      vertex 80.35 66.0278 0
      vertex 80.2914 66.4686 0
    endloop
  endfacet
  facet normal 0 0 1
    outer loop
      vertex 80.35 66.0278 0
      vertex 80.15 66.3742 0
      vertex 80.1506 65.9294 0
    endloop
  endfacet
  facet normal -0 0 1
    outer loop
      vertex 79.9975 66.299 0
      vertex 80.1506 65.9294 0
      vertex 80.15 66.3742 0
    endloop
  endfacet
  facet normal 0 0 1
    outer loop
      vertex 79.9975 66.299 0
      vertex 79.94 65.8579 0
      vertex 80.1506 65.9294 0
    endloop
  endfacet
  facet normal -0 0 1
    outer loop
      vertex 79.8365 66.2443 0
      vertex 79.94 65.8579 0
      vertex 79.9975 66.299 0
    endloop
  endfacet
  facet normal 0 0 1
    outer loop
      vertex 79.8365 66.2443 0
      vertex 79.7219 65.8145 0
      vertex 79.94 65.8579 0
    endloop
  endfacet
  facet normal -0 0 1
    outer loop
      vertex 79.6697 66.2111 0
      vertex 79.7219 65.8145 0
      vertex 79.8365 66.2443 0
    endloop
  endfacet
  facet normal -0 0 1
    outer loop
      vertex 79.5 66.2 0
      vertex 79.7219 65.8145 0
      vertex 79.6697 66.2111 0
    endloop
  endfacet
  facet normal 0 0 1
    outer loop
      vertex 79.5 66.2 0
      vertex 79.5 65.8 0
      vertex 79.7219 65.8145 0
    endloop
  endfacet
  facet normal 0 0 1
    outer loop
      vertex 79.3303 66.2111 0
      vertex 79.5 65.8 0
      vertex 79.5 66.2 0
    endloop
  endfacet
  facet normal 0 0 1
    outer loop
      vertex 79.3303 66.2111 0
      vertex 79.2781 65.8145 0
      vertex 79.5 65.8 0
    endloop
  endfacet
  facet normal 0 0 1
    outer loop
      vertex 79.1635 66.2443 0
      vertex 79.2781 65.8145 0
      vertex 79.3303 66.2111 0
    endloop
  endfacet
  facet normal 0 0 1
    outer loop
      vertex 79.1635 66.2443 0
      vertex 79.06 65.8579 0
      vertex 79.2781 65.8145 0
    endloop
  endfacet
  facet normal 0 0 1
    outer loop
      vertex 79.0025 66.299 0
      vertex 79.06 65.8579 0
      vertex 79.1635 66.2443 0
    endloop
  endfacet
  facet normal 0 0 1
    outer loop
      vertex 78.8494 65.9294 0
      vertex 79.0025 66.299 0
      vertex 78.85 66.3742 0
    endloop
  endfacet
  facet normal 0 0 1
    outer loop
      vertex 79.0025 66.299 0
      vertex 78.8494 65.9294 0
      vertex 79.06 65.8579 0
    endloop
  endfacet
  facet normal 0 0 1
    outer loop
      vertex 78.65 66.0278 0
      vertex 78.85 66.3742 0
      vertex 78.7086 66.4686 0
    endloop
  endfacet
  facet normal 0 0 1
    outer loop
      vertex 78.85 66.3742 0
      vertex 78.65 66.0278 0
      vertex 78.8494 65.9294 0
    endloop
  endfacet
  facet normal 0 0 1
    outer loop
      vertex 78.4651 66.1513 0
      vertex 78.7086 66.4686 0
      vertex 78.5808 66.5808 0
    endloop
  endfacet
  facet normal 0 0 1
    outer loop
      vertex 78.2979 66.2979 0
      vertex 78.5808 66.5808 0
      vertex 78.4686 66.7086 0
    endloop
  endfacet
  facet normal 0 0 1
    outer loop
      vertex 78.7086 66.4686 0
      vertex 78.4651 66.1513 0
      vertex 78.65 66.0278 0
    endloop
  endfacet
  facet normal 0 0 1
    outer loop
      vertex 78.1513 66.4651 0
      vertex 78.4686 66.7086 0
      vertex 78.3742 66.85 0
    endloop
  endfacet
  facet normal 0 0 1
    outer loop
      vertex 78.0278 66.65 0
      vertex 78.3742 66.85 0
      vertex 78.299 67.0025 0
    endloop
  endfacet
  facet normal 0 0 1
    outer loop
      vertex 78.5808 66.5808 0
      vertex 78.2979 66.2979 0
      vertex 78.4651 66.1513 0
    endloop
  endfacet
  facet normal 0 0 1
    outer loop
      vertex 77.9294 66.8494 0
      vertex 78.299 67.0025 0
      vertex 78.2443 67.1635 0
    endloop
  endfacet
  facet normal 0 0 1
    outer loop
      vertex 77.8579 67.06 0
      vertex 78.2443 67.1635 0
      vertex 78.2111 67.3303 0
    endloop
  endfacet
  facet normal 0 0 1
    outer loop
      vertex 78.4686 66.7086 0
      vertex 78.1513 66.4651 0
      vertex 78.2979 66.2979 0
    endloop
  endfacet
  facet normal 0 0 1
    outer loop
      vertex 77.8145 67.2781 0
      vertex 78.2111 67.3303 0
      vertex 78.2 67.5 0
    endloop
  endfacet
  facet normal -0 0 1
    outer loop
      vertex 77.8579 67.94 0
      vertex 78.2443 67.8365 0
      vertex 77.9294 68.1506 0
    endloop
  endfacet
  facet normal 0 0 1
    outer loop
      vertex 78.2443 67.8365 0
      vertex 77.8579 67.94 0
      vertex 78.2111 67.6697 0
    endloop
  endfacet
  facet normal 0 0 1
    outer loop
      vertex 78.3742 66.85 0
      vertex 78.0278 66.65 0
      vertex 78.1513 66.4651 0
    endloop
  endfacet
  facet normal -0 0 1
    outer loop
      vertex 77.8145 67.7219 0
      vertex 78.2111 67.6697 0
      vertex 77.8579 67.94 0
    endloop
  endfacet
  facet normal 0 0 1
    outer loop
      vertex 78.299 67.0025 0
      vertex 77.9294 66.8494 0
      vertex 78.0278 66.65 0
    endloop
  endfacet
  facet normal 0 0 1
    outer loop
      vertex 78.2111 67.6697 0
      vertex 77.8145 67.7219 0
      vertex 78.2 67.5 0
    endloop
  endfacet
  facet normal 0 0 1
    outer loop
      vertex 78.2443 67.1635 0
      vertex 77.8579 67.06 0
      vertex 77.9294 66.8494 0
    endloop
  endfacet
  facet normal 0 0 1
    outer loop
      vertex 77.8 67.5 0
      vertex 78.2 67.5 0
      vertex 77.8145 67.7219 0
    endloop
  endfacet
  facet normal 0 0 1
    outer loop
      vertex 78.2111 67.3303 0
      vertex 77.8145 67.2781 0
      vertex 77.8579 67.06 0
    endloop
  endfacet
  facet normal 0 0 1
    outer loop
      vertex 78.2 67.5 0
      vertex 77.8 67.5 0
      vertex 77.8145 67.2781 0
    endloop
  endfacet
  facet normal 0 -1 0
    outer loop
      vertex 0 0 0
      vertex 84 0 1.5
      vertex 0 0 1.5
    endloop
  endfacet
  facet normal 0 -1 -0
    outer loop
      vertex 84 0 1.5
      vertex 0 0 0
      vertex 84 0 0
    endloop
  endfacet
  facet normal -0.997859 -0.0653948 0
    outer loop
      vertex 71.75 13 0
      vertex 71.6944 13.8484 1.5
      vertex 71.6944 13.8484 0
    endloop
  endfacet
  facet normal -0.997859 -0.0653948 0
    outer loop
      vertex 71.6944 13.8484 1.5
      vertex 71.75 13 0
      vertex 71.75 13 1.5
    endloop
  endfacet
  facet normal 0.0653948 -0.997859 0
    outer loop
      vertex 64.4016 19.4444 0
      vertex 65.25 19.5 1.5
      vertex 64.4016 19.4444 1.5
    endloop
  endfacet
  facet normal 0.0653948 -0.997859 0
    outer loop
      vertex 65.25 19.5 1.5
      vertex 64.4016 19.4444 0
      vertex 65.25 19.5 0
    endloop
  endfacet
  facet normal -0.659312 -0.75187 0
    outer loop
      vertex 69.2069 18.1568 0
      vertex 69.8462 17.5962 1.5
      vertex 69.2069 18.1568 1.5
    endloop
  endfacet
  facet normal -0.659312 -0.75187 -0
    outer loop
      vertex 69.8462 17.5962 1.5
      vertex 69.2069 18.1568 0
      vertex 69.8462 17.5962 0
    endloop
  endfacet
  facet normal 0.75187 -0.659312 0
    outer loop
      vertex 60.0932 16.9569 1.5
      vertex 60.6538 17.5962 0
      vertex 60.6538 17.5962 1.5
    endloop
  endfacet
  facet normal 0.75187 -0.659312 0
    outer loop
      vertex 60.6538 17.5962 0
      vertex 60.0932 16.9569 1.5
      vertex 60.0932 16.9569 0
    endloop
  endfacet
  facet normal 0.44222 -0.896907 0
    outer loop
      vertex 62 18.6292 0
      vertex 62.7626 19.0052 1.5
      vertex 62 18.6292 1.5
    endloop
  endfacet
  facet normal 0.44222 -0.896907 0
    outer loop
      vertex 62.7626 19.0052 1.5
      vertex 62 18.6292 0
      vertex 62.7626 19.0052 0
    endloop
  endfacet
  facet normal 0.946928 0.321445 0
    outer loop
      vertex 59.2448 10.5126 1.5
      vertex 58.9715 11.3177 0
      vertex 58.9715 11.3177 1.5
    endloop
  endfacet
  facet normal 0.946928 0.321445 0
    outer loop
      vertex 58.9715 11.3177 0
      vertex 59.2448 10.5126 1.5
      vertex 59.2448 10.5126 0
    endloop
  endfacet
  facet normal -0.896907 -0.44222 0
    outer loop
      vertex 71.2552 15.4874 0
      vertex 70.8792 16.25 1.5
      vertex 70.8792 16.25 0
    endloop
  endfacet
  facet normal -0.896907 -0.44222 0
    outer loop
      vertex 70.8792 16.25 1.5
      vertex 71.2552 15.4874 0
      vertex 71.2552 15.4874 1.5
    endloop
  endfacet
  facet normal -0.980779 -0.195121 0
    outer loop
      vertex 71.6944 13.8484 0
      vertex 71.5285 14.6823 1.5
      vertex 71.5285 14.6823 0
    endloop
  endfacet
  facet normal -0.980779 -0.195121 0
    outer loop
      vertex 71.5285 14.6823 1.5
      vertex 71.6944 13.8484 0
      vertex 71.6944 13.8484 1.5
    endloop
  endfacet
  facet normal -0.831435 -0.555623 0
    outer loop
      vertex 70.8792 16.25 0
      vertex 70.4068 16.9569 1.5
      vertex 70.4068 16.9569 0
    endloop
  endfacet
  facet normal -0.831435 -0.555623 0
    outer loop
      vertex 70.4068 16.9569 1.5
      vertex 70.8792 16.25 0
      vertex 70.8792 16.25 1.5
    endloop
  endfacet
  facet normal -0.321445 -0.946928 0
    outer loop
      vertex 66.9323 19.2785 0
      vertex 67.7374 19.0052 1.5
      vertex 66.9323 19.2785 1.5
    endloop
  endfacet
  facet normal -0.321445 -0.946928 -0
    outer loop
      vertex 67.7374 19.0052 1.5
      vertex 66.9323 19.2785 0
      vertex 67.7374 19.0052 0
    endloop
  endfacet
  facet normal -0.555623 -0.831435 0
    outer loop
      vertex 68.5 18.6292 0
      vertex 69.2069 18.1568 1.5
      vertex 68.5 18.6292 1.5
    endloop
  endfacet
  facet normal -0.555623 -0.831435 -0
    outer loop
      vertex 69.2069 18.1568 1.5
      vertex 68.5 18.6292 0
      vertex 69.2069 18.1568 0
    endloop
  endfacet
  facet normal 0.896907 -0.44222 0
    outer loop
      vertex 59.2448 15.4874 1.5
      vertex 59.6208 16.25 0
      vertex 59.6208 16.25 1.5
    endloop
  endfacet
  facet normal 0.896907 -0.44222 0
    outer loop
      vertex 59.6208 16.25 0
      vertex 59.2448 15.4874 1.5
      vertex 59.2448 15.4874 0
    endloop
  endfacet
  facet normal 0.831435 -0.555623 0
    outer loop
      vertex 59.6208 16.25 1.5
      vertex 60.0932 16.9569 0
      vertex 60.0932 16.9569 1.5
    endloop
  endfacet
  facet normal 0.831435 -0.555623 0
    outer loop
      vertex 60.0932 16.9569 0
      vertex 59.6208 16.25 1.5
      vertex 59.6208 16.25 0
    endloop
  endfacet
  facet normal 0.980779 -0.195121 0
    outer loop
      vertex 58.8056 13.8484 1.5
      vertex 58.9715 14.6823 0
      vertex 58.9715 14.6823 1.5
    endloop
  endfacet
  facet normal 0.980779 -0.195121 0
    outer loop
      vertex 58.9715 14.6823 0
      vertex 58.8056 13.8484 1.5
      vertex 58.8056 13.8484 0
    endloop
  endfacet
  facet normal 0.555568 -0.831471 0
    outer loop
      vertex 61.293 18.1568 0
      vertex 62 18.6292 1.5
      vertex 61.293 18.1568 1.5
    endloop
  endfacet
  facet normal 0.555568 -0.831471 0
    outer loop
      vertex 62 18.6292 1.5
      vertex 61.293 18.1568 0
      vertex 62 18.6292 0
    endloop
  endfacet
  facet normal 0.195121 -0.980779 0
    outer loop
      vertex 63.5677 19.2785 0
      vertex 64.4016 19.4444 1.5
      vertex 63.5677 19.2785 1.5
    endloop
  endfacet
  facet normal 0.195121 -0.980779 0
    outer loop
      vertex 64.4016 19.4444 1.5
      vertex 63.5677 19.2785 0
      vertex 64.4016 19.4444 0
    endloop
  endfacet
  facet normal -0.321445 0.946928 0
    outer loop
      vertex 67.7374 6.99478 0
      vertex 66.9323 6.72148 1.5
      vertex 67.7374 6.99478 1.5
    endloop
  endfacet
  facet normal -0.321445 0.946928 0
    outer loop
      vertex 66.9323 6.72148 1.5
      vertex 67.7374 6.99478 0
      vertex 66.9323 6.72148 0
    endloop
  endfacet
  facet normal -0.195087 0.980786 0
    outer loop
      vertex 66.9323 6.72148 0
      vertex 66.0984 6.55561 1.5
      vertex 66.9323 6.72148 1.5
    endloop
  endfacet
  facet normal -0.195087 0.980786 0
    outer loop
      vertex 66.0984 6.55561 1.5
      vertex 66.9323 6.72148 0
      vertex 66.0984 6.55561 0
    endloop
  endfacet
  facet normal -0.751839 0.659347 0
    outer loop
      vertex 69.8462 8.40381 0
      vertex 70.4068 9.04305 1.5
      vertex 70.4068 9.04305 0
    endloop
  endfacet
  facet normal -0.751839 0.659347 0
    outer loop
      vertex 70.4068 9.04305 1.5
      vertex 69.8462 8.40381 0
      vertex 69.8462 8.40381 1.5
    endloop
  endfacet
  facet normal -0.555598 0.831451 0
    outer loop
      vertex 69.2069 7.8432 0
      vertex 68.5 7.37083 1.5
      vertex 69.2069 7.8432 1.5
    endloop
  endfacet
  facet normal -0.555598 0.831451 0
    outer loop
      vertex 68.5 7.37083 1.5
      vertex 69.2069 7.8432 0
      vertex 68.5 7.37083 0
    endloop
  endfacet
  facet normal -0.980779 0.195121 0
    outer loop
      vertex 71.5285 11.3177 0
      vertex 71.6944 12.1516 1.5
      vertex 71.6944 12.1516 0
    endloop
  endfacet
  facet normal -0.980779 0.195121 0
    outer loop
      vertex 71.6944 12.1516 1.5
      vertex 71.5285 11.3177 0
      vertex 71.5285 11.3177 1.5
    endloop
  endfacet
  facet normal 0.321445 0.946928 -0
    outer loop
      vertex 63.5677 6.72148 0
      vertex 62.7626 6.99478 1.5
      vertex 63.5677 6.72148 1.5
    endloop
  endfacet
  facet normal 0.321445 0.946928 0
    outer loop
      vertex 62.7626 6.99478 1.5
      vertex 63.5677 6.72148 0
      vertex 62.7626 6.99478 0
    endloop
  endfacet
  facet normal 0.195087 0.980786 -0
    outer loop
      vertex 64.4016 6.55561 0
      vertex 63.5677 6.72148 1.5
      vertex 64.4016 6.55561 1.5
    endloop
  endfacet
  facet normal 0.195087 0.980786 0
    outer loop
      vertex 63.5677 6.72148 1.5
      vertex 64.4016 6.55561 0
      vertex 63.5677 6.72148 0
    endloop
  endfacet
  facet normal 0.831453 0.555596 0
    outer loop
      vertex 60.0932 9.04305 1.5
      vertex 59.6208 9.75 0
      vertex 59.6208 9.75 1.5
    endloop
  endfacet
  facet normal 0.831453 0.555596 0
    outer loop
      vertex 59.6208 9.75 0
      vertex 60.0932 9.04305 1.5
      vertex 60.0932 9.04305 0
    endloop
  endfacet
  facet normal 0.751839 0.659347 0
    outer loop
      vertex 60.6538 8.40381 1.5
      vertex 60.0932 9.04305 0
      vertex 60.0932 9.04305 1.5
    endloop
  endfacet
  facet normal 0.751839 0.659347 0
    outer loop
      vertex 60.0932 9.04305 0
      vertex 60.6538 8.40381 1.5
      vertex 60.6538 8.40381 0
    endloop
  endfacet
  facet normal 0.980779 0.195121 0
    outer loop
      vertex 58.9715 11.3177 1.5
      vertex 58.8056 12.1516 0
      vertex 58.8056 12.1516 1.5
    endloop
  endfacet
  facet normal 0.980779 0.195121 0
    outer loop
      vertex 58.8056 12.1516 0
      vertex 58.9715 11.3177 1.5
      vertex 58.9715 11.3177 0
    endloop
  endfacet
  facet normal -0.946928 -0.321445 0
    outer loop
      vertex 71.5285 14.6823 0
      vertex 71.2552 15.4874 1.5
      vertex 71.2552 15.4874 0
    endloop
  endfacet
  facet normal -0.946928 -0.321445 0
    outer loop
      vertex 71.2552 15.4874 1.5
      vertex 71.5285 14.6823 0
      vertex 71.5285 14.6823 1.5
    endloop
  endfacet
  facet normal -0.75187 -0.659312 0
    outer loop
      vertex 70.4068 16.9569 0
      vertex 69.8462 17.5962 1.5
      vertex 69.8462 17.5962 0
    endloop
  endfacet
  facet normal -0.75187 -0.659312 0
    outer loop
      vertex 69.8462 17.5962 1.5
      vertex 70.4068 16.9569 0
      vertex 70.4068 16.9569 1.5
    endloop
  endfacet
  facet normal -0.195121 -0.980779 0
    outer loop
      vertex 66.0984 19.4444 0
      vertex 66.9323 19.2785 1.5
      vertex 66.0984 19.4444 1.5
    endloop
  endfacet
  facet normal -0.195121 -0.980779 -0
    outer loop
      vertex 66.9323 19.2785 1.5
      vertex 66.0984 19.4444 0
      vertex 66.9323 19.2785 0
    endloop
  endfacet
  facet normal -0.0653948 -0.997859 0
    outer loop
      vertex 65.25 19.5 0
      vertex 66.0984 19.4444 1.5
      vertex 65.25 19.5 1.5
    endloop
  endfacet
  facet normal -0.0653948 -0.997859 -0
    outer loop
      vertex 66.0984 19.4444 1.5
      vertex 65.25 19.5 0
      vertex 66.0984 19.4444 0
    endloop
  endfacet
  facet normal -0.44222 -0.896907 0
    outer loop
      vertex 67.7374 19.0052 0
      vertex 68.5 18.6292 1.5
      vertex 67.7374 19.0052 1.5
    endloop
  endfacet
  facet normal -0.44222 -0.896907 -0
    outer loop
      vertex 68.5 18.6292 1.5
      vertex 67.7374 19.0052 0
      vertex 68.5 18.6292 0
    endloop
  endfacet
  facet normal 0.946928 -0.321445 0
    outer loop
      vertex 58.9715 14.6823 1.5
      vertex 59.2448 15.4874 0
      vertex 59.2448 15.4874 1.5
    endloop
  endfacet
  facet normal 0.946928 -0.321445 0
    outer loop
      vertex 59.2448 15.4874 0
      vertex 58.9715 14.6823 1.5
      vertex 58.9715 14.6823 0
    endloop
  endfacet
  facet normal 0.997859 -0.0653948 0
    outer loop
      vertex 58.75 13 1.5
      vertex 58.8056 13.8484 0
      vertex 58.8056 13.8484 1.5
    endloop
  endfacet
  facet normal 0.997859 -0.0653948 0
    outer loop
      vertex 58.8056 13.8484 0
      vertex 58.75 13 1.5
      vertex 58.75 13 0
    endloop
  endfacet
  facet normal 0.65937 -0.751818 0
    outer loop
      vertex 60.6538 17.5962 0
      vertex 61.293 18.1568 1.5
      vertex 60.6538 17.5962 1.5
    endloop
  endfacet
  facet normal 0.65937 -0.751818 0
    outer loop
      vertex 61.293 18.1568 1.5
      vertex 60.6538 17.5962 0
      vertex 61.293 18.1568 0
    endloop
  endfacet
  facet normal 0.321445 -0.946928 0
    outer loop
      vertex 62.7626 19.0052 0
      vertex 63.5677 19.2785 1.5
      vertex 62.7626 19.0052 1.5
    endloop
  endfacet
  facet normal 0.321445 -0.946928 0
    outer loop
      vertex 63.5677 19.2785 1.5
      vertex 62.7626 19.0052 0
      vertex 63.5677 19.2785 0
    endloop
  endfacet
  facet normal -0.659319 0.751864 0
    outer loop
      vertex 69.8462 8.40381 0
      vertex 69.2069 7.8432 1.5
      vertex 69.8462 8.40381 1.5
    endloop
  endfacet
  facet normal -0.659319 0.751864 0
    outer loop
      vertex 69.2069 7.8432 1.5
      vertex 69.8462 8.40381 0
      vertex 69.2069 7.8432 0
    endloop
  endfacet
  facet normal -0.946928 0.321445 0
    outer loop
      vertex 71.2552 10.5126 0
      vertex 71.5285 11.3177 1.5
      vertex 71.5285 11.3177 0
    endloop
  endfacet
  facet normal -0.946928 0.321445 0
    outer loop
      vertex 71.5285 11.3177 1.5
      vertex 71.2552 10.5126 0
      vertex 71.2552 10.5126 1.5
    endloop
  endfacet
  facet normal -0.831453 0.555596 0
    outer loop
      vertex 70.4068 9.04305 0
      vertex 70.8792 9.75 1.5
      vertex 70.8792 9.75 0
    endloop
  endfacet
  facet normal -0.831453 0.555596 0
    outer loop
      vertex 70.8792 9.75 1.5
      vertex 70.4068 9.04305 0
      vertex 70.4068 9.04305 1.5
    endloop
  endfacet
  facet normal -0.896907 0.44222 0
    outer loop
      vertex 70.8792 9.75 0
      vertex 71.2552 10.5126 1.5
      vertex 71.2552 10.5126 0
    endloop
  endfacet
  facet normal -0.896907 0.44222 0
    outer loop
      vertex 71.2552 10.5126 1.5
      vertex 70.8792 9.75 0
      vertex 70.8792 9.75 1.5
    endloop
  endfacet
  facet normal 0.555544 0.831487 -0
    outer loop
      vertex 62 7.37083 0
      vertex 61.293 7.8432 1.5
      vertex 62 7.37083 1.5
    endloop
  endfacet
  facet normal 0.555544 0.831487 0
    outer loop
      vertex 61.293 7.8432 1.5
      vertex 62 7.37083 0
      vertex 61.293 7.8432 0
    endloop
  endfacet
  facet normal 0.442267 0.896883 -0
    outer loop
      vertex 62.7626 6.99478 0
      vertex 62 7.37083 1.5
      vertex 62.7626 6.99478 1.5
    endloop
  endfacet
  facet normal 0.442267 0.896883 0
    outer loop
      vertex 62 7.37083 1.5
      vertex 62.7626 6.99478 0
      vertex 62 7.37083 0
    endloop
  endfacet
  facet normal 0.0654066 0.997859 -0
    outer loop
      vertex 65.25 6.5 0
      vertex 64.4016 6.55561 1.5
      vertex 65.25 6.5 1.5
    endloop
  endfacet
  facet normal 0.0654066 0.997859 0
    outer loop
      vertex 64.4016 6.55561 1.5
      vertex 65.25 6.5 0
      vertex 64.4016 6.55561 0
    endloop
  endfacet
  facet normal 0.659377 0.751813 -0
    outer loop
      vertex 61.293 7.8432 0
      vertex 60.6538 8.40381 1.5
      vertex 61.293 7.8432 1.5
    endloop
  endfacet
  facet normal 0.659377 0.751813 0
    outer loop
      vertex 60.6538 8.40381 1.5
      vertex 61.293 7.8432 0
      vertex 60.6538 8.40381 0
    endloop
  endfacet
  facet normal 0.896907 0.44222 0
    outer loop
      vertex 59.6208 9.75 1.5
      vertex 59.2448 10.5126 0
      vertex 59.2448 10.5126 1.5
    endloop
  endfacet
  facet normal 0.896907 0.44222 0
    outer loop
      vertex 59.2448 10.5126 0
      vertex 59.6208 9.75 1.5
      vertex 59.6208 9.75 0
    endloop
  endfacet
  facet normal 0.997859 0.0653948 0
    outer loop
      vertex 58.8056 12.1516 1.5
      vertex 58.75 13 0
      vertex 58.75 13 1.5
    endloop
  endfacet
  facet normal 0.997859 0.0653948 0
    outer loop
      vertex 58.75 13 0
      vertex 58.8056 12.1516 1.5
      vertex 58.8056 12.1516 0
    endloop
  endfacet
  facet normal -0.997859 0.0653948 0
    outer loop
      vertex 71.6944 12.1516 0
      vertex 71.75 13 1.5
      vertex 71.75 13 0
    endloop
  endfacet
  facet normal -0.997859 0.0653948 0
    outer loop
      vertex 71.75 13 1.5
      vertex 71.6944 12.1516 0
      vertex 71.6944 12.1516 1.5
    endloop
  endfacet
  facet normal -0.442267 0.896883 0
    outer loop
      vertex 68.5 7.37083 0
      vertex 67.7374 6.99478 1.5
      vertex 68.5 7.37083 1.5
    endloop
  endfacet
  facet normal -0.442267 0.896883 0
    outer loop
      vertex 67.7374 6.99478 1.5
      vertex 68.5 7.37083 0
      vertex 67.7374 6.99478 0
    endloop
  endfacet
  facet normal -0.0654066 0.997859 0
    outer loop
      vertex 66.0984 6.55561 0
      vertex 65.25 6.5 1.5
      vertex 66.0984 6.55561 1.5
    endloop
  endfacet
  facet normal -0.0654066 0.997859 0
    outer loop
      vertex 65.25 6.5 1.5
      vertex 66.0984 6.55561 0
      vertex 65.25 6.5 0
    endloop
  endfacet
  facet normal 1 -0 0
    outer loop
      vertex 17 9 1.5
      vertex 17 22 0
      vertex 17 22 1.5
    endloop
  endfacet
  facet normal 1 0 0
    outer loop
      vertex 17 22 0
      vertex 17 9 1.5
      vertex 17 9 0
    endloop
  endfacet
  facet normal -1 0 0
    outer loop
      vertex 47 9 0
      vertex 47 22 1.5
      vertex 47 22 0
    endloop
  endfacet
  facet normal -1 -0 0
    outer loop
      vertex 47 22 1.5
      vertex 47 9 0
      vertex 47 9 1.5
    endloop
  endfacet
  facet normal 0 1 -0
    outer loop
      vertex 47 9 0
      vertex 17 9 1.5
      vertex 47 9 1.5
    endloop
  endfacet
  facet normal 0 1 0
    outer loop
      vertex 17 9 1.5
      vertex 47 9 0
      vertex 17 9 0
    endloop
  endfacet
  facet normal 0 -1 0
    outer loop
      vertex 17 22 0
      vertex 47 22 1.5
      vertex 17 22 1.5
    endloop
  endfacet
  facet normal 0 -1 -0
    outer loop
      vertex 47 22 1.5
      vertex 17 22 0
      vertex 47 22 0
    endloop
  endfacet
  facet normal 0.659341 0.751844 -0
    outer loop
      vertex 6.62132 6.62132 -5
      vertex 6.32628 6.88006 0
      vertex 6.62132 6.62132 0
    endloop
  endfacet
  facet normal 0.659341 0.751844 0
    outer loop
      vertex 6.32628 6.88006 0
      vertex 6.62132 6.62132 -5
      vertex 6.32628 6.88006 -5
    endloop
  endfacet
  facet normal -0.321444 -0.946928 0
    outer loop
      vertex 3.35195 1.72836 -5
      vertex 3.72354 1.60222 0
      vertex 3.35195 1.72836 0
    endloop
  endfacet
  facet normal -0.321444 -0.946928 -0
    outer loop
      vertex 3.72354 1.60222 0
      vertex 3.35195 1.72836 -5
      vertex 3.72354 1.60222 -5
    endloop
  endfacet
  facet normal -0.321444 0.946928 0
    outer loop
      vertex 3.72354 7.39778 -5
      vertex 3.35195 7.27164 0
      vertex 3.72354 7.39778 0
    endloop
  endfacet
  facet normal -0.321444 0.946928 0
    outer loop
      vertex 3.35195 7.27164 0
      vertex 3.72354 7.39778 -5
      vertex 3.35195 7.27164 -5
    endloop
  endfacet
  facet normal -0.896875 0.442283 0
    outer loop
      vertex 1.72836 5.64805 -5
      vertex 1.90192 6 0
      vertex 1.90192 6 -5
    endloop
  endfacet
  facet normal -0.896875 0.442283 0
    outer loop
      vertex 1.90192 6 0
      vertex 1.72836 5.64805 -5
      vertex 1.72836 5.64805 0
    endloop
  endfacet
  facet normal 0.896875 0.442283 0
    outer loop
      vertex 7.27164 5.64805 0
      vertex 7.09808 6 -5
      vertex 7.09808 6 0
    endloop
  endfacet
  facet normal 0.896875 0.442283 0
    outer loop
      vertex 7.09808 6 -5
      vertex 7.27164 5.64805 0
      vertex 7.27164 5.64805 -5
    endloop
  endfacet
  facet normal 0.980789 0.195072 0
    outer loop
      vertex 7.47433 4.89158 0
      vertex 7.39778 5.27646 -5
      vertex 7.39778 5.27646 0
    endloop
  endfacet
  facet normal 0.980789 0.195072 0
    outer loop
      vertex 7.39778 5.27646 -5
      vertex 7.47433 4.89158 0
      vertex 7.47433 4.89158 -5
    endloop
  endfacet
  facet normal 0.831462 0.555582 0
    outer loop
      vertex 7.09808 6 0
      vertex 6.88006 6.32628 -5
      vertex 6.88006 6.32628 0
    endloop
  endfacet
  facet normal 0.831462 0.555582 0
    outer loop
      vertex 6.88006 6.32628 -5
      vertex 7.09808 6 0
      vertex 7.09808 6 -5
    endloop
  endfacet
  facet normal 0.751844 0.659341 0
    outer loop
      vertex 6.88006 6.32628 0
      vertex 6.62132 6.62132 -5
      vertex 6.62132 6.62132 0
    endloop
  endfacet
  facet normal 0.751844 0.659341 0
    outer loop
      vertex 6.62132 6.62132 -5
      vertex 6.88006 6.32628 0
      vertex 6.88006 6.32628 -5
    endloop
  endfacet
  facet normal 0.442283 0.896875 -0
    outer loop
      vertex 6 7.09808 -5
      vertex 5.64805 7.27164 0
      vertex 6 7.09808 0
    endloop
  endfacet
  facet normal 0.442283 0.896875 0
    outer loop
      vertex 5.64805 7.27164 0
      vertex 6 7.09808 -5
      vertex 5.64805 7.27164 -5
    endloop
  endfacet
  facet normal 0.321444 0.946928 -0
    outer loop
      vertex 5.64805 7.27164 -5
      vertex 5.27646 7.39778 0
      vertex 5.64805 7.27164 0
    endloop
  endfacet
  facet normal 0.321444 0.946928 0
    outer loop
      vertex 5.27646 7.39778 0
      vertex 5.64805 7.27164 -5
      vertex 5.27646 7.39778 -5
    endloop
  endfacet
  facet normal -0.751844 0.659341 0
    outer loop
      vertex 2.11994 6.32628 -5
      vertex 2.37868 6.62132 0
      vertex 2.37868 6.62132 -5
    endloop
  endfacet
  facet normal -0.751844 0.659341 0
    outer loop
      vertex 2.37868 6.62132 0
      vertex 2.11994 6.32628 -5
      vertex 2.11994 6.32628 0
    endloop
  endfacet
  facet normal -0.442283 0.896875 0
    outer loop
      vertex 3.35195 7.27164 -5
      vertex 3 7.09808 0
      vertex 3.35195 7.27164 0
    endloop
  endfacet
  facet normal -0.442283 0.896875 0
    outer loop
      vertex 3 7.09808 0
      vertex 3.35195 7.27164 -5
      vertex 3 7.09808 -5
    endloop
  endfacet
  facet normal -0.195072 0.980789 0
    outer loop
      vertex 4.10842 7.47433 -5
      vertex 3.72354 7.39778 0
      vertex 4.10842 7.47433 0
    endloop
  endfacet
  facet normal -0.195072 0.980789 0
    outer loop
      vertex 3.72354 7.39778 0
      vertex 4.10842 7.47433 -5
      vertex 3.72354 7.39778 -5
    endloop
  endfacet
  facet normal 0.997858 -0.0654145 0
    outer loop
      vertex 7.47433 4.10842 0
      vertex 7.5 4.5 -5
      vertex 7.5 4.5 0
    endloop
  endfacet
  facet normal 0.997858 -0.0654145 0
    outer loop
      vertex 7.5 4.5 -5
      vertex 7.47433 4.10842 0
      vertex 7.47433 4.10842 -5
    endloop
  endfacet
  facet normal 0.321444 -0.946928 0
    outer loop
      vertex 5.27646 1.60222 -5
      vertex 5.64805 1.72836 0
      vertex 5.27646 1.60222 0
    endloop
  endfacet
  facet normal 0.321444 -0.946928 0
    outer loop
      vertex 5.64805 1.72836 0
      vertex 5.27646 1.60222 -5
      vertex 5.64805 1.72836 -5
    endloop
  endfacet
  facet normal 0.442283 -0.896875 0
    outer loop
      vertex 5.64805 1.72836 -5
      vertex 6 1.90192 0
      vertex 5.64805 1.72836 0
    endloop
  endfacet
  facet normal 0.442283 -0.896875 0
    outer loop
      vertex 6 1.90192 0
      vertex 5.64805 1.72836 -5
      vertex 6 1.90192 -5
    endloop
  endfacet
  facet normal 0.751844 -0.659341 0
    outer loop
      vertex 6.62132 2.37868 0
      vertex 6.88006 2.67372 -5
      vertex 6.88006 2.67372 0
    endloop
  endfacet
  facet normal 0.751844 -0.659341 0
    outer loop
      vertex 6.88006 2.67372 -5
      vertex 6.62132 2.37868 0
      vertex 6.62132 2.37868 -5
    endloop
  endfacet
  facet normal -0.195072 -0.980789 0
    outer loop
      vertex 3.72354 1.60222 -5
      vertex 4.10842 1.52567 0
      vertex 3.72354 1.60222 0
    endloop
  endfacet
  facet normal -0.195072 -0.980789 -0
    outer loop
      vertex 4.10842 1.52567 0
      vertex 3.72354 1.60222 -5
      vertex 4.10842 1.52567 -5
    endloop
  endfacet
  facet normal -0.659341 -0.751844 0
    outer loop
      vertex 2.37868 2.37868 -5
      vertex 2.67372 2.11994 0
      vertex 2.37868 2.37868 0
    endloop
  endfacet
  facet normal -0.659341 -0.751844 -0
    outer loop
      vertex 2.67372 2.11994 0
      vertex 2.37868 2.37868 -5
      vertex 2.67372 2.11994 -5
    endloop
  endfacet
  facet normal -0.896875 -0.442283 0
    outer loop
      vertex 1.90192 3 -5
      vertex 1.72836 3.35195 0
      vertex 1.72836 3.35195 -5
    endloop
  endfacet
  facet normal -0.896875 -0.442283 0
    outer loop
      vertex 1.72836 3.35195 0
      vertex 1.90192 3 -5
      vertex 1.90192 3 0
    endloop
  endfacet
  facet normal 0 0 -1
    outer loop
      vertex 5.8 4.5 -5
      vertex 7.5 4.5 -5
      vertex 7.47433 4.10842 -5
    endloop
  endfacet
  facet normal 0 0 -1
    outer loop
      vertex 5.78888 4.33032 -5
      vertex 7.47433 4.10842 -5
      vertex 7.39778 3.72354 -5
    endloop
  endfacet
  facet normal 0 0 -1
    outer loop
      vertex 7.5 4.5 -5
      vertex 5.8 4.5 -5
      vertex 7.47433 4.89158 -5
    endloop
  endfacet
  facet normal 0 0 -1
    outer loop
      vertex 5.7557 4.16354 -5
      vertex 7.39778 3.72354 -5
      vertex 7.27164 3.35195 -5
    endloop
  endfacet
  facet normal 0 0 -1
    outer loop
      vertex 5.78888 4.66968 -5
      vertex 7.47433 4.89158 -5
      vertex 5.8 4.5 -5
    endloop
  endfacet
  facet normal 0 0 -1
    outer loop
      vertex 5.70104 4.00251 -5
      vertex 7.27164 3.35195 -5
      vertex 7.09808 3 -5
    endloop
  endfacet
  facet normal -0 0 -1
    outer loop
      vertex 7.47433 4.89158 -5
      vertex 5.78888 4.66968 -5
      vertex 7.39778 5.27646 -5
    endloop
  endfacet
  facet normal 0 0 -1
    outer loop
      vertex 5.62583 3.85 -5
      vertex 7.09808 3 -5
      vertex 6.88006 2.67372 -5
    endloop
  endfacet
  facet normal 0 0 -1
    outer loop
      vertex 5.7557 4.83646 -5
      vertex 7.39778 5.27646 -5
      vertex 5.78888 4.66968 -5
    endloop
  endfacet
  facet normal 0 0 -1
    outer loop
      vertex 5.53136 3.70861 -5
      vertex 6.88006 2.67372 -5
      vertex 6.62132 2.37868 -5
    endloop
  endfacet
  facet normal -0 0 -1
    outer loop
      vertex 7.39778 5.27646 -5
      vertex 5.7557 4.83646 -5
      vertex 7.27164 5.64805 -5
    endloop
  endfacet
  facet normal 0 0 -1
    outer loop
      vertex 5.41924 3.58076 -5
      vertex 6.62132 2.37868 -5
      vertex 6.32628 2.11994 -5
    endloop
  endfacet
  facet normal 0 0 -1
    outer loop
      vertex 5.70104 4.99749 -5
      vertex 7.27164 5.64805 -5
      vertex 5.7557 4.83646 -5
    endloop
  endfacet
  facet normal 0 0 -1
    outer loop
      vertex 5.29139 3.46864 -5
      vertex 6.32628 2.11994 -5
      vertex 6 1.90192 -5
    endloop
  endfacet
  facet normal -0 0 -1
    outer loop
      vertex 7.27164 5.64805 -5
      vertex 5.70104 4.99749 -5
      vertex 7.09808 6 -5
    endloop
  endfacet
  facet normal 0 0 -1
    outer loop
      vertex 5.62583 5.15 -5
      vertex 7.09808 6 -5
      vertex 5.70104 4.99749 -5
    endloop
  endfacet
  facet normal 0 0 -1
    outer loop
      vertex 7.47433 4.10842 -5
      vertex 5.78888 4.33032 -5
      vertex 5.8 4.5 -5
    endloop
  endfacet
  facet normal 0 0 -1
    outer loop
      vertex 7.39778 3.72354 -5
      vertex 5.7557 4.16354 -5
      vertex 5.78888 4.33032 -5
    endloop
  endfacet
  facet normal 0 0 -1
    outer loop
      vertex 7.27164 3.35195 -5
      vertex 5.70104 4.00251 -5
      vertex 5.7557 4.16354 -5
    endloop
  endfacet
  facet normal 0 0 -1
    outer loop
      vertex 5.15 3.37417 -5
      vertex 6 1.90192 -5
      vertex 5.64805 1.72836 -5
    endloop
  endfacet
  facet normal 0 0 -1
    outer loop
      vertex 7.09808 3 -5
      vertex 5.62583 3.85 -5
      vertex 5.70104 4.00251 -5
    endloop
  endfacet
  facet normal 0 0 -1
    outer loop
      vertex 6.88006 2.67372 -5
      vertex 5.53136 3.70861 -5
      vertex 5.62583 3.85 -5
    endloop
  endfacet
  facet normal 0 0 -1
    outer loop
      vertex 6.62132 2.37868 -5
      vertex 5.41924 3.58076 -5
      vertex 5.53136 3.70861 -5
    endloop
  endfacet
  facet normal 0 0 -1
    outer loop
      vertex 6.32628 2.11994 -5
      vertex 5.29139 3.46864 -5
      vertex 5.41924 3.58076 -5
    endloop
  endfacet
  facet normal 0 0 -1
    outer loop
      vertex 4.99749 3.29896 -5
      vertex 5.64805 1.72836 -5
      vertex 5.27646 1.60222 -5
    endloop
  endfacet
  facet normal 0 0 -1
    outer loop
      vertex 6 1.90192 -5
      vertex 5.15 3.37417 -5
      vertex 5.29139 3.46864 -5
    endloop
  endfacet
  facet normal 0 0 -1
    outer loop
      vertex 5.64805 1.72836 -5
      vertex 4.99749 3.29896 -5
      vertex 5.15 3.37417 -5
    endloop
  endfacet
  facet normal 0 0 -1
    outer loop
      vertex 4.83646 3.2443 -5
      vertex 5.27646 1.60222 -5
      vertex 4.89158 1.52567 -5
    endloop
  endfacet
  facet normal 0 0 -1
    outer loop
      vertex 5.27646 1.60222 -5
      vertex 4.83646 3.2443 -5
      vertex 4.99749 3.29896 -5
    endloop
  endfacet
  facet normal 0 0 -1
    outer loop
      vertex 4.89158 1.52567 -5
      vertex 4.66968 3.21112 -5
      vertex 4.83646 3.2443 -5
    endloop
  endfacet
  facet normal 0 0 -1
    outer loop
      vertex 4.5 1.5 -5
      vertex 4.66968 3.21112 -5
      vertex 4.89158 1.52567 -5
    endloop
  endfacet
  facet normal 0 0 -1
    outer loop
      vertex 4.5 1.5 -5
      vertex 4.5 3.2 -5
      vertex 4.66968 3.21112 -5
    endloop
  endfacet
  facet normal 0 0 -1
    outer loop
      vertex 4.5 1.5 -5
      vertex 4.33032 3.21112 -5
      vertex 4.5 3.2 -5
    endloop
  endfacet
  facet normal 0 0 -1
    outer loop
      vertex 4.10842 1.52567 -5
      vertex 4.33032 3.21112 -5
      vertex 4.5 1.5 -5
    endloop
  endfacet
  facet normal -0 0 -1
    outer loop
      vertex 4.33032 3.21112 -5
      vertex 4.10842 1.52567 -5
      vertex 4.16354 3.2443 -5
    endloop
  endfacet
  facet normal 0 0 -1
    outer loop
      vertex 3.72354 1.60222 -5
      vertex 4.16354 3.2443 -5
      vertex 4.10842 1.52567 -5
    endloop
  endfacet
  facet normal -0 0 -1
    outer loop
      vertex 4.16354 3.2443 -5
      vertex 3.72354 1.60222 -5
      vertex 4.00251 3.29896 -5
    endloop
  endfacet
  facet normal 0 0 -1
    outer loop
      vertex 3.35195 1.72836 -5
      vertex 4.00251 3.29896 -5
      vertex 3.72354 1.60222 -5
    endloop
  endfacet
  facet normal -0 0 -1
    outer loop
      vertex 4.00251 3.29896 -5
      vertex 3.35195 1.72836 -5
      vertex 3.85 3.37417 -5
    endloop
  endfacet
  facet normal 0 0 -1
    outer loop
      vertex 3 1.90192 -5
      vertex 3.85 3.37417 -5
      vertex 3.35195 1.72836 -5
    endloop
  endfacet
  facet normal -0 0 -1
    outer loop
      vertex 3.85 3.37417 -5
      vertex 3 1.90192 -5
      vertex 3.70861 3.46864 -5
    endloop
  endfacet
  facet normal 0 0 -1
    outer loop
      vertex 2.67372 2.11994 -5
      vertex 3.70861 3.46864 -5
      vertex 3 1.90192 -5
    endloop
  endfacet
  facet normal -0 0 -1
    outer loop
      vertex 3.70861 3.46864 -5
      vertex 2.67372 2.11994 -5
      vertex 3.58076 3.58076 -5
    endloop
  endfacet
  facet normal 0 0 -1
    outer loop
      vertex 2.37868 2.37868 -5
      vertex 3.58076 3.58076 -5
      vertex 2.67372 2.11994 -5
    endloop
  endfacet
  facet normal -0 0 -1
    outer loop
      vertex 3.58076 3.58076 -5
      vertex 2.37868 2.37868 -5
      vertex 3.46864 3.70861 -5
    endloop
  endfacet
  facet normal 0 0 -1
    outer loop
      vertex 2.11994 2.67372 -5
      vertex 3.46864 3.70861 -5
      vertex 2.37868 2.37868 -5
    endloop
  endfacet
  facet normal -0 0 -1
    outer loop
      vertex 3.46864 3.70861 -5
      vertex 2.11994 2.67372 -5
      vertex 3.37417 3.85 -5
    endloop
  endfacet
  facet normal 0 0 -1
    outer loop
      vertex 1.90192 3 -5
      vertex 3.37417 3.85 -5
      vertex 2.11994 2.67372 -5
    endloop
  endfacet
  facet normal -0 0 -1
    outer loop
      vertex 7.09808 6 -5
      vertex 5.62583 5.15 -5
      vertex 6.88006 6.32628 -5
    endloop
  endfacet
  facet normal 0 0 -1
    outer loop
      vertex 5.53136 5.29139 -5
      vertex 6.88006 6.32628 -5
      vertex 5.62583 5.15 -5
    endloop
  endfacet
  facet normal -0 0 -1
    outer loop
      vertex 6.88006 6.32628 -5
      vertex 5.53136 5.29139 -5
      vertex 6.62132 6.62132 -5
    endloop
  endfacet
  facet normal 0 0 -1
    outer loop
      vertex 5.41924 5.41924 -5
      vertex 6.62132 6.62132 -5
      vertex 5.53136 5.29139 -5
    endloop
  endfacet
  facet normal -0 0 -1
    outer loop
      vertex 6.62132 6.62132 -5
      vertex 5.41924 5.41924 -5
      vertex 6.32628 6.88006 -5
    endloop
  endfacet
  facet normal 0 0 -1
    outer loop
      vertex 5.29139 5.53136 -5
      vertex 6.32628 6.88006 -5
      vertex 5.41924 5.41924 -5
    endloop
  endfacet
  facet normal -0 0 -1
    outer loop
      vertex 6.32628 6.88006 -5
      vertex 5.29139 5.53136 -5
      vertex 6 7.09808 -5
    endloop
  endfacet
  facet normal 0 0 -1
    outer loop
      vertex 5.15 5.62583 -5
      vertex 6 7.09808 -5
      vertex 5.29139 5.53136 -5
    endloop
  endfacet
  facet normal -0 0 -1
    outer loop
      vertex 6 7.09808 -5
      vertex 5.15 5.62583 -5
      vertex 5.64805 7.27164 -5
    endloop
  endfacet
  facet normal 0 0 -1
    outer loop
      vertex 4.99749 5.70104 -5
      vertex 5.64805 7.27164 -5
      vertex 5.15 5.62583 -5
    endloop
  endfacet
  facet normal -0 0 -1
    outer loop
      vertex 5.64805 7.27164 -5
      vertex 4.99749 5.70104 -5
      vertex 5.27646 7.39778 -5
    endloop
  endfacet
  facet normal 0 0 -1
    outer loop
      vertex 4.83646 5.7557 -5
      vertex 5.27646 7.39778 -5
      vertex 4.99749 5.70104 -5
    endloop
  endfacet
  facet normal -0 0 -1
    outer loop
      vertex 5.27646 7.39778 -5
      vertex 4.83646 5.7557 -5
      vertex 4.89158 7.47433 -5
    endloop
  endfacet
  facet normal 0 0 -1
    outer loop
      vertex 4.66968 5.78888 -5
      vertex 4.89158 7.47433 -5
      vertex 4.83646 5.7557 -5
    endloop
  endfacet
  facet normal 0 0 -1
    outer loop
      vertex 4.5 5.8 -5
      vertex 4.89158 7.47433 -5
      vertex 4.66968 5.78888 -5
    endloop
  endfacet
  facet normal 0 0 -1
    outer loop
      vertex 4.5 5.8 -5
      vertex 4.5 7.5 -5
      vertex 4.89158 7.47433 -5
    endloop
  endfacet
  facet normal 0 0 -1
    outer loop
      vertex 4.33032 5.78888 -5
      vertex 4.5 7.5 -5
      vertex 4.5 5.8 -5
    endloop
  endfacet
  facet normal 0 0 -1
    outer loop
      vertex 4.10842 7.47433 -5
      vertex 4.33032 5.78888 -5
      vertex 4.16354 5.7557 -5
    endloop
  endfacet
  facet normal 0 0 -1
    outer loop
      vertex 4.33032 5.78888 -5
      vertex 4.10842 7.47433 -5
      vertex 4.5 7.5 -5
    endloop
  endfacet
  facet normal 0 0 -1
    outer loop
      vertex 3.72354 7.39778 -5
      vertex 4.16354 5.7557 -5
      vertex 4.00251 5.70104 -5
    endloop
  endfacet
  facet normal 0 0 -1
    outer loop
      vertex 3.35195 7.27164 -5
      vertex 4.00251 5.70104 -5
      vertex 3.85 5.62583 -5
    endloop
  endfacet
  facet normal 0 0 -1
    outer loop
      vertex 4.16354 5.7557 -5
      vertex 3.72354 7.39778 -5
      vertex 4.10842 7.47433 -5
    endloop
  endfacet
  facet normal 0 0 -1
    outer loop
      vertex 3 7.09808 -5
      vertex 3.85 5.62583 -5
      vertex 3.70861 5.53136 -5
    endloop
  endfacet
  facet normal 0 0 -1
    outer loop
      vertex 2.67372 6.88006 -5
      vertex 3.70861 5.53136 -5
      vertex 3.58076 5.41924 -5
    endloop
  endfacet
  facet normal 0 0 -1
    outer loop
      vertex 2.37868 6.62132 -5
      vertex 3.58076 5.41924 -5
      vertex 3.46864 5.29139 -5
    endloop
  endfacet
  facet normal 0 0 -1
    outer loop
      vertex 2.11994 6.32628 -5
      vertex 3.46864 5.29139 -5
      vertex 3.37417 5.15 -5
    endloop
  endfacet
  facet normal 0 0 -1
    outer loop
      vertex 4.00251 5.70104 -5
      vertex 3.35195 7.27164 -5
      vertex 3.72354 7.39778 -5
    endloop
  endfacet
  facet normal 0 0 -1
    outer loop
      vertex 1.90192 6 -5
      vertex 3.37417 5.15 -5
      vertex 3.29896 4.99749 -5
    endloop
  endfacet
  facet normal 0 0 -1
    outer loop
      vertex 1.72836 5.64805 -5
      vertex 3.29896 4.99749 -5
      vertex 3.2443 4.83646 -5
    endloop
  endfacet
  facet normal 0 0 -1
    outer loop
      vertex 1.60222 5.27646 -5
      vertex 3.2443 4.83646 -5
      vertex 3.21112 4.66968 -5
    endloop
  endfacet
  facet normal 0 0 -1
    outer loop
      vertex 1.52567 4.89158 -5
      vertex 3.21112 4.66968 -5
      vertex 3.2 4.5 -5
    endloop
  endfacet
  facet normal -0 0 -1
    outer loop
      vertex 3.37417 3.85 -5
      vertex 1.90192 3 -5
      vertex 3.29896 4.00251 -5
    endloop
  endfacet
  facet normal 0 0 -1
    outer loop
      vertex 3.85 5.62583 -5
      vertex 3 7.09808 -5
      vertex 3.35195 7.27164 -5
    endloop
  endfacet
  facet normal 0 0 -1
    outer loop
      vertex 1.72836 3.35195 -5
      vertex 3.29896 4.00251 -5
      vertex 1.90192 3 -5
    endloop
  endfacet
  facet normal 0 0 -1
    outer loop
      vertex 3.70861 5.53136 -5
      vertex 2.67372 6.88006 -5
      vertex 3 7.09808 -5
    endloop
  endfacet
  facet normal -0 0 -1
    outer loop
      vertex 3.29896 4.00251 -5
      vertex 1.72836 3.35195 -5
      vertex 3.2443 4.16354 -5
    endloop
  endfacet
  facet normal 0 0 -1
    outer loop
      vertex 3.58076 5.41924 -5
      vertex 2.37868 6.62132 -5
      vertex 2.67372 6.88006 -5
    endloop
  endfacet
  facet normal 0 0 -1
    outer loop
      vertex 1.60222 3.72354 -5
      vertex 3.2443 4.16354 -5
      vertex 1.72836 3.35195 -5
    endloop
  endfacet
  facet normal 0 0 -1
    outer loop
      vertex 3.46864 5.29139 -5
      vertex 2.11994 6.32628 -5
      vertex 2.37868 6.62132 -5
    endloop
  endfacet
  facet normal -0 0 -1
    outer loop
      vertex 3.2443 4.16354 -5
      vertex 1.60222 3.72354 -5
      vertex 3.21112 4.33032 -5
    endloop
  endfacet
  facet normal 0 0 -1
    outer loop
      vertex 3.37417 5.15 -5
      vertex 1.90192 6 -5
      vertex 2.11994 6.32628 -5
    endloop
  endfacet
  facet normal 0 0 -1
    outer loop
      vertex 1.52567 4.10842 -5
      vertex 3.21112 4.33032 -5
      vertex 1.60222 3.72354 -5
    endloop
  endfacet
  facet normal 0 0 -1
    outer loop
      vertex 3.29896 4.99749 -5
      vertex 1.72836 5.64805 -5
      vertex 1.90192 6 -5
    endloop
  endfacet
  facet normal -0 0 -1
    outer loop
      vertex 3.21112 4.33032 -5
      vertex 1.52567 4.10842 -5
      vertex 3.2 4.5 -5
    endloop
  endfacet
  facet normal 0 0 -1
    outer loop
      vertex 3.2443 4.83646 -5
      vertex 1.60222 5.27646 -5
      vertex 1.72836 5.64805 -5
    endloop
  endfacet
  facet normal 0 0 -1
    outer loop
      vertex 1.5 4.5 -5
      vertex 3.2 4.5 -5
      vertex 1.52567 4.10842 -5
    endloop
  endfacet
  facet normal 0 0 -1
    outer loop
      vertex 3.21112 4.66968 -5
      vertex 1.52567 4.89158 -5
      vertex 1.60222 5.27646 -5
    endloop
  endfacet
  facet normal 0 0 -1
    outer loop
      vertex 3.2 4.5 -5
      vertex 1.5 4.5 -5
      vertex 1.52567 4.89158 -5
    endloop
  endfacet
  facet normal 0.946928 0.321444 0
    outer loop
      vertex 7.39778 5.27646 0
      vertex 7.27164 5.64805 -5
      vertex 7.27164 5.64805 0
    endloop
  endfacet
  facet normal 0.946928 0.321444 0
    outer loop
      vertex 7.27164 5.64805 -5
      vertex 7.39778 5.27646 0
      vertex 7.39778 5.27646 -5
    endloop
  endfacet
  facet normal 0.555582 0.831462 -0
    outer loop
      vertex 6.32628 6.88006 -5
      vertex 6 7.09808 0
      vertex 6.32628 6.88006 0
    endloop
  endfacet
  facet normal 0.555582 0.831462 0
    outer loop
      vertex 6 7.09808 0
      vertex 6.32628 6.88006 -5
      vertex 6 7.09808 -5
    endloop
  endfacet
  facet normal 0.0654145 0.997858 -0
    outer loop
      vertex 4.89158 7.47433 -5
      vertex 4.5 7.5 0
      vertex 4.89158 7.47433 0
    endloop
  endfacet
  facet normal 0.0654145 0.997858 0
    outer loop
      vertex 4.5 7.5 0
      vertex 4.89158 7.47433 -5
      vertex 4.5 7.5 -5
    endloop
  endfacet
  facet normal -0.997858 0.0654145 0
    outer loop
      vertex 1.5 4.5 -5
      vertex 1.52567 4.89158 0
      vertex 1.52567 4.89158 -5
    endloop
  endfacet
  facet normal -0.997858 0.0654145 0
    outer loop
      vertex 1.52567 4.89158 0
      vertex 1.5 4.5 -5
      vertex 1.5 4.5 0
    endloop
  endfacet
  facet normal -0.946928 0.321444 0
    outer loop
      vertex 1.60222 5.27646 -5
      vertex 1.72836 5.64805 0
      vertex 1.72836 5.64805 -5
    endloop
  endfacet
  facet normal -0.946928 0.321444 0
    outer loop
      vertex 1.72836 5.64805 0
      vertex 1.60222 5.27646 -5
      vertex 1.60222 5.27646 0
    endloop
  endfacet
  facet normal -0.831462 0.555582 0
    outer loop
      vertex 1.90192 6 -5
      vertex 2.11994 6.32628 0
      vertex 2.11994 6.32628 -5
    endloop
  endfacet
  facet normal -0.831462 0.555582 0
    outer loop
      vertex 2.11994 6.32628 0
      vertex 1.90192 6 -5
      vertex 1.90192 6 0
    endloop
  endfacet
  facet normal -0.0654145 0.997858 0
    outer loop
      vertex 4.5 7.5 -5
      vertex 4.10842 7.47433 0
      vertex 4.5 7.5 0
    endloop
  endfacet
  facet normal -0.0654145 0.997858 0
    outer loop
      vertex 4.10842 7.47433 0
      vertex 4.5 7.5 -5
      vertex 4.10842 7.47433 -5
    endloop
  endfacet
  facet normal -0.555582 0.831462 0
    outer loop
      vertex 3 7.09808 -5
      vertex 2.67372 6.88006 0
      vertex 3 7.09808 0
    endloop
  endfacet
  facet normal -0.555582 0.831462 0
    outer loop
      vertex 2.67372 6.88006 0
      vertex 3 7.09808 -5
      vertex 2.67372 6.88006 -5
    endloop
  endfacet
  facet normal -0.659341 0.751844 0
    outer loop
      vertex 2.67372 6.88006 -5
      vertex 2.37868 6.62132 0
      vertex 2.67372 6.88006 0
    endloop
  endfacet
  facet normal -0.659341 0.751844 0
    outer loop
      vertex 2.37868 6.62132 0
      vertex 2.67372 6.88006 -5
      vertex 2.37868 6.62132 -5
    endloop
  endfacet
  facet normal 0.997858 0.0654145 0
    outer loop
      vertex 7.5 4.5 0
      vertex 7.47433 4.89158 -5
      vertex 7.47433 4.89158 0
    endloop
  endfacet
  facet normal 0.997858 0.0654145 0
    outer loop
      vertex 7.47433 4.89158 -5
      vertex 7.5 4.5 0
      vertex 7.5 4.5 -5
    endloop
  endfacet
  facet normal 0.0654145 -0.997858 0
    outer loop
      vertex 4.5 1.5 -5
      vertex 4.89158 1.52567 0
      vertex 4.5 1.5 0
    endloop
  endfacet
  facet normal 0.0654145 -0.997858 0
    outer loop
      vertex 4.89158 1.52567 0
      vertex 4.5 1.5 -5
      vertex 4.89158 1.52567 -5
    endloop
  endfacet
  facet normal 0.946928 -0.321444 0
    outer loop
      vertex 7.27164 3.35195 0
      vertex 7.39778 3.72354 -5
      vertex 7.39778 3.72354 0
    endloop
  endfacet
  facet normal 0.946928 -0.321444 0
    outer loop
      vertex 7.39778 3.72354 -5
      vertex 7.27164 3.35195 0
      vertex 7.27164 3.35195 -5
    endloop
  endfacet
  facet normal 0.195072 -0.980789 0
    outer loop
      vertex 4.89158 1.52567 -5
      vertex 5.27646 1.60222 0
      vertex 4.89158 1.52567 0
    endloop
  endfacet
  facet normal 0.195072 -0.980789 0
    outer loop
      vertex 5.27646 1.60222 0
      vertex 4.89158 1.52567 -5
      vertex 5.27646 1.60222 -5
    endloop
  endfacet
  facet normal 0.555582 -0.831462 0
    outer loop
      vertex 6 1.90192 -5
      vertex 6.32628 2.11994 0
      vertex 6 1.90192 0
    endloop
  endfacet
  facet normal 0.555582 -0.831462 0
    outer loop
      vertex 6.32628 2.11994 0
      vertex 6 1.90192 -5
      vertex 6.32628 2.11994 -5
    endloop
  endfacet
  facet normal 0.896875 -0.442283 0
    outer loop
      vertex 7.09808 3 0
      vertex 7.27164 3.35195 -5
      vertex 7.27164 3.35195 0
    endloop
  endfacet
  facet normal 0.896875 -0.442283 0
    outer loop
      vertex 7.27164 3.35195 -5
      vertex 7.09808 3 0
      vertex 7.09808 3 -5
    endloop
  endfacet
  facet normal -0.0654145 -0.997858 0
    outer loop
      vertex 4.10842 1.52567 -5
      vertex 4.5 1.5 0
      vertex 4.10842 1.52567 0
    endloop
  endfacet
  facet normal -0.0654145 -0.997858 -0
    outer loop
      vertex 4.5 1.5 0
      vertex 4.10842 1.52567 -5
      vertex 4.5 1.5 -5
    endloop
  endfacet
  facet normal -0.442283 -0.896875 0
    outer loop
      vertex 3 1.90192 -5
      vertex 3.35195 1.72836 0
      vertex 3 1.90192 0
    endloop
  endfacet
  facet normal -0.442283 -0.896875 -0
    outer loop
      vertex 3.35195 1.72836 0
      vertex 3 1.90192 -5
      vertex 3.35195 1.72836 -5
    endloop
  endfacet
  facet normal -0.946928 -0.321444 0
    outer loop
      vertex 1.72836 3.35195 -5
      vertex 1.60222 3.72354 0
      vertex 1.60222 3.72354 -5
    endloop
  endfacet
  facet normal -0.946928 -0.321444 0
    outer loop
      vertex 1.60222 3.72354 0
      vertex 1.72836 3.35195 -5
      vertex 1.72836 3.35195 0
    endloop
  endfacet
  facet normal -0.997858 -0.0654145 0
    outer loop
      vertex 1.52567 4.10842 -5
      vertex 1.5 4.5 0
      vertex 1.5 4.5 -5
    endloop
  endfacet
  facet normal -0.997858 -0.0654145 0
    outer loop
      vertex 1.5 4.5 0
      vertex 1.52567 4.10842 -5
      vertex 1.52567 4.10842 0
    endloop
  endfacet
  facet normal -0.831462 -0.555582 0
    outer loop
      vertex 2.11994 2.67372 -5
      vertex 1.90192 3 0
      vertex 1.90192 3 -5
    endloop
  endfacet
  facet normal -0.831462 -0.555582 0
    outer loop
      vertex 1.90192 3 0
      vertex 2.11994 2.67372 -5
      vertex 2.11994 2.67372 0
    endloop
  endfacet
  facet normal 0.195072 0.980789 -0
    outer loop
      vertex 5.27646 7.39778 -5
      vertex 4.89158 7.47433 0
      vertex 5.27646 7.39778 0
    endloop
  endfacet
  facet normal 0.195072 0.980789 0
    outer loop
      vertex 4.89158 7.47433 0
      vertex 5.27646 7.39778 -5
      vertex 4.89158 7.47433 -5
    endloop
  endfacet
  facet normal -0.980789 0.195072 0
    outer loop
      vertex 1.52567 4.89158 -5
      vertex 1.60222 5.27646 0
      vertex 1.60222 5.27646 -5
    endloop
  endfacet
  facet normal -0.980789 0.195072 0
    outer loop
      vertex 1.60222 5.27646 0
      vertex 1.52567 4.89158 -5
      vertex 1.52567 4.89158 0
    endloop
  endfacet
  facet normal 0.980789 -0.195072 0
    outer loop
      vertex 7.39778 3.72354 0
      vertex 7.47433 4.10842 -5
      vertex 7.47433 4.10842 0
    endloop
  endfacet
  facet normal 0.980789 -0.195072 0
    outer loop
      vertex 7.47433 4.10842 -5
      vertex 7.39778 3.72354 0
      vertex 7.39778 3.72354 -5
    endloop
  endfacet
  facet normal 0.659341 -0.751844 0
    outer loop
      vertex 6.32628 2.11994 -5
      vertex 6.62132 2.37868 0
      vertex 6.32628 2.11994 0
    endloop
  endfacet
  facet normal 0.659341 -0.751844 0
    outer loop
      vertex 6.62132 2.37868 0
      vertex 6.32628 2.11994 -5
      vertex 6.62132 2.37868 -5
    endloop
  endfacet
  facet normal 0.831462 -0.555582 0
    outer loop
      vertex 6.88006 2.67372 0
      vertex 7.09808 3 -5
      vertex 7.09808 3 0
    endloop
  endfacet
  facet normal 0.831462 -0.555582 0
    outer loop
      vertex 7.09808 3 -5
      vertex 6.88006 2.67372 0
      vertex 6.88006 2.67372 -5
    endloop
  endfacet
  facet normal -0.555582 -0.831462 0
    outer loop
      vertex 2.67372 2.11994 -5
      vertex 3 1.90192 0
      vertex 2.67372 2.11994 0
    endloop
  endfacet
  facet normal -0.555582 -0.831462 -0
    outer loop
      vertex 3 1.90192 0
      vertex 2.67372 2.11994 -5
      vertex 3 1.90192 -5
    endloop
  endfacet
  facet normal -0.980789 -0.195072 0
    outer loop
      vertex 1.60222 3.72354 -5
      vertex 1.52567 4.10842 0
      vertex 1.52567 4.10842 -5
    endloop
  endfacet
  facet normal -0.980789 -0.195072 0
    outer loop
      vertex 1.52567 4.10842 0
      vertex 1.60222 3.72354 -5
      vertex 1.60222 3.72354 0
    endloop
  endfacet
  facet normal -0.751844 -0.659341 0
    outer loop
      vertex 2.37868 2.37868 -5
      vertex 2.11994 2.67372 0
      vertex 2.11994 2.67372 -5
    endloop
  endfacet
  facet normal -0.751844 -0.659341 0
    outer loop
      vertex 2.11994 2.67372 0
      vertex 2.37868 2.37868 -5
      vertex 2.37868 2.37868 0
    endloop
  endfacet
  facet normal -0.555555 -0.83148 0
    outer loop
      vertex 5.15 5.62583 -5
      vertex 5.29139 5.53136 0
      vertex 5.15 5.62583 0
    endloop
  endfacet
  facet normal -0.555555 -0.83148 -0
    outer loop
      vertex 5.29139 5.53136 0
      vertex 5.15 5.62583 -5
      vertex 5.29139 5.53136 -5
    endloop
  endfacet
  facet normal 0.946934 -0.321427 0
    outer loop
      vertex 3.2443 4.83646 0
      vertex 3.29896 4.99749 -5
      vertex 3.29896 4.99749 0
    endloop
  endfacet
  facet normal 0.946934 -0.321427 0
    outer loop
      vertex 3.29896 4.99749 -5
      vertex 3.2443 4.83646 0
      vertex 3.2443 4.83646 -5
    endloop
  endfacet
  facet normal -0.980779 0.195121 0
    outer loop
      vertex 5.7557 4.16354 -5
      vertex 5.78888 4.33032 0
      vertex 5.78888 4.33032 -5
    endloop
  endfacet
  facet normal -0.980779 0.195121 0
    outer loop
      vertex 5.78888 4.33032 0
      vertex 5.7557 4.16354 -5
      vertex 5.7557 4.16354 0
    endloop
  endfacet
  facet normal 0.321427 0.946934 -0
    outer loop
      vertex 4.16354 3.2443 -5
      vertex 4.00251 3.29896 0
      vertex 4.16354 3.2443 0
    endloop
  endfacet
  facet normal 0.321427 0.946934 0
    outer loop
      vertex 4.00251 3.29896 0
      vertex 4.16354 3.2443 -5
      vertex 4.00251 3.29896 -5
    endloop
  endfacet
  facet normal 0.321427 -0.946934 0
    outer loop
      vertex 4.00251 5.70104 -5
      vertex 4.16354 5.7557 0
      vertex 4.00251 5.70104 0
    endloop
  endfacet
  facet normal 0.321427 -0.946934 0
    outer loop
      vertex 4.16354 5.7557 0
      vertex 4.00251 5.70104 -5
      vertex 4.16354 5.7557 -5
    endloop
  endfacet
  facet normal 0.896872 -0.442291 0
    outer loop
      vertex 3.29896 4.99749 0
      vertex 3.37417 5.15 -5
      vertex 3.37417 5.15 0
    endloop
  endfacet
  facet normal 0.896872 -0.442291 0
    outer loop
      vertex 3.37417 5.15 -5
      vertex 3.29896 4.99749 0
      vertex 3.29896 4.99749 -5
    endloop
  endfacet
  facet normal -0.896872 -0.442291 0
    outer loop
      vertex 5.70104 4.99749 -5
      vertex 5.62583 5.15 0
      vertex 5.62583 5.15 -5
    endloop
  endfacet
  facet normal -0.896872 -0.442291 0
    outer loop
      vertex 5.62583 5.15 0
      vertex 5.70104 4.99749 -5
      vertex 5.70104 4.99749 0
    endloop
  endfacet
  facet normal -0.83148 -0.555555 0
    outer loop
      vertex 5.62583 5.15 -5
      vertex 5.53136 5.29139 0
      vertex 5.53136 5.29139 -5
    endloop
  endfacet
  facet normal -0.83148 -0.555555 0
    outer loop
      vertex 5.53136 5.29139 0
      vertex 5.62583 5.15 -5
      vertex 5.62583 5.15 0
    endloop
  endfacet
  facet normal -0.442291 -0.896872 0
    outer loop
      vertex 4.99749 5.70104 -5
      vertex 5.15 5.62583 0
      vertex 4.99749 5.70104 0
    endloop
  endfacet
  facet normal -0.442291 -0.896872 -0
    outer loop
      vertex 5.15 5.62583 0
      vertex 4.99749 5.70104 -5
      vertex 5.15 5.62583 -5
    endloop
  endfacet
  facet normal -0.195121 -0.980779 0
    outer loop
      vertex 4.66968 5.78888 -5
      vertex 4.83646 5.7557 0
      vertex 4.66968 5.78888 0
    endloop
  endfacet
  facet normal -0.195121 -0.980779 -0
    outer loop
      vertex 4.83646 5.7557 0
      vertex 4.66968 5.78888 -5
      vertex 4.83646 5.7557 -5
    endloop
  endfacet
  facet normal 0.980779 -0.195121 0
    outer loop
      vertex 3.21112 4.66968 0
      vertex 3.2443 4.83646 -5
      vertex 3.2443 4.83646 0
    endloop
  endfacet
  facet normal 0.980779 -0.195121 0
    outer loop
      vertex 3.2443 4.83646 -5
      vertex 3.21112 4.66968 0
      vertex 3.21112 4.66968 -5
    endloop
  endfacet
  facet normal 0.751844 -0.659341 0
    outer loop
      vertex 3.46864 5.29139 0
      vertex 3.58076 5.41924 -5
      vertex 3.58076 5.41924 0
    endloop
  endfacet
  facet normal 0.751844 -0.659341 0
    outer loop
      vertex 3.58076 5.41924 -5
      vertex 3.46864 5.29139 0
      vertex 3.46864 5.29139 -5
    endloop
  endfacet
  facet normal 0.195121 -0.980779 0
    outer loop
      vertex 4.16354 5.7557 -5
      vertex 4.33032 5.78888 0
      vertex 4.16354 5.7557 0
    endloop
  endfacet
  facet normal 0.195121 -0.980779 0
    outer loop
      vertex 4.33032 5.78888 0
      vertex 4.16354 5.7557 -5
      vertex 4.33032 5.78888 -5
    endloop
  endfacet
  facet normal 0.659341 -0.751844 0
    outer loop
      vertex 3.58076 5.41924 -5
      vertex 3.70861 5.53136 0
      vertex 3.58076 5.41924 0
    endloop
  endfacet
  facet normal 0.659341 -0.751844 0
    outer loop
      vertex 3.70861 5.53136 0
      vertex 3.58076 5.41924 -5
      vertex 3.70861 5.53136 -5
    endloop
  endfacet
  facet normal -0.997859 -0.0653948 0
    outer loop
      vertex 5.8 4.5 -5
      vertex 5.78888 4.66968 0
      vertex 5.78888 4.66968 -5
    endloop
  endfacet
  facet normal -0.997859 -0.0653948 0
    outer loop
      vertex 5.78888 4.66968 0
      vertex 5.8 4.5 -5
      vertex 5.8 4.5 0
    endloop
  endfacet
  facet normal -0.83148 0.555555 0
    outer loop
      vertex 5.53136 3.70861 -5
      vertex 5.62583 3.85 0
      vertex 5.62583 3.85 -5
    endloop
  endfacet
  facet normal -0.83148 0.555555 0
    outer loop
      vertex 5.62583 3.85 0
      vertex 5.53136 3.70861 -5
      vertex 5.53136 3.70861 0
    endloop
  endfacet
  facet normal -0.946934 0.321427 0
    outer loop
      vertex 5.70104 4.00251 -5
      vertex 5.7557 4.16354 0
      vertex 5.7557 4.16354 -5
    endloop
  endfacet
  facet normal -0.946934 0.321427 0
    outer loop
      vertex 5.7557 4.16354 0
      vertex 5.70104 4.00251 -5
      vertex 5.70104 4.00251 0
    endloop
  endfacet
  facet normal -0.321427 0.946934 0
    outer loop
      vertex 4.99749 3.29896 -5
      vertex 4.83646 3.2443 0
      vertex 4.99749 3.29896 0
    endloop
  endfacet
  facet normal -0.321427 0.946934 0
    outer loop
      vertex 4.83646 3.2443 0
      vertex 4.99749 3.29896 -5
      vertex 4.83646 3.2443 -5
    endloop
  endfacet
  facet normal 0.195121 0.980779 -0
    outer loop
      vertex 4.33032 3.21112 -5
      vertex 4.16354 3.2443 0
      vertex 4.33032 3.21112 0
    endloop
  endfacet
  facet normal 0.195121 0.980779 0
    outer loop
      vertex 4.16354 3.2443 0
      vertex 4.33032 3.21112 -5
      vertex 4.16354 3.2443 -5
    endloop
  endfacet
  facet normal 0.659341 0.751844 -0
    outer loop
      vertex 3.70861 3.46864 -5
      vertex 3.58076 3.58076 0
      vertex 3.70861 3.46864 0
    endloop
  endfacet
  facet normal 0.659341 0.751844 0
    outer loop
      vertex 3.58076 3.58076 0
      vertex 3.70861 3.46864 -5
      vertex 3.58076 3.58076 -5
    endloop
  endfacet
  facet normal 0.751844 0.659341 0
    outer loop
      vertex 3.58076 3.58076 0
      vertex 3.46864 3.70861 -5
      vertex 3.46864 3.70861 0
    endloop
  endfacet
  facet normal 0.751844 0.659341 0
    outer loop
      vertex 3.46864 3.70861 -5
      vertex 3.58076 3.58076 0
      vertex 3.58076 3.58076 -5
    endloop
  endfacet
  facet normal -0.980779 -0.195121 0
    outer loop
      vertex 5.78888 4.66968 -5
      vertex 5.7557 4.83646 0
      vertex 5.7557 4.83646 -5
    endloop
  endfacet
  facet normal -0.980779 -0.195121 0
    outer loop
      vertex 5.7557 4.83646 0
      vertex 5.78888 4.66968 -5
      vertex 5.78888 4.66968 0
    endloop
  endfacet
  facet normal -0.946934 -0.321427 0
    outer loop
      vertex 5.7557 4.83646 -5
      vertex 5.70104 4.99749 0
      vertex 5.70104 4.99749 -5
    endloop
  endfacet
  facet normal -0.946934 -0.321427 0
    outer loop
      vertex 5.70104 4.99749 0
      vertex 5.7557 4.83646 -5
      vertex 5.7557 4.83646 0
    endloop
  endfacet
  facet normal -0.751844 -0.659341 0
    outer loop
      vertex 5.53136 5.29139 -5
      vertex 5.41924 5.41924 0
      vertex 5.41924 5.41924 -5
    endloop
  endfacet
  facet normal -0.751844 -0.659341 0
    outer loop
      vertex 5.41924 5.41924 0
      vertex 5.53136 5.29139 -5
      vertex 5.53136 5.29139 0
    endloop
  endfacet
  facet normal -0.659341 -0.751844 0
    outer loop
      vertex 5.29139 5.53136 -5
      vertex 5.41924 5.41924 0
      vertex 5.29139 5.53136 0
    endloop
  endfacet
  facet normal -0.659341 -0.751844 -0
    outer loop
      vertex 5.41924 5.41924 0
      vertex 5.29139 5.53136 -5
      vertex 5.41924 5.41924 -5
    endloop
  endfacet
  facet normal -0.0653948 -0.997859 0
    outer loop
      vertex 4.5 5.8 -5
      vertex 4.66968 5.78888 0
      vertex 4.5 5.8 0
    endloop
  endfacet
  facet normal -0.0653948 -0.997859 -0
    outer loop
      vertex 4.66968 5.78888 0
      vertex 4.5 5.8 -5
      vertex 4.66968 5.78888 -5
    endloop
  endfacet
  facet normal -0.321427 -0.946934 0
    outer loop
      vertex 4.83646 5.7557 -5
      vertex 4.99749 5.70104 0
      vertex 4.83646 5.7557 0
    endloop
  endfacet
  facet normal -0.321427 -0.946934 -0
    outer loop
      vertex 4.99749 5.70104 0
      vertex 4.83646 5.7557 -5
      vertex 4.99749 5.70104 -5
    endloop
  endfacet
  facet normal 0.997859 -0.0653948 0
    outer loop
      vertex 3.2 4.5 0
      vertex 3.21112 4.66968 -5
      vertex 3.21112 4.66968 0
    endloop
  endfacet
  facet normal 0.997859 -0.0653948 0
    outer loop
      vertex 3.21112 4.66968 -5
      vertex 3.2 4.5 0
      vertex 3.2 4.5 -5
    endloop
  endfacet
  facet normal 0.83148 -0.555555 0
    outer loop
      vertex 3.37417 5.15 0
      vertex 3.46864 5.29139 -5
      vertex 3.46864 5.29139 0
    endloop
  endfacet
  facet normal 0.83148 -0.555555 0
    outer loop
      vertex 3.46864 5.29139 -5
      vertex 3.37417 5.15 0
      vertex 3.37417 5.15 -5
    endloop
  endfacet
  facet normal 0.0653948 -0.997859 0
    outer loop
      vertex 4.33032 5.78888 -5
      vertex 4.5 5.8 0
      vertex 4.33032 5.78888 0
    endloop
  endfacet
  facet normal 0.0653948 -0.997859 0
    outer loop
      vertex 4.5 5.8 0
      vertex 4.33032 5.78888 -5
      vertex 4.5 5.8 -5
    endloop
  endfacet
  facet normal 0.555555 -0.83148 0
    outer loop
      vertex 3.70861 5.53136 -5
      vertex 3.85 5.62583 0
      vertex 3.70861 5.53136 0
    endloop
  endfacet
  facet normal 0.555555 -0.83148 0
    outer loop
      vertex 3.85 5.62583 0
      vertex 3.70861 5.53136 -5
      vertex 3.85 5.62583 -5
    endloop
  endfacet
  facet normal 0.442291 -0.896872 0
    outer loop
      vertex 3.85 5.62583 -5
      vertex 4.00251 5.70104 0
      vertex 3.85 5.62583 0
    endloop
  endfacet
  facet normal 0.442291 -0.896872 0
    outer loop
      vertex 4.00251 5.70104 0
      vertex 3.85 5.62583 -5
      vertex 4.00251 5.70104 -5
    endloop
  endfacet
  facet normal -0.997859 0.0653948 0
    outer loop
      vertex 5.78888 4.33032 -5
      vertex 5.8 4.5 0
      vertex 5.8 4.5 -5
    endloop
  endfacet
  facet normal -0.997859 0.0653948 0
    outer loop
      vertex 5.8 4.5 0
      vertex 5.78888 4.33032 -5
      vertex 5.78888 4.33032 0
    endloop
  endfacet
  facet normal -0.0653948 0.997859 0
    outer loop
      vertex 4.66968 3.21112 -5
      vertex 4.5 3.2 0
      vertex 4.66968 3.21112 0
    endloop
  endfacet
  facet normal -0.0653948 0.997859 0
    outer loop
      vertex 4.5 3.2 0
      vertex 4.66968 3.21112 -5
      vertex 4.5 3.2 -5
    endloop
  endfacet
  facet normal -0.751844 0.659341 0
    outer loop
      vertex 5.41924 3.58076 -5
      vertex 5.53136 3.70861 0
      vertex 5.53136 3.70861 -5
    endloop
  endfacet
  facet normal -0.751844 0.659341 0
    outer loop
      vertex 5.53136 3.70861 0
      vertex 5.41924 3.58076 -5
      vertex 5.41924 3.58076 0
    endloop
  endfacet
  facet normal -0.659341 0.751844 0
    outer loop
      vertex 5.41924 3.58076 -5
      vertex 5.29139 3.46864 0
      vertex 5.41924 3.58076 0
    endloop
  endfacet
  facet normal -0.659341 0.751844 0
    outer loop
      vertex 5.29139 3.46864 0
      vertex 5.41924 3.58076 -5
      vertex 5.29139 3.46864 -5
    endloop
  endfacet
  facet normal -0.442291 0.896872 0
    outer loop
      vertex 5.15 3.37417 -5
      vertex 4.99749 3.29896 0
      vertex 5.15 3.37417 0
    endloop
  endfacet
  facet normal -0.442291 0.896872 0
    outer loop
      vertex 4.99749 3.29896 0
      vertex 5.15 3.37417 -5
      vertex 4.99749 3.29896 -5
    endloop
  endfacet
  facet normal 0.555555 0.83148 -0
    outer loop
      vertex 3.85 3.37417 -5
      vertex 3.70861 3.46864 0
      vertex 3.85 3.37417 0
    endloop
  endfacet
  facet normal 0.555555 0.83148 0
    outer loop
      vertex 3.70861 3.46864 0
      vertex 3.85 3.37417 -5
      vertex 3.70861 3.46864 -5
    endloop
  endfacet
  facet normal 0.946934 0.321427 0
    outer loop
      vertex 3.29896 4.00251 0
      vertex 3.2443 4.16354 -5
      vertex 3.2443 4.16354 0
    endloop
  endfacet
  facet normal 0.946934 0.321427 0
    outer loop
      vertex 3.2443 4.16354 -5
      vertex 3.29896 4.00251 0
      vertex 3.29896 4.00251 -5
    endloop
  endfacet
  facet normal 0.997859 0.0653948 0
    outer loop
      vertex 3.21112 4.33032 0
      vertex 3.2 4.5 -5
      vertex 3.2 4.5 0
    endloop
  endfacet
  facet normal 0.997859 0.0653948 0
    outer loop
      vertex 3.2 4.5 -5
      vertex 3.21112 4.33032 0
      vertex 3.21112 4.33032 -5
    endloop
  endfacet
  facet normal 0.896872 0.442291 0
    outer loop
      vertex 3.37417 3.85 0
      vertex 3.29896 4.00251 -5
      vertex 3.29896 4.00251 0
    endloop
  endfacet
  facet normal 0.896872 0.442291 0
    outer loop
      vertex 3.29896 4.00251 -5
      vertex 3.37417 3.85 0
      vertex 3.37417 3.85 -5
    endloop
  endfacet
  facet normal -0.896872 0.442291 0
    outer loop
      vertex 5.62583 3.85 -5
      vertex 5.70104 4.00251 0
      vertex 5.70104 4.00251 -5
    endloop
  endfacet
  facet normal -0.896872 0.442291 0
    outer loop
      vertex 5.70104 4.00251 0
      vertex 5.62583 3.85 -5
      vertex 5.62583 3.85 0
    endloop
  endfacet
  facet normal -0.195121 0.980779 0
    outer loop
      vertex 4.83646 3.2443 -5
      vertex 4.66968 3.21112 0
      vertex 4.83646 3.2443 0
    endloop
  endfacet
  facet normal -0.195121 0.980779 0
    outer loop
      vertex 4.66968 3.21112 0
      vertex 4.83646 3.2443 -5
      vertex 4.66968 3.21112 -5
    endloop
  endfacet
  facet normal -0.555555 0.83148 0
    outer loop
      vertex 5.29139 3.46864 -5
      vertex 5.15 3.37417 0
      vertex 5.29139 3.46864 0
    endloop
  endfacet
  facet normal -0.555555 0.83148 0
    outer loop
      vertex 5.15 3.37417 0
      vertex 5.29139 3.46864 -5
      vertex 5.15 3.37417 -5
    endloop
  endfacet
  facet normal 0.0653948 0.997859 -0
    outer loop
      vertex 4.5 3.2 -5
      vertex 4.33032 3.21112 0
      vertex 4.5 3.2 0
    endloop
  endfacet
  facet normal 0.0653948 0.997859 0
    outer loop
      vertex 4.33032 3.21112 0
      vertex 4.5 3.2 -5
      vertex 4.33032 3.21112 -5
    endloop
  endfacet
  facet normal 0.442291 0.896872 -0
    outer loop
      vertex 4.00251 3.29896 -5
      vertex 3.85 3.37417 0
      vertex 4.00251 3.29896 0
    endloop
  endfacet
  facet normal 0.442291 0.896872 0
    outer loop
      vertex 3.85 3.37417 0
      vertex 4.00251 3.29896 -5
      vertex 3.85 3.37417 -5
    endloop
  endfacet
  facet normal 0.980779 0.195121 0
    outer loop
      vertex 3.2443 4.16354 0
      vertex 3.21112 4.33032 -5
      vertex 3.21112 4.33032 0
    endloop
  endfacet
  facet normal 0.980779 0.195121 0
    outer loop
      vertex 3.21112 4.33032 -5
      vertex 3.2443 4.16354 0
      vertex 3.2443 4.16354 -5
    endloop
  endfacet
  facet normal 0.83148 0.555555 0
    outer loop
      vertex 3.46864 3.70861 0
      vertex 3.37417 3.85 -5
      vertex 3.37417 3.85 0
    endloop
  endfacet
  facet normal 0.83148 0.555555 0
    outer loop
      vertex 3.37417 3.85 -5
      vertex 3.46864 3.70861 0
      vertex 3.46864 3.70861 -5
    endloop
  endfacet
  facet normal 0.659392 0.751799 -0
    outer loop
      vertex 81.6213 6.62132 -5
      vertex 81.3263 6.88006 0
      vertex 81.6213 6.62132 0
    endloop
  endfacet
  facet normal 0.659392 0.751799 0
    outer loop
      vertex 81.3263 6.88006 0
      vertex 81.6213 6.62132 -5
      vertex 81.3263 6.88006 -5
    endloop
  endfacet
  facet normal -0.321514 -0.946905 0
    outer loop
      vertex 78.352 1.72836 -5
      vertex 78.7235 1.60222 0
      vertex 78.352 1.72836 0
    endloop
  endfacet
  facet normal -0.321514 -0.946905 -0
    outer loop
      vertex 78.7235 1.60222 0
      vertex 78.352 1.72836 -5
      vertex 78.7235 1.60222 -5
    endloop
  endfacet
  facet normal -0.321514 0.946905 0
    outer loop
      vertex 78.7235 7.39778 -5
      vertex 78.352 7.27164 0
      vertex 78.7235 7.39778 0
    endloop
  endfacet
  facet normal -0.321514 0.946905 0
    outer loop
      vertex 78.352 7.27164 0
      vertex 78.7235 7.39778 -5
      vertex 78.352 7.27164 -5
    endloop
  endfacet
  facet normal -0.896936 0.44216 0
    outer loop
      vertex 76.7284 5.64805 -5
      vertex 76.9019 6 0
      vertex 76.9019 6 -5
    endloop
  endfacet
  facet normal -0.896936 0.44216 0
    outer loop
      vertex 76.9019 6 0
      vertex 76.7284 5.64805 -5
      vertex 76.7284 5.64805 0
    endloop
  endfacet
  facet normal 0.896936 0.44216 0
    outer loop
      vertex 82.2716 5.64805 0
      vertex 82.0981 6 -5
      vertex 82.0981 6 0
    endloop
  endfacet
  facet normal 0.896936 0.44216 0
    outer loop
      vertex 82.0981 6 -5
      vertex 82.2716 5.64805 0
      vertex 82.2716 5.64805 -5
    endloop
  endfacet
  facet normal 0.980813 0.19495 0
    outer loop
      vertex 82.4743 4.89158 0
      vertex 82.3978 5.27646 -5
      vertex 82.3978 5.27646 0
    endloop
  endfacet
  facet normal 0.980813 0.19495 0
    outer loop
      vertex 82.3978 5.27646 -5
      vertex 82.4743 4.89158 0
      vertex 82.4743 4.89158 -5
    endloop
  endfacet
  facet normal 0.831485 0.555547 0
    outer loop
      vertex 82.0981 6 0
      vertex 81.8801 6.32628 -5
      vertex 81.8801 6.32628 0
    endloop
  endfacet
  facet normal 0.831485 0.555547 0
    outer loop
      vertex 81.8801 6.32628 -5
      vertex 82.0981 6 0
      vertex 82.0981 6 -5
    endloop
  endfacet
  facet normal 0.751768 0.659428 0
    outer loop
      vertex 81.8801 6.32628 0
      vertex 81.6213 6.62132 -5
      vertex 81.6213 6.62132 0
    endloop
  endfacet
  facet normal 0.751768 0.659428 0
    outer loop
      vertex 81.6213 6.62132 -5
      vertex 81.8801 6.32628 0
      vertex 81.8801 6.32628 -5
    endloop
  endfacet
  facet normal 0.442233 0.8969 -0
    outer loop
      vertex 81 7.09808 -5
      vertex 80.648 7.27164 0
      vertex 81 7.09808 0
    endloop
  endfacet
  facet normal 0.442233 0.8969 0
    outer loop
      vertex 80.648 7.27164 0
      vertex 81 7.09808 -5
      vertex 80.648 7.27164 -5
    endloop
  endfacet
  facet normal 0.321514 0.946905 -0
    outer loop
      vertex 80.648 7.27164 -5
      vertex 80.2765 7.39778 0
      vertex 80.648 7.27164 0
    endloop
  endfacet
  facet normal 0.321514 0.946905 0
    outer loop
      vertex 80.2765 7.39778 0
      vertex 80.648 7.27164 -5
      vertex 80.2765 7.39778 -5
    endloop
  endfacet
  facet normal -0.751768 0.659428 0
    outer loop
      vertex 77.1199 6.32628 -5
      vertex 77.3787 6.62132 0
      vertex 77.3787 6.62132 -5
    endloop
  endfacet
  facet normal -0.751768 0.659428 0
    outer loop
      vertex 77.3787 6.62132 0
      vertex 77.1199 6.32628 -5
      vertex 77.1199 6.32628 0
    endloop
  endfacet
  facet normal -0.442233 0.8969 0
    outer loop
      vertex 78.352 7.27164 -5
      vertex 78 7.09808 0
      vertex 78.352 7.27164 0
    endloop
  endfacet
  facet normal -0.442233 0.8969 0
    outer loop
      vertex 78 7.09808 0
      vertex 78.352 7.27164 -5
      vertex 78 7.09808 -5
    endloop
  endfacet
  facet normal -0.195062 0.980791 0
    outer loop
      vertex 79.1084 7.47433 -5
      vertex 78.7235 7.39778 0
      vertex 79.1084 7.47433 0
    endloop
  endfacet
  facet normal -0.195062 0.980791 0
    outer loop
      vertex 78.7235 7.39778 0
      vertex 79.1084 7.47433 -5
      vertex 78.7235 7.39778 -5
    endloop
  endfacet
  facet normal 0.997853 -0.0654906 0
    outer loop
      vertex 82.4743 4.10842 0
      vertex 82.5 4.5 -5
      vertex 82.5 4.5 0
    endloop
  endfacet
  facet normal 0.997853 -0.0654906 0
    outer loop
      vertex 82.5 4.5 -5
      vertex 82.4743 4.10842 0
      vertex 82.4743 4.10842 -5
    endloop
  endfacet
  facet normal 0.321514 -0.946905 0
    outer loop
      vertex 80.2765 1.60222 -5
      vertex 80.648 1.72836 0
      vertex 80.2765 1.60222 0
    endloop
  endfacet
  facet normal 0.321514 -0.946905 0
    outer loop
      vertex 80.648 1.72836 0
      vertex 80.2765 1.60222 -5
      vertex 80.648 1.72836 -5
    endloop
  endfacet
  facet normal 0.442233 -0.8969 0
    outer loop
      vertex 80.648 1.72836 -5
      vertex 81 1.90192 0
      vertex 80.648 1.72836 0
    endloop
  endfacet
  facet normal 0.442233 -0.8969 0
    outer loop
      vertex 81 1.90192 0
      vertex 80.648 1.72836 -5
      vertex 81 1.90192 -5
    endloop
  endfacet
  facet normal 0.751768 -0.659428 0
    outer loop
      vertex 81.6213 2.37868 0
      vertex 81.8801 2.67372 -5
      vertex 81.8801 2.67372 0
    endloop
  endfacet
  facet normal 0.751768 -0.659428 0
    outer loop
      vertex 81.8801 2.67372 -5
      vertex 81.6213 2.37868 0
      vertex 81.6213 2.37868 -5
    endloop
  endfacet
  facet normal -0.195062 -0.980791 0
    outer loop
      vertex 78.7235 1.60222 -5
      vertex 79.1084 1.52567 0
      vertex 78.7235 1.60222 0
    endloop
  endfacet
  facet normal -0.195062 -0.980791 -0
    outer loop
      vertex 79.1084 1.52567 0
      vertex 78.7235 1.60222 -5
      vertex 79.1084 1.52567 -5
    endloop
  endfacet
  facet normal -0.659392 -0.751799 0
    outer loop
      vertex 77.3787 2.37868 -5
      vertex 77.6737 2.11994 0
      vertex 77.3787 2.37868 0
    endloop
  endfacet
  facet normal -0.659392 -0.751799 -0
    outer loop
      vertex 77.6737 2.11994 0
      vertex 77.3787 2.37868 -5
      vertex 77.6737 2.11994 -5
    endloop
  endfacet
  facet normal -0.896936 -0.44216 0
    outer loop
      vertex 76.9019 3 -5
      vertex 76.7284 3.35195 0
      vertex 76.7284 3.35195 -5
    endloop
  endfacet
  facet normal -0.896936 -0.44216 0
    outer loop
      vertex 76.7284 3.35195 0
      vertex 76.9019 3 -5
      vertex 76.9019 3 0
    endloop
  endfacet
  facet normal 0 0 -1
    outer loop
      vertex 80.8 4.5 -5
      vertex 82.5 4.5 -5
      vertex 82.4743 4.10842 -5
    endloop
  endfacet
  facet normal 0 0 -1
    outer loop
      vertex 80.7889 4.33032 -5
      vertex 82.4743 4.10842 -5
      vertex 82.3978 3.72354 -5
    endloop
  endfacet
  facet normal 0 0 -1
    outer loop
      vertex 82.5 4.5 -5
      vertex 80.8 4.5 -5
      vertex 82.4743 4.89158 -5
    endloop
  endfacet
  facet normal 0 0 -1
    outer loop
      vertex 80.7557 4.16354 -5
      vertex 82.3978 3.72354 -5
      vertex 82.2716 3.35195 -5
    endloop
  endfacet
  facet normal 0 0 -1
    outer loop
      vertex 80.7889 4.66968 -5
      vertex 82.4743 4.89158 -5
      vertex 80.8 4.5 -5
    endloop
  endfacet
  facet normal 0 0 -1
    outer loop
      vertex 80.701 4.00251 -5
      vertex 82.2716 3.35195 -5
      vertex 82.0981 3 -5
    endloop
  endfacet
  facet normal -0 0 -1
    outer loop
      vertex 82.4743 4.89158 -5
      vertex 80.7889 4.66968 -5
      vertex 82.3978 5.27646 -5
    endloop
  endfacet
  facet normal 0 0 -1
    outer loop
      vertex 80.6258 3.85 -5
      vertex 82.0981 3 -5
      vertex 81.8801 2.67372 -5
    endloop
  endfacet
  facet normal 0 0 -1
    outer loop
      vertex 80.7557 4.83646 -5
      vertex 82.3978 5.27646 -5
      vertex 80.7889 4.66968 -5
    endloop
  endfacet
  facet normal 0 0 -1
    outer loop
      vertex 80.5314 3.70861 -5
      vertex 81.8801 2.67372 -5
      vertex 81.6213 2.37868 -5
    endloop
  endfacet
  facet normal -0 0 -1
    outer loop
      vertex 82.3978 5.27646 -5
      vertex 80.7557 4.83646 -5
      vertex 82.2716 5.64805 -5
    endloop
  endfacet
  facet normal 0 0 -1
    outer loop
      vertex 80.4192 3.58076 -5
      vertex 81.6213 2.37868 -5
      vertex 81.3263 2.11994 -5
    endloop
  endfacet
  facet normal 0 0 -1
    outer loop
      vertex 80.701 4.99749 -5
      vertex 82.2716 5.64805 -5
      vertex 80.7557 4.83646 -5
    endloop
  endfacet
  facet normal 0 0 -1
    outer loop
      vertex 80.2914 3.46864 -5
      vertex 81.3263 2.11994 -5
      vertex 81 1.90192 -5
    endloop
  endfacet
  facet normal -0 0 -1
    outer loop
      vertex 82.2716 5.64805 -5
      vertex 80.701 4.99749 -5
      vertex 82.0981 6 -5
    endloop
  endfacet
  facet normal 0 0 -1
    outer loop
      vertex 80.6258 5.15 -5
      vertex 82.0981 6 -5
      vertex 80.701 4.99749 -5
    endloop
  endfacet
  facet normal 0 0 -1
    outer loop
      vertex 82.4743 4.10842 -5
      vertex 80.7889 4.33032 -5
      vertex 80.8 4.5 -5
    endloop
  endfacet
  facet normal 0 0 -1
    outer loop
      vertex 82.3978 3.72354 -5
      vertex 80.7557 4.16354 -5
      vertex 80.7889 4.33032 -5
    endloop
  endfacet
  facet normal 0 0 -1
    outer loop
      vertex 82.2716 3.35195 -5
      vertex 80.701 4.00251 -5
      vertex 80.7557 4.16354 -5
    endloop
  endfacet
  facet normal 0 0 -1
    outer loop
      vertex 80.15 3.37417 -5
      vertex 81 1.90192 -5
      vertex 80.648 1.72836 -5
    endloop
  endfacet
  facet normal 0 0 -1
    outer loop
      vertex 82.0981 3 -5
      vertex 80.6258 3.85 -5
      vertex 80.701 4.00251 -5
    endloop
  endfacet
  facet normal 0 0 -1
    outer loop
      vertex 81.8801 2.67372 -5
      vertex 80.5314 3.70861 -5
      vertex 80.6258 3.85 -5
    endloop
  endfacet
  facet normal 0 0 -1
    outer loop
      vertex 81.6213 2.37868 -5
      vertex 80.4192 3.58076 -5
      vertex 80.5314 3.70861 -5
    endloop
  endfacet
  facet normal 0 0 -1
    outer loop
      vertex 81.3263 2.11994 -5
      vertex 80.2914 3.46864 -5
      vertex 80.4192 3.58076 -5
    endloop
  endfacet
  facet normal 0 0 -1
    outer loop
      vertex 79.9975 3.29896 -5
      vertex 80.648 1.72836 -5
      vertex 80.2765 1.60222 -5
    endloop
  endfacet
  facet normal 0 0 -1
    outer loop
      vertex 81 1.90192 -5
      vertex 80.15 3.37417 -5
      vertex 80.2914 3.46864 -5
    endloop
  endfacet
  facet normal 0 0 -1
    outer loop
      vertex 80.648 1.72836 -5
      vertex 79.9975 3.29896 -5
      vertex 80.15 3.37417 -5
    endloop
  endfacet
  facet normal 0 0 -1
    outer loop
      vertex 79.8365 3.2443 -5
      vertex 80.2765 1.60222 -5
      vertex 79.8916 1.52567 -5
    endloop
  endfacet
  facet normal 0 0 -1
    outer loop
      vertex 80.2765 1.60222 -5
      vertex 79.8365 3.2443 -5
      vertex 79.9975 3.29896 -5
    endloop
  endfacet
  facet normal 0 0 -1
    outer loop
      vertex 79.8916 1.52567 -5
      vertex 79.6697 3.21112 -5
      vertex 79.8365 3.2443 -5
    endloop
  endfacet
  facet normal 0 0 -1
    outer loop
      vertex 79.5 1.5 -5
      vertex 79.6697 3.21112 -5
      vertex 79.8916 1.52567 -5
    endloop
  endfacet
  facet normal 0 0 -1
    outer loop
      vertex 79.5 1.5 -5
      vertex 79.5 3.2 -5
      vertex 79.6697 3.21112 -5
    endloop
  endfacet
  facet normal 0 0 -1
    outer loop
      vertex 79.5 1.5 -5
      vertex 79.3303 3.21112 -5
      vertex 79.5 3.2 -5
    endloop
  endfacet
  facet normal 0 0 -1
    outer loop
      vertex 79.1084 1.52567 -5
      vertex 79.3303 3.21112 -5
      vertex 79.5 1.5 -5
    endloop
  endfacet
  facet normal -0 0 -1
    outer loop
      vertex 79.3303 3.21112 -5
      vertex 79.1084 1.52567 -5
      vertex 79.1635 3.2443 -5
    endloop
  endfacet
  facet normal 0 0 -1
    outer loop
      vertex 78.7235 1.60222 -5
      vertex 79.1635 3.2443 -5
      vertex 79.1084 1.52567 -5
    endloop
  endfacet
  facet normal -0 0 -1
    outer loop
      vertex 79.1635 3.2443 -5
      vertex 78.7235 1.60222 -5
      vertex 79.0025 3.29896 -5
    endloop
  endfacet
  facet normal 0 0 -1
    outer loop
      vertex 78.352 1.72836 -5
      vertex 79.0025 3.29896 -5
      vertex 78.7235 1.60222 -5
    endloop
  endfacet
  facet normal -0 0 -1
    outer loop
      vertex 79.0025 3.29896 -5
      vertex 78.352 1.72836 -5
      vertex 78.85 3.37417 -5
    endloop
  endfacet
  facet normal 0 0 -1
    outer loop
      vertex 78 1.90192 -5
      vertex 78.85 3.37417 -5
      vertex 78.352 1.72836 -5
    endloop
  endfacet
  facet normal -0 0 -1
    outer loop
      vertex 78.85 3.37417 -5
      vertex 78 1.90192 -5
      vertex 78.7086 3.46864 -5
    endloop
  endfacet
  facet normal 0 0 -1
    outer loop
      vertex 77.6737 2.11994 -5
      vertex 78.7086 3.46864 -5
      vertex 78 1.90192 -5
    endloop
  endfacet
  facet normal -0 0 -1
    outer loop
      vertex 78.7086 3.46864 -5
      vertex 77.6737 2.11994 -5
      vertex 78.5808 3.58076 -5
    endloop
  endfacet
  facet normal 0 0 -1
    outer loop
      vertex 77.3787 2.37868 -5
      vertex 78.5808 3.58076 -5
      vertex 77.6737 2.11994 -5
    endloop
  endfacet
  facet normal -0 0 -1
    outer loop
      vertex 78.5808 3.58076 -5
      vertex 77.3787 2.37868 -5
      vertex 78.4686 3.70861 -5
    endloop
  endfacet
  facet normal 0 0 -1
    outer loop
      vertex 77.1199 2.67372 -5
      vertex 78.4686 3.70861 -5
      vertex 77.3787 2.37868 -5
    endloop
  endfacet
  facet normal -0 0 -1
    outer loop
      vertex 78.4686 3.70861 -5
      vertex 77.1199 2.67372 -5
      vertex 78.3742 3.85 -5
    endloop
  endfacet
  facet normal 0 0 -1
    outer loop
      vertex 76.9019 3 -5
      vertex 78.3742 3.85 -5
      vertex 77.1199 2.67372 -5
    endloop
  endfacet
  facet normal -0 0 -1
    outer loop
      vertex 82.0981 6 -5
      vertex 80.6258 5.15 -5
      vertex 81.8801 6.32628 -5
    endloop
  endfacet
  facet normal 0 0 -1
    outer loop
      vertex 80.5314 5.29139 -5
      vertex 81.8801 6.32628 -5
      vertex 80.6258 5.15 -5
    endloop
  endfacet
  facet normal -0 0 -1
    outer loop
      vertex 81.8801 6.32628 -5
      vertex 80.5314 5.29139 -5
      vertex 81.6213 6.62132 -5
    endloop
  endfacet
  facet normal 0 0 -1
    outer loop
      vertex 80.4192 5.41924 -5
      vertex 81.6213 6.62132 -5
      vertex 80.5314 5.29139 -5
    endloop
  endfacet
  facet normal -0 0 -1
    outer loop
      vertex 81.6213 6.62132 -5
      vertex 80.4192 5.41924 -5
      vertex 81.3263 6.88006 -5
    endloop
  endfacet
  facet normal 0 0 -1
    outer loop
      vertex 80.2914 5.53136 -5
      vertex 81.3263 6.88006 -5
      vertex 80.4192 5.41924 -5
    endloop
  endfacet
  facet normal -0 0 -1
    outer loop
      vertex 81.3263 6.88006 -5
      vertex 80.2914 5.53136 -5
      vertex 81 7.09808 -5
    endloop
  endfacet
  facet normal 0 0 -1
    outer loop
      vertex 80.15 5.62583 -5
      vertex 81 7.09808 -5
      vertex 80.2914 5.53136 -5
    endloop
  endfacet
  facet normal -0 0 -1
    outer loop
      vertex 81 7.09808 -5
      vertex 80.15 5.62583 -5
      vertex 80.648 7.27164 -5
    endloop
  endfacet
  facet normal 0 0 -1
    outer loop
      vertex 79.9975 5.70104 -5
      vertex 80.648 7.27164 -5
      vertex 80.15 5.62583 -5
    endloop
  endfacet
  facet normal -0 0 -1
    outer loop
      vertex 80.648 7.27164 -5
      vertex 79.9975 5.70104 -5
      vertex 80.2765 7.39778 -5
    endloop
  endfacet
  facet normal 0 0 -1
    outer loop
      vertex 79.8365 5.7557 -5
      vertex 80.2765 7.39778 -5
      vertex 79.9975 5.70104 -5
    endloop
  endfacet
  facet normal -0 0 -1
    outer loop
      vertex 80.2765 7.39778 -5
      vertex 79.8365 5.7557 -5
      vertex 79.8916 7.47433 -5
    endloop
  endfacet
  facet normal 0 0 -1
    outer loop
      vertex 79.6697 5.78888 -5
      vertex 79.8916 7.47433 -5
      vertex 79.8365 5.7557 -5
    endloop
  endfacet
  facet normal 0 0 -1
    outer loop
      vertex 79.5 5.8 -5
      vertex 79.8916 7.47433 -5
      vertex 79.6697 5.78888 -5
    endloop
  endfacet
  facet normal 0 0 -1
    outer loop
      vertex 79.5 5.8 -5
      vertex 79.5 7.5 -5
      vertex 79.8916 7.47433 -5
    endloop
  endfacet
  facet normal 0 0 -1
    outer loop
      vertex 79.3303 5.78888 -5
      vertex 79.5 7.5 -5
      vertex 79.5 5.8 -5
    endloop
  endfacet
  facet normal 0 0 -1
    outer loop
      vertex 79.1084 7.47433 -5
      vertex 79.3303 5.78888 -5
      vertex 79.1635 5.7557 -5
    endloop
  endfacet
  facet normal 0 0 -1
    outer loop
      vertex 79.3303 5.78888 -5
      vertex 79.1084 7.47433 -5
      vertex 79.5 7.5 -5
    endloop
  endfacet
  facet normal 0 0 -1
    outer loop
      vertex 78.7235 7.39778 -5
      vertex 79.1635 5.7557 -5
      vertex 79.0025 5.70104 -5
    endloop
  endfacet
  facet normal 0 0 -1
    outer loop
      vertex 78.352 7.27164 -5
      vertex 79.0025 5.70104 -5
      vertex 78.85 5.62583 -5
    endloop
  endfacet
  facet normal 0 0 -1
    outer loop
      vertex 79.1635 5.7557 -5
      vertex 78.7235 7.39778 -5
      vertex 79.1084 7.47433 -5
    endloop
  endfacet
  facet normal 0 0 -1
    outer loop
      vertex 78 7.09808 -5
      vertex 78.85 5.62583 -5
      vertex 78.7086 5.53136 -5
    endloop
  endfacet
  facet normal 0 0 -1
    outer loop
      vertex 77.6737 6.88006 -5
      vertex 78.7086 5.53136 -5
      vertex 78.5808 5.41924 -5
    endloop
  endfacet
  facet normal 0 0 -1
    outer loop
      vertex 77.3787 6.62132 -5
      vertex 78.5808 5.41924 -5
      vertex 78.4686 5.29139 -5
    endloop
  endfacet
  facet normal 0 0 -1
    outer loop
      vertex 77.1199 6.32628 -5
      vertex 78.4686 5.29139 -5
      vertex 78.3742 5.15 -5
    endloop
  endfacet
  facet normal 0 0 -1
    outer loop
      vertex 79.0025 5.70104 -5
      vertex 78.352 7.27164 -5
      vertex 78.7235 7.39778 -5
    endloop
  endfacet
  facet normal 0 0 -1
    outer loop
      vertex 76.9019 6 -5
      vertex 78.3742 5.15 -5
      vertex 78.299 4.99749 -5
    endloop
  endfacet
  facet normal 0 0 -1
    outer loop
      vertex 76.7284 5.64805 -5
      vertex 78.299 4.99749 -5
      vertex 78.2443 4.83646 -5
    endloop
  endfacet
  facet normal 0 0 -1
    outer loop
      vertex 76.6022 5.27646 -5
      vertex 78.2443 4.83646 -5
      vertex 78.2111 4.66968 -5
    endloop
  endfacet
  facet normal 0 0 -1
    outer loop
      vertex 76.5257 4.89158 -5
      vertex 78.2111 4.66968 -5
      vertex 78.2 4.5 -5
    endloop
  endfacet
  facet normal -0 0 -1
    outer loop
      vertex 78.3742 3.85 -5
      vertex 76.9019 3 -5
      vertex 78.299 4.00251 -5
    endloop
  endfacet
  facet normal 0 0 -1
    outer loop
      vertex 78.85 5.62583 -5
      vertex 78 7.09808 -5
      vertex 78.352 7.27164 -5
    endloop
  endfacet
  facet normal 0 0 -1
    outer loop
      vertex 76.7284 3.35195 -5
      vertex 78.299 4.00251 -5
      vertex 76.9019 3 -5
    endloop
  endfacet
  facet normal 0 0 -1
    outer loop
      vertex 78.7086 5.53136 -5
      vertex 77.6737 6.88006 -5
      vertex 78 7.09808 -5
    endloop
  endfacet
  facet normal -0 0 -1
    outer loop
      vertex 78.299 4.00251 -5
      vertex 76.7284 3.35195 -5
      vertex 78.2443 4.16354 -5
    endloop
  endfacet
  facet normal 0 0 -1
    outer loop
      vertex 78.5808 5.41924 -5
      vertex 77.3787 6.62132 -5
      vertex 77.6737 6.88006 -5
    endloop
  endfacet
  facet normal 0 0 -1
    outer loop
      vertex 76.6022 3.72354 -5
      vertex 78.2443 4.16354 -5
      vertex 76.7284 3.35195 -5
    endloop
  endfacet
  facet normal 0 0 -1
    outer loop
      vertex 78.4686 5.29139 -5
      vertex 77.1199 6.32628 -5
      vertex 77.3787 6.62132 -5
    endloop
  endfacet
  facet normal -0 0 -1
    outer loop
      vertex 78.2443 4.16354 -5
      vertex 76.6022 3.72354 -5
      vertex 78.2111 4.33032 -5
    endloop
  endfacet
  facet normal 0 0 -1
    outer loop
      vertex 78.3742 5.15 -5
      vertex 76.9019 6 -5
      vertex 77.1199 6.32628 -5
    endloop
  endfacet
  facet normal 0 0 -1
    outer loop
      vertex 76.5257 4.10842 -5
      vertex 78.2111 4.33032 -5
      vertex 76.6022 3.72354 -5
    endloop
  endfacet
  facet normal 0 0 -1
    outer loop
      vertex 78.299 4.99749 -5
      vertex 76.7284 5.64805 -5
      vertex 76.9019 6 -5
    endloop
  endfacet
  facet normal -0 0 -1
    outer loop
      vertex 78.2111 4.33032 -5
      vertex 76.5257 4.10842 -5
      vertex 78.2 4.5 -5
    endloop
  endfacet
  facet normal 0 0 -1
    outer loop
      vertex 78.2443 4.83646 -5
      vertex 76.6022 5.27646 -5
      vertex 76.7284 5.64805 -5
    endloop
  endfacet
  facet normal 0 0 -1
    outer loop
      vertex 76.5 4.5 -5
      vertex 78.2 4.5 -5
      vertex 76.5257 4.10842 -5
    endloop
  endfacet
  facet normal 0 0 -1
    outer loop
      vertex 78.2111 4.66968 -5
      vertex 76.5257 4.89158 -5
      vertex 76.6022 5.27646 -5
    endloop
  endfacet
  facet normal 0 0 -1
    outer loop
      vertex 78.2 4.5 -5
      vertex 76.5 4.5 -5
      vertex 76.5257 4.89158 -5
    endloop
  endfacet
  facet normal 0.946882 0.321582 0
    outer loop
      vertex 82.3978 5.27646 0
      vertex 82.2716 5.64805 -5
      vertex 82.2716 5.64805 0
    endloop
  endfacet
  facet normal 0.946882 0.321582 0
    outer loop
      vertex 82.2716 5.64805 -5
      vertex 82.3978 5.27646 0
      vertex 82.3978 5.27646 -5
    endloop
  endfacet
  facet normal 0.555558 0.831477 -0
    outer loop
      vertex 81.3263 6.88006 -5
      vertex 81 7.09808 0
      vertex 81.3263 6.88006 0
    endloop
  endfacet
  facet normal 0.555558 0.831477 0
    outer loop
      vertex 81 7.09808 0
      vertex 81.3263 6.88006 -5
      vertex 81 7.09808 -5
    endloop
  endfacet
  facet normal 0.0654112 0.997858 -0
    outer loop
      vertex 79.8916 7.47433 -5
      vertex 79.5 7.5 0
      vertex 79.8916 7.47433 0
    endloop
  endfacet
  facet normal 0.0654112 0.997858 0
    outer loop
      vertex 79.5 7.5 0
      vertex 79.8916 7.47433 -5
      vertex 79.5 7.5 -5
    endloop
  endfacet
  facet normal -0.997853 0.0654906 0
    outer loop
      vertex 76.5 4.5 -5
      vertex 76.5257 4.89158 0
      vertex 76.5257 4.89158 -5
    endloop
  endfacet
  facet normal -0.997853 0.0654906 0
    outer loop
      vertex 76.5257 4.89158 0
      vertex 76.5 4.5 -5
      vertex 76.5 4.5 0
    endloop
  endfacet
  facet normal -0.946882 0.321582 0
    outer loop
      vertex 76.6022 5.27646 -5
      vertex 76.7284 5.64805 0
      vertex 76.7284 5.64805 -5
    endloop
  endfacet
  facet normal -0.946882 0.321582 0
    outer loop
      vertex 76.7284 5.64805 0
      vertex 76.6022 5.27646 -5
      vertex 76.6022 5.27646 0
    endloop
  endfacet
  facet normal -0.831485 0.555547 0
    outer loop
      vertex 76.9019 6 -5
      vertex 77.1199 6.32628 0
      vertex 77.1199 6.32628 -5
    endloop
  endfacet
  facet normal -0.831485 0.555547 0
    outer loop
      vertex 77.1199 6.32628 0
      vertex 76.9019 6 -5
      vertex 76.9019 6 0
    endloop
  endfacet
  facet normal -0.0654112 0.997858 0
    outer loop
      vertex 79.5 7.5 -5
      vertex 79.1084 7.47433 0
      vertex 79.5 7.5 0
    endloop
  endfacet
  facet normal -0.0654112 0.997858 0
    outer loop
      vertex 79.1084 7.47433 0
      vertex 79.5 7.5 -5
      vertex 79.1084 7.47433 -5
    endloop
  endfacet
  facet normal -0.555558 0.831477 0
    outer loop
      vertex 78 7.09808 -5
      vertex 77.6737 6.88006 0
      vertex 78 7.09808 0
    endloop
  endfacet
  facet normal -0.555558 0.831477 0
    outer loop
      vertex 77.6737 6.88006 0
      vertex 78 7.09808 -5
      vertex 77.6737 6.88006 -5
    endloop
  endfacet
  facet normal -0.659392 0.751799 0
    outer loop
      vertex 77.6737 6.88006 -5
      vertex 77.3787 6.62132 0
      vertex 77.6737 6.88006 0
    endloop
  endfacet
  facet normal -0.659392 0.751799 0
    outer loop
      vertex 77.3787 6.62132 0
      vertex 77.6737 6.88006 -5
      vertex 77.3787 6.62132 -5
    endloop
  endfacet
  facet normal 0.997853 0.0654906 0
    outer loop
      vertex 82.5 4.5 0
      vertex 82.4743 4.89158 -5
      vertex 82.4743 4.89158 0
    endloop
  endfacet
  facet normal 0.997853 0.0654906 0
    outer loop
      vertex 82.4743 4.89158 -5
      vertex 82.5 4.5 0
      vertex 82.5 4.5 -5
    endloop
  endfacet
  facet normal 0.0654112 -0.997858 0
    outer loop
      vertex 79.5 1.5 -5
      vertex 79.8916 1.52567 0
      vertex 79.5 1.5 0
    endloop
  endfacet
  facet normal 0.0654112 -0.997858 0
    outer loop
      vertex 79.8916 1.52567 0
      vertex 79.5 1.5 -5
      vertex 79.8916 1.52567 -5
    endloop
  endfacet
  facet normal 0.946882 -0.321582 0
    outer loop
      vertex 82.2716 3.35195 0
      vertex 82.3978 3.72354 -5
      vertex 82.3978 3.72354 0
    endloop
  endfacet
  facet normal 0.946882 -0.321582 0
    outer loop
      vertex 82.3978 3.72354 -5
      vertex 82.2716 3.35195 0
      vertex 82.2716 3.35195 -5
    endloop
  endfacet
  facet normal 0.195062 -0.980791 0
    outer loop
      vertex 79.8916 1.52567 -5
      vertex 80.2765 1.60222 0
      vertex 79.8916 1.52567 0
    endloop
  endfacet
  facet normal 0.195062 -0.980791 0
    outer loop
      vertex 80.2765 1.60222 0
      vertex 79.8916 1.52567 -5
      vertex 80.2765 1.60222 -5
    endloop
  endfacet
  facet normal 0.555558 -0.831477 0
    outer loop
      vertex 81 1.90192 -5
      vertex 81.3263 2.11994 0
      vertex 81 1.90192 0
    endloop
  endfacet
  facet normal 0.555558 -0.831477 0
    outer loop
      vertex 81.3263 2.11994 0
      vertex 81 1.90192 -5
      vertex 81.3263 2.11994 -5
    endloop
  endfacet
  facet normal 0.896936 -0.44216 0
    outer loop
      vertex 82.0981 3 0
      vertex 82.2716 3.35195 -5
      vertex 82.2716 3.35195 0
    endloop
  endfacet
  facet normal 0.896936 -0.44216 0
    outer loop
      vertex 82.2716 3.35195 -5
      vertex 82.0981 3 0
      vertex 82.0981 3 -5
    endloop
  endfacet
  facet normal -0.0654112 -0.997858 0
    outer loop
      vertex 79.1084 1.52567 -5
      vertex 79.5 1.5 0
      vertex 79.1084 1.52567 0
    endloop
  endfacet
  facet normal -0.0654112 -0.997858 -0
    outer loop
      vertex 79.5 1.5 0
      vertex 79.1084 1.52567 -5
      vertex 79.5 1.5 -5
    endloop
  endfacet
  facet normal -0.442233 -0.8969 0
    outer loop
      vertex 78 1.90192 -5
      vertex 78.352 1.72836 0
      vertex 78 1.90192 0
    endloop
  endfacet
  facet normal -0.442233 -0.8969 -0
    outer loop
      vertex 78.352 1.72836 0
      vertex 78 1.90192 -5
      vertex 78.352 1.72836 -5
    endloop
  endfacet
  facet normal -0.946882 -0.321582 0
    outer loop
      vertex 76.7284 3.35195 -5
      vertex 76.6022 3.72354 0
      vertex 76.6022 3.72354 -5
    endloop
  endfacet
  facet normal -0.946882 -0.321582 0
    outer loop
      vertex 76.6022 3.72354 0
      vertex 76.7284 3.35195 -5
      vertex 76.7284 3.35195 0
    endloop
  endfacet
  facet normal -0.997853 -0.0654906 0
    outer loop
      vertex 76.5257 4.10842 -5
      vertex 76.5 4.5 0
      vertex 76.5 4.5 -5
    endloop
  endfacet
  facet normal -0.997853 -0.0654906 0
    outer loop
      vertex 76.5 4.5 0
      vertex 76.5257 4.10842 -5
      vertex 76.5257 4.10842 0
    endloop
  endfacet
  facet normal -0.831485 -0.555547 0
    outer loop
      vertex 77.1199 2.67372 -5
      vertex 76.9019 3 0
      vertex 76.9019 3 -5
    endloop
  endfacet
  facet normal -0.831485 -0.555547 0
    outer loop
      vertex 76.9019 3 0
      vertex 77.1199 2.67372 -5
      vertex 77.1199 2.67372 0
    endloop
  endfacet
  facet normal 0.195062 0.980791 -0
    outer loop
      vertex 80.2765 7.39778 -5
      vertex 79.8916 7.47433 0
      vertex 80.2765 7.39778 0
    endloop
  endfacet
  facet normal 0.195062 0.980791 0
    outer loop
      vertex 79.8916 7.47433 0
      vertex 80.2765 7.39778 -5
      vertex 79.8916 7.47433 -5
    endloop
  endfacet
  facet normal -0.980813 0.19495 0
    outer loop
      vertex 76.5257 4.89158 -5
      vertex 76.6022 5.27646 0
      vertex 76.6022 5.27646 -5
    endloop
  endfacet
  facet normal -0.980813 0.19495 0
    outer loop
      vertex 76.6022 5.27646 0
      vertex 76.5257 4.89158 -5
      vertex 76.5257 4.89158 0
    endloop
  endfacet
  facet normal 0.980813 -0.19495 0
    outer loop
      vertex 82.3978 3.72354 0
      vertex 82.4743 4.10842 -5
      vertex 82.4743 4.10842 0
    endloop
  endfacet
  facet normal 0.980813 -0.19495 0
    outer loop
      vertex 82.4743 4.10842 -5
      vertex 82.3978 3.72354 0
      vertex 82.3978 3.72354 -5
    endloop
  endfacet
  facet normal 0.659392 -0.751799 0
    outer loop
      vertex 81.3263 2.11994 -5
      vertex 81.6213 2.37868 0
      vertex 81.3263 2.11994 0
    endloop
  endfacet
  facet normal 0.659392 -0.751799 0
    outer loop
      vertex 81.6213 2.37868 0
      vertex 81.3263 2.11994 -5
      vertex 81.6213 2.37868 -5
    endloop
  endfacet
  facet normal 0.831485 -0.555547 0
    outer loop
      vertex 81.8801 2.67372 0
      vertex 82.0981 3 -5
      vertex 82.0981 3 0
    endloop
  endfacet
  facet normal 0.831485 -0.555547 0
    outer loop
      vertex 82.0981 3 -5
      vertex 81.8801 2.67372 0
      vertex 81.8801 2.67372 -5
    endloop
  endfacet
  facet normal -0.555558 -0.831477 0
    outer loop
      vertex 77.6737 2.11994 -5
      vertex 78 1.90192 0
      vertex 77.6737 2.11994 0
    endloop
  endfacet
  facet normal -0.555558 -0.831477 -0
    outer loop
      vertex 78 1.90192 0
      vertex 77.6737 2.11994 -5
      vertex 78 1.90192 -5
    endloop
  endfacet
  facet normal -0.980813 -0.19495 0
    outer loop
      vertex 76.6022 3.72354 -5
      vertex 76.5257 4.10842 0
      vertex 76.5257 4.10842 -5
    endloop
  endfacet
  facet normal -0.980813 -0.19495 0
    outer loop
      vertex 76.5257 4.10842 0
      vertex 76.6022 3.72354 -5
      vertex 76.6022 3.72354 0
    endloop
  endfacet
  facet normal -0.751768 -0.659428 0
    outer loop
      vertex 77.3787 2.37868 -5
      vertex 77.1199 2.67372 0
      vertex 77.1199 2.67372 -5
    endloop
  endfacet
  facet normal -0.751768 -0.659428 0
    outer loop
      vertex 77.1199 2.67372 0
      vertex 77.3787 2.37868 -5
      vertex 77.3787 2.37868 0
    endloop
  endfacet
  facet normal -0.555528 -0.831498 0
    outer loop
      vertex 80.15 5.62583 -5
      vertex 80.2914 5.53136 0
      vertex 80.15 5.62583 0
    endloop
  endfacet
  facet normal -0.555528 -0.831498 -0
    outer loop
      vertex 80.2914 5.53136 0
      vertex 80.15 5.62583 -5
      vertex 80.2914 5.53136 -5
    endloop
  endfacet
  facet normal 0.946863 -0.321638 0
    outer loop
      vertex 78.2443 4.83646 0
      vertex 78.299 4.99749 -5
      vertex 78.299 4.99749 0
    endloop
  endfacet
  facet normal 0.946863 -0.321638 0
    outer loop
      vertex 78.299 4.99749 -5
      vertex 78.2443 4.83646 0
      vertex 78.2443 4.83646 -5
    endloop
  endfacet
  facet normal -0.980757 0.195234 0
    outer loop
      vertex 80.7557 4.16354 -5
      vertex 80.7889 4.33032 0
      vertex 80.7889 4.33032 -5
    endloop
  endfacet
  facet normal -0.980757 0.195234 0
    outer loop
      vertex 80.7889 4.33032 0
      vertex 80.7557 4.16354 -5
      vertex 80.7557 4.16354 0
    endloop
  endfacet
  facet normal 0.321481 0.946916 -0
    outer loop
      vertex 79.1635 3.2443 -5
      vertex 79.0025 3.29896 0
      vertex 79.1635 3.2443 0
    endloop
  endfacet
  facet normal 0.321481 0.946916 0
    outer loop
      vertex 79.0025 3.29896 0
      vertex 79.1635 3.2443 -5
      vertex 79.0025 3.29896 -5
    endloop
  endfacet
  facet normal 0.321481 -0.946916 0
    outer loop
      vertex 79.0025 5.70104 -5
      vertex 79.1635 5.7557 0
      vertex 79.0025 5.70104 0
    endloop
  endfacet
  facet normal 0.321481 -0.946916 0
    outer loop
      vertex 79.1635 5.7557 0
      vertex 79.0025 5.70104 -5
      vertex 79.1635 5.7557 -5
    endloop
  endfacet
  facet normal 0.896895 -0.442243 0
    outer loop
      vertex 78.299 4.99749 0
      vertex 78.3742 5.15 -5
      vertex 78.3742 5.15 0
    endloop
  endfacet
  facet normal 0.896895 -0.442243 0
    outer loop
      vertex 78.3742 5.15 -5
      vertex 78.299 4.99749 0
      vertex 78.299 4.99749 -5
    endloop
  endfacet
  facet normal -0.896895 -0.442243 0
    outer loop
      vertex 80.701 4.99749 -5
      vertex 80.6258 5.15 0
      vertex 80.6258 5.15 -5
    endloop
  endfacet
  facet normal -0.896895 -0.442243 0
    outer loop
      vertex 80.6258 5.15 0
      vertex 80.701 4.99749 -5
      vertex 80.701 4.99749 0
    endloop
  endfacet
  facet normal -0.83167 -0.55527 0
    outer loop
      vertex 80.6258 5.15 -5
      vertex 80.5314 5.29139 0
      vertex 80.5314 5.29139 -5
    endloop
  endfacet
  facet normal -0.83167 -0.55527 0
    outer loop
      vertex 80.5314 5.29139 0
      vertex 80.6258 5.15 -5
      vertex 80.6258 5.15 0
    endloop
  endfacet
  facet normal -0.442314 -0.89686 0
    outer loop
      vertex 79.9975 5.70104 -5
      vertex 80.15 5.62583 0
      vertex 79.9975 5.70104 0
    endloop
  endfacet
  facet normal -0.442314 -0.89686 -0
    outer loop
      vertex 80.15 5.62583 0
      vertex 79.9975 5.70104 -5
      vertex 80.15 5.62583 -5
    endloop
  endfacet
  facet normal -0.195098 -0.980784 0
    outer loop
      vertex 79.6697 5.78888 -5
      vertex 79.8365 5.7557 0
      vertex 79.6697 5.78888 0
    endloop
  endfacet
  facet normal -0.195098 -0.980784 -0
    outer loop
      vertex 79.8365 5.7557 0
      vertex 79.6697 5.78888 -5
      vertex 79.8365 5.7557 -5
    endloop
  endfacet
  facet normal 0.980757 -0.195234 0
    outer loop
      vertex 78.2111 4.66968 0
      vertex 78.2443 4.83646 -5
      vertex 78.2443 4.83646 0
    endloop
  endfacet
  facet normal 0.980757 -0.195234 0
    outer loop
      vertex 78.2443 4.83646 -5
      vertex 78.2111 4.66968 0
      vertex 78.2111 4.66968 -5
    endloop
  endfacet
  facet normal 0.751611 -0.659607 0
    outer loop
      vertex 78.4686 5.29139 0
      vertex 78.5808 5.41924 -5
      vertex 78.5808 5.41924 0
    endloop
  endfacet
  facet normal 0.751611 -0.659607 0
    outer loop
      vertex 78.5808 5.41924 -5
      vertex 78.4686 5.29139 0
      vertex 78.4686 5.29139 -5
    endloop
  endfacet
  facet normal 0.195098 -0.980784 0
    outer loop
      vertex 79.1635 5.7557 -5
      vertex 79.3303 5.78888 0
      vertex 79.1635 5.7557 0
    endloop
  endfacet
  facet normal 0.195098 -0.980784 0
    outer loop
      vertex 79.3303 5.78888 0
      vertex 79.1635 5.7557 -5
      vertex 79.3303 5.78888 -5
    endloop
  endfacet
  facet normal 0.659487 -0.751716 0
    outer loop
      vertex 78.5808 5.41924 -5
      vertex 78.7086 5.53136 0
      vertex 78.5808 5.41924 0
    endloop
  endfacet
  facet normal 0.659487 -0.751716 0
    outer loop
      vertex 78.7086 5.53136 0
      vertex 78.5808 5.41924 -5
      vertex 78.7086 5.53136 -5
    endloop
  endfacet
  facet normal -0.997867 -0.0652777 0
    outer loop
      vertex 80.8 4.5 -5
      vertex 80.7889 4.66968 0
      vertex 80.7889 4.66968 -5
    endloop
  endfacet
  facet normal -0.997867 -0.0652777 0
    outer loop
      vertex 80.7889 4.66968 0
      vertex 80.8 4.5 -5
      vertex 80.8 4.5 0
    endloop
  endfacet
  facet normal -0.83167 0.55527 0
    outer loop
      vertex 80.5314 3.70861 -5
      vertex 80.6258 3.85 0
      vertex 80.6258 3.85 -5
    endloop
  endfacet
  facet normal -0.83167 0.55527 0
    outer loop
      vertex 80.6258 3.85 0
      vertex 80.5314 3.70861 -5
      vertex 80.5314 3.70861 0
    endloop
  endfacet
  facet normal -0.946863 0.321638 0
    outer loop
      vertex 80.701 4.00251 -5
      vertex 80.7557 4.16354 0
      vertex 80.7557 4.16354 -5
    endloop
  endfacet
  facet normal -0.946863 0.321638 0
    outer loop
      vertex 80.7557 4.16354 0
      vertex 80.701 4.00251 -5
      vertex 80.701 4.00251 0
    endloop
  endfacet
  facet normal -0.321481 0.946916 0
    outer loop
      vertex 79.9975 3.29896 -5
      vertex 79.8365 3.2443 0
      vertex 79.9975 3.29896 0
    endloop
  endfacet
  facet normal -0.321481 0.946916 0
    outer loop
      vertex 79.8365 3.2443 0
      vertex 79.9975 3.29896 -5
      vertex 79.8365 3.2443 -5
    endloop
  endfacet
  facet normal 0.195098 0.980784 -0
    outer loop
      vertex 79.3303 3.21112 -5
      vertex 79.1635 3.2443 0
      vertex 79.3303 3.21112 0
    endloop
  endfacet
  facet normal 0.195098 0.980784 0
    outer loop
      vertex 79.1635 3.2443 0
      vertex 79.3303 3.21112 -5
      vertex 79.1635 3.2443 -5
    endloop
  endfacet
  facet normal 0.659487 0.751716 -0
    outer loop
      vertex 78.7086 3.46864 -5
      vertex 78.5808 3.58076 0
      vertex 78.7086 3.46864 0
    endloop
  endfacet
  facet normal 0.659487 0.751716 0
    outer loop
      vertex 78.5808 3.58076 0
      vertex 78.7086 3.46864 -5
      vertex 78.5808 3.58076 -5
    endloop
  endfacet
  facet normal 0.751611 0.659607 0
    outer loop
      vertex 78.5808 3.58076 0
      vertex 78.4686 3.70861 -5
      vertex 78.4686 3.70861 0
    endloop
  endfacet
  facet normal 0.751611 0.659607 0
    outer loop
      vertex 78.4686 3.70861 -5
      vertex 78.5808 3.58076 0
      vertex 78.5808 3.58076 -5
    endloop
  endfacet
  facet normal -0.980757 -0.195234 0
    outer loop
      vertex 80.7889 4.66968 -5
      vertex 80.7557 4.83646 0
      vertex 80.7557 4.83646 -5
    endloop
  endfacet
  facet normal -0.980757 -0.195234 0
    outer loop
      vertex 80.7557 4.83646 0
      vertex 80.7889 4.66968 -5
      vertex 80.7889 4.66968 0
    endloop
  endfacet
  facet normal -0.946863 -0.321638 0
    outer loop
      vertex 80.7557 4.83646 -5
      vertex 80.701 4.99749 0
      vertex 80.701 4.99749 -5
    endloop
  endfacet
  facet normal -0.946863 -0.321638 0
    outer loop
      vertex 80.701 4.99749 0
      vertex 80.7557 4.83646 -5
      vertex 80.7557 4.83646 0
    endloop
  endfacet
  facet normal -0.751611 -0.659607 0
    outer loop
      vertex 80.5314 5.29139 -5
      vertex 80.4192 5.41924 0
      vertex 80.4192 5.41924 -5
    endloop
  endfacet
  facet normal -0.751611 -0.659607 0
    outer loop
      vertex 80.4192 5.41924 0
      vertex 80.5314 5.29139 -5
      vertex 80.5314 5.29139 0
    endloop
  endfacet
  facet normal -0.659487 -0.751716 0
    outer loop
      vertex 80.2914 5.53136 -5
      vertex 80.4192 5.41924 0
      vertex 80.2914 5.53136 0
    endloop
  endfacet
  facet normal -0.659487 -0.751716 -0
    outer loop
      vertex 80.4192 5.41924 0
      vertex 80.2914 5.53136 -5
      vertex 80.4192 5.41924 -5
    endloop
  endfacet
  facet normal -0.0653872 -0.99786 0
    outer loop
      vertex 79.5 5.8 -5
      vertex 79.6697 5.78888 0
      vertex 79.5 5.8 0
    endloop
  endfacet
  facet normal -0.0653872 -0.99786 -0
    outer loop
      vertex 79.6697 5.78888 0
      vertex 79.5 5.8 -5
      vertex 79.6697 5.78888 -5
    endloop
  endfacet
  facet normal -0.321481 -0.946916 0
    outer loop
      vertex 79.8365 5.7557 -5
      vertex 79.9975 5.70104 0
      vertex 79.8365 5.7557 0
    endloop
  endfacet
  facet normal -0.321481 -0.946916 -0
    outer loop
      vertex 79.9975 5.70104 0
      vertex 79.8365 5.7557 -5
      vertex 79.9975 5.70104 -5
    endloop
  endfacet
  facet normal 0.997867 -0.0652777 0
    outer loop
      vertex 78.2 4.5 0
      vertex 78.2111 4.66968 -5
      vertex 78.2111 4.66968 0
    endloop
  endfacet
  facet normal 0.997867 -0.0652777 0
    outer loop
      vertex 78.2111 4.66968 -5
      vertex 78.2 4.5 0
      vertex 78.2 4.5 -5
    endloop
  endfacet
  facet normal 0.83167 -0.55527 0
    outer loop
      vertex 78.3742 5.15 0
      vertex 78.4686 5.29139 -5
      vertex 78.4686 5.29139 0
    endloop
  endfacet
  facet normal 0.83167 -0.55527 0
    outer loop
      vertex 78.4686 5.29139 -5
      vertex 78.3742 5.15 0
      vertex 78.3742 5.15 -5
    endloop
  endfacet
  facet normal 0.0653872 -0.99786 0
    outer loop
      vertex 79.3303 5.78888 -5
      vertex 79.5 5.8 0
      vertex 79.3303 5.78888 0
    endloop
  endfacet
  facet normal 0.0653872 -0.99786 0
    outer loop
      vertex 79.5 5.8 0
      vertex 79.3303 5.78888 -5
      vertex 79.5 5.8 -5
    endloop
  endfacet
  facet normal 0.555528 -0.831498 0
    outer loop
      vertex 78.7086 5.53136 -5
      vertex 78.85 5.62583 0
      vertex 78.7086 5.53136 0
    endloop
  endfacet
  facet normal 0.555528 -0.831498 0
    outer loop
      vertex 78.85 5.62583 0
      vertex 78.7086 5.53136 -5
      vertex 78.85 5.62583 -5
    endloop
  endfacet
  facet normal 0.442314 -0.89686 0
    outer loop
      vertex 78.85 5.62583 -5
      vertex 79.0025 5.70104 0
      vertex 78.85 5.62583 0
    endloop
  endfacet
  facet normal 0.442314 -0.89686 0
    outer loop
      vertex 79.0025 5.70104 0
      vertex 78.85 5.62583 -5
      vertex 79.0025 5.70104 -5
    endloop
  endfacet
  facet normal -0.997867 0.0652777 0
    outer loop
      vertex 80.7889 4.33032 -5
      vertex 80.8 4.5 0
      vertex 80.8 4.5 -5
    endloop
  endfacet
  facet normal -0.997867 0.0652777 0
    outer loop
      vertex 80.8 4.5 0
      vertex 80.7889 4.33032 -5
      vertex 80.7889 4.33032 0
    endloop
  endfacet
  facet normal -0.0653872 0.99786 0
    outer loop
      vertex 79.6697 3.21112 -5
      vertex 79.5 3.2 0
      vertex 79.6697 3.21112 0
    endloop
  endfacet
  facet normal -0.0653872 0.99786 0
    outer loop
      vertex 79.5 3.2 0
      vertex 79.6697 3.21112 -5
      vertex 79.5 3.2 -5
    endloop
  endfacet
  facet normal -0.751611 0.659607 0
    outer loop
      vertex 80.4192 3.58076 -5
      vertex 80.5314 3.70861 0
      vertex 80.5314 3.70861 -5
    endloop
  endfacet
  facet normal -0.751611 0.659607 0
    outer loop
      vertex 80.5314 3.70861 0
      vertex 80.4192 3.58076 -5
      vertex 80.4192 3.58076 0
    endloop
  endfacet
  facet normal -0.659487 0.751716 0
    outer loop
      vertex 80.4192 3.58076 -5
      vertex 80.2914 3.46864 0
      vertex 80.4192 3.58076 0
    endloop
  endfacet
  facet normal -0.659487 0.751716 0
    outer loop
      vertex 80.2914 3.46864 0
      vertex 80.4192 3.58076 -5
      vertex 80.2914 3.46864 -5
    endloop
  endfacet
  facet normal -0.442314 0.89686 0
    outer loop
      vertex 80.15 3.37417 -5
      vertex 79.9975 3.29896 0
      vertex 80.15 3.37417 0
    endloop
  endfacet
  facet normal -0.442314 0.89686 0
    outer loop
      vertex 79.9975 3.29896 0
      vertex 80.15 3.37417 -5
      vertex 79.9975 3.29896 -5
    endloop
  endfacet
  facet normal 0.555528 0.831498 -0
    outer loop
      vertex 78.85 3.37417 -5
      vertex 78.7086 3.46864 0
      vertex 78.85 3.37417 0
    endloop
  endfacet
  facet normal 0.555528 0.831498 0
    outer loop
      vertex 78.7086 3.46864 0
      vertex 78.85 3.37417 -5
      vertex 78.7086 3.46864 -5
    endloop
  endfacet
  facet normal 0.946863 0.321638 0
    outer loop
      vertex 78.299 4.00251 0
      vertex 78.2443 4.16354 -5
      vertex 78.2443 4.16354 0
    endloop
  endfacet
  facet normal 0.946863 0.321638 0
    outer loop
      vertex 78.2443 4.16354 -5
      vertex 78.299 4.00251 0
      vertex 78.299 4.00251 -5
    endloop
  endfacet
  facet normal 0.997867 0.0652777 0
    outer loop
      vertex 78.2111 4.33032 0
      vertex 78.2 4.5 -5
      vertex 78.2 4.5 0
    endloop
  endfacet
  facet normal 0.997867 0.0652777 0
    outer loop
      vertex 78.2 4.5 -5
      vertex 78.2111 4.33032 0
      vertex 78.2111 4.33032 -5
    endloop
  endfacet
  facet normal 0.896895 0.442243 0
    outer loop
      vertex 78.3742 3.85 0
      vertex 78.299 4.00251 -5
      vertex 78.299 4.00251 0
    endloop
  endfacet
  facet normal 0.896895 0.442243 0
    outer loop
      vertex 78.299 4.00251 -5
      vertex 78.3742 3.85 0
      vertex 78.3742 3.85 -5
    endloop
  endfacet
  facet normal -0.896895 0.442243 0
    outer loop
      vertex 80.6258 3.85 -5
      vertex 80.701 4.00251 0
      vertex 80.701 4.00251 -5
    endloop
  endfacet
  facet normal -0.896895 0.442243 0
    outer loop
      vertex 80.701 4.00251 0
      vertex 80.6258 3.85 -5
      vertex 80.6258 3.85 0
    endloop
  endfacet
  facet normal -0.195098 0.980784 0
    outer loop
      vertex 79.8365 3.2443 -5
      vertex 79.6697 3.21112 0
      vertex 79.8365 3.2443 0
    endloop
  endfacet
  facet normal -0.195098 0.980784 0
    outer loop
      vertex 79.6697 3.21112 0
      vertex 79.8365 3.2443 -5
      vertex 79.6697 3.21112 -5
    endloop
  endfacet
  facet normal -0.555528 0.831498 0
    outer loop
      vertex 80.2914 3.46864 -5
      vertex 80.15 3.37417 0
      vertex 80.2914 3.46864 0
    endloop
  endfacet
  facet normal -0.555528 0.831498 0
    outer loop
      vertex 80.15 3.37417 0
      vertex 80.2914 3.46864 -5
      vertex 80.15 3.37417 -5
    endloop
  endfacet
  facet normal 0.0653872 0.99786 -0
    outer loop
      vertex 79.5 3.2 -5
      vertex 79.3303 3.21112 0
      vertex 79.5 3.2 0
    endloop
  endfacet
  facet normal 0.0653872 0.99786 0
    outer loop
      vertex 79.3303 3.21112 0
      vertex 79.5 3.2 -5
      vertex 79.3303 3.21112 -5
    endloop
  endfacet
  facet normal 0.442314 0.89686 -0
    outer loop
      vertex 79.0025 3.29896 -5
      vertex 78.85 3.37417 0
      vertex 79.0025 3.29896 0
    endloop
  endfacet
  facet normal 0.442314 0.89686 0
    outer loop
      vertex 78.85 3.37417 0
      vertex 79.0025 3.29896 -5
      vertex 78.85 3.37417 -5
    endloop
  endfacet
  facet normal 0.980757 0.195234 0
    outer loop
      vertex 78.2443 4.16354 0
      vertex 78.2111 4.33032 -5
      vertex 78.2111 4.33032 0
    endloop
  endfacet
  facet normal 0.980757 0.195234 0
    outer loop
      vertex 78.2111 4.33032 -5
      vertex 78.2443 4.16354 0
      vertex 78.2443 4.16354 -5
    endloop
  endfacet
  facet normal 0.83167 0.55527 0
    outer loop
      vertex 78.4686 3.70861 0
      vertex 78.3742 3.85 -5
      vertex 78.3742 3.85 0
    endloop
  endfacet
  facet normal 0.83167 0.55527 0
    outer loop
      vertex 78.3742 3.85 -5
      vertex 78.4686 3.70861 0
      vertex 78.4686 3.70861 -5
    endloop
  endfacet
  facet normal 0.659428 0.751768 -0
    outer loop
      vertex 6.62132 69.6213 -5
      vertex 6.32628 69.8801 0
      vertex 6.62132 69.6213 0
    endloop
  endfacet
  facet normal 0.659428 0.751768 0
    outer loop
      vertex 6.32628 69.8801 0
      vertex 6.62132 69.6213 -5
      vertex 6.32628 69.8801 -5
    endloop
  endfacet
  facet normal -0.321582 -0.946882 0
    outer loop
      vertex 3.35195 64.7284 -5
      vertex 3.72354 64.6022 0
      vertex 3.35195 64.7284 0
    endloop
  endfacet
  facet normal -0.321582 -0.946882 -0
    outer loop
      vertex 3.72354 64.6022 0
      vertex 3.35195 64.7284 -5
      vertex 3.72354 64.6022 -5
    endloop
  endfacet
  facet normal -0.321582 0.946882 0
    outer loop
      vertex 3.72354 70.3978 -5
      vertex 3.35195 70.2716 0
      vertex 3.72354 70.3978 0
    endloop
  endfacet
  facet normal -0.321582 0.946882 0
    outer loop
      vertex 3.35195 70.2716 0
      vertex 3.72354 70.3978 -5
      vertex 3.35195 70.2716 -5
    endloop
  endfacet
  facet normal -0.8969 0.442233 0
    outer loop
      vertex 1.72836 68.648 -5
      vertex 1.90192 69 0
      vertex 1.90192 69 -5
    endloop
  endfacet
  facet normal -0.8969 0.442233 0
    outer loop
      vertex 1.90192 69 0
      vertex 1.72836 68.648 -5
      vertex 1.72836 68.648 0
    endloop
  endfacet
  facet normal 0.8969 0.442233 0
    outer loop
      vertex 7.27164 68.648 0
      vertex 7.09808 69 -5
      vertex 7.09808 69 0
    endloop
  endfacet
  facet normal 0.8969 0.442233 0
    outer loop
      vertex 7.09808 69 -5
      vertex 7.27164 68.648 0
      vertex 7.27164 68.648 -5
    endloop
  endfacet
  facet normal 0.980791 0.195062 0
    outer loop
      vertex 7.47433 67.8916 0
      vertex 7.39778 68.2765 -5
      vertex 7.39778 68.2765 0
    endloop
  endfacet
  facet normal 0.980791 0.195062 0
    outer loop
      vertex 7.39778 68.2765 -5
      vertex 7.47433 67.8916 0
      vertex 7.47433 67.8916 -5
    endloop
  endfacet
  facet normal 0.831477 0.555558 0
    outer loop
      vertex 7.09808 69 0
      vertex 6.88006 69.3263 -5
      vertex 6.88006 69.3263 0
    endloop
  endfacet
  facet normal 0.831477 0.555558 0
    outer loop
      vertex 6.88006 69.3263 -5
      vertex 7.09808 69 0
      vertex 7.09808 69 -5
    endloop
  endfacet
  facet normal 0.751799 0.659392 0
    outer loop
      vertex 6.88006 69.3263 0
      vertex 6.62132 69.6213 -5
      vertex 6.62132 69.6213 0
    endloop
  endfacet
  facet normal 0.751799 0.659392 0
    outer loop
      vertex 6.62132 69.6213 -5
      vertex 6.88006 69.3263 0
      vertex 6.88006 69.3263 -5
    endloop
  endfacet
  facet normal 0.44216 0.896936 -0
    outer loop
      vertex 6 70.0981 -5
      vertex 5.64805 70.2716 0
      vertex 6 70.0981 0
    endloop
  endfacet
  facet normal 0.44216 0.896936 0
    outer loop
      vertex 5.64805 70.2716 0
      vertex 6 70.0981 -5
      vertex 5.64805 70.2716 -5
    endloop
  endfacet
  facet normal 0.321582 0.946882 -0
    outer loop
      vertex 5.64805 70.2716 -5
      vertex 5.27646 70.3978 0
      vertex 5.64805 70.2716 0
    endloop
  endfacet
  facet normal 0.321582 0.946882 0
    outer loop
      vertex 5.27646 70.3978 0
      vertex 5.64805 70.2716 -5
      vertex 5.27646 70.3978 -5
    endloop
  endfacet
  facet normal -0.751799 0.659392 0
    outer loop
      vertex 2.11994 69.3263 -5
      vertex 2.37868 69.6213 0
      vertex 2.37868 69.6213 -5
    endloop
  endfacet
  facet normal -0.751799 0.659392 0
    outer loop
      vertex 2.37868 69.6213 0
      vertex 2.11994 69.3263 -5
      vertex 2.11994 69.3263 0
    endloop
  endfacet
  facet normal -0.44216 0.896936 0
    outer loop
      vertex 3.35195 70.2716 -5
      vertex 3 70.0981 0
      vertex 3.35195 70.2716 0
    endloop
  endfacet
  facet normal -0.44216 0.896936 0
    outer loop
      vertex 3 70.0981 0
      vertex 3.35195 70.2716 -5
      vertex 3 70.0981 -5
    endloop
  endfacet
  facet normal -0.19495 0.980813 0
    outer loop
      vertex 4.10842 70.4743 -5
      vertex 3.72354 70.3978 0
      vertex 4.10842 70.4743 0
    endloop
  endfacet
  facet normal -0.19495 0.980813 0
    outer loop
      vertex 3.72354 70.3978 0
      vertex 4.10842 70.4743 -5
      vertex 3.72354 70.3978 -5
    endloop
  endfacet
  facet normal 0.997858 -0.0654112 0
    outer loop
      vertex 7.47433 67.1084 0
      vertex 7.5 67.5 -5
      vertex 7.5 67.5 0
    endloop
  endfacet
  facet normal 0.997858 -0.0654112 0
    outer loop
      vertex 7.5 67.5 -5
      vertex 7.47433 67.1084 0
      vertex 7.47433 67.1084 -5
    endloop
  endfacet
  facet normal 0.321582 -0.946882 0
    outer loop
      vertex 5.27646 64.6022 -5
      vertex 5.64805 64.7284 0
      vertex 5.27646 64.6022 0
    endloop
  endfacet
  facet normal 0.321582 -0.946882 0
    outer loop
      vertex 5.64805 64.7284 0
      vertex 5.27646 64.6022 -5
      vertex 5.64805 64.7284 -5
    endloop
  endfacet
  facet normal 0.44216 -0.896936 0
    outer loop
      vertex 5.64805 64.7284 -5
      vertex 6 64.9019 0
      vertex 5.64805 64.7284 0
    endloop
  endfacet
  facet normal 0.44216 -0.896936 0
    outer loop
      vertex 6 64.9019 0
      vertex 5.64805 64.7284 -5
      vertex 6 64.9019 -5
    endloop
  endfacet
  facet normal 0.751799 -0.659392 0
    outer loop
      vertex 6.62132 65.3787 0
      vertex 6.88006 65.6737 -5
      vertex 6.88006 65.6737 0
    endloop
  endfacet
  facet normal 0.751799 -0.659392 0
    outer loop
      vertex 6.88006 65.6737 -5
      vertex 6.62132 65.3787 0
      vertex 6.62132 65.3787 -5
    endloop
  endfacet
  facet normal -0.19495 -0.980813 0
    outer loop
      vertex 3.72354 64.6022 -5
      vertex 4.10842 64.5257 0
      vertex 3.72354 64.6022 0
    endloop
  endfacet
  facet normal -0.19495 -0.980813 -0
    outer loop
      vertex 4.10842 64.5257 0
      vertex 3.72354 64.6022 -5
      vertex 4.10842 64.5257 -5
    endloop
  endfacet
  facet normal -0.659428 -0.751768 0
    outer loop
      vertex 2.37868 65.3787 -5
      vertex 2.67372 65.1199 0
      vertex 2.37868 65.3787 0
    endloop
  endfacet
  facet normal -0.659428 -0.751768 -0
    outer loop
      vertex 2.67372 65.1199 0
      vertex 2.37868 65.3787 -5
      vertex 2.67372 65.1199 -5
    endloop
  endfacet
  facet normal -0.8969 -0.442233 0
    outer loop
      vertex 1.90192 66 -5
      vertex 1.72836 66.352 0
      vertex 1.72836 66.352 -5
    endloop
  endfacet
  facet normal -0.8969 -0.442233 0
    outer loop
      vertex 1.72836 66.352 0
      vertex 1.90192 66 -5
      vertex 1.90192 66 0
    endloop
  endfacet
  facet normal 0 0 -1
    outer loop
      vertex 5.8 67.5 -5
      vertex 7.5 67.5 -5
      vertex 7.47433 67.1084 -5
    endloop
  endfacet
  facet normal 0 0 -1
    outer loop
      vertex 5.78888 67.3303 -5
      vertex 7.47433 67.1084 -5
      vertex 7.39778 66.7235 -5
    endloop
  endfacet
  facet normal 0 0 -1
    outer loop
      vertex 7.5 67.5 -5
      vertex 5.8 67.5 -5
      vertex 7.47433 67.8916 -5
    endloop
  endfacet
  facet normal 0 0 -1
    outer loop
      vertex 5.7557 67.1635 -5
      vertex 7.39778 66.7235 -5
      vertex 7.27164 66.352 -5
    endloop
  endfacet
  facet normal 0 0 -1
    outer loop
      vertex 5.78888 67.6697 -5
      vertex 7.47433 67.8916 -5
      vertex 5.8 67.5 -5
    endloop
  endfacet
  facet normal 0 0 -1
    outer loop
      vertex 5.70104 67.0025 -5
      vertex 7.27164 66.352 -5
      vertex 7.09808 66 -5
    endloop
  endfacet
  facet normal -0 0 -1
    outer loop
      vertex 7.47433 67.8916 -5
      vertex 5.78888 67.6697 -5
      vertex 7.39778 68.2765 -5
    endloop
  endfacet
  facet normal 0 0 -1
    outer loop
      vertex 5.62583 66.85 -5
      vertex 7.09808 66 -5
      vertex 6.88006 65.6737 -5
    endloop
  endfacet
  facet normal 0 0 -1
    outer loop
      vertex 5.7557 67.8365 -5
      vertex 7.39778 68.2765 -5
      vertex 5.78888 67.6697 -5
    endloop
  endfacet
  facet normal 0 0 -1
    outer loop
      vertex 5.53136 66.7086 -5
      vertex 6.88006 65.6737 -5
      vertex 6.62132 65.3787 -5
    endloop
  endfacet
  facet normal -0 0 -1
    outer loop
      vertex 7.39778 68.2765 -5
      vertex 5.7557 67.8365 -5
      vertex 7.27164 68.648 -5
    endloop
  endfacet
  facet normal 0 0 -1
    outer loop
      vertex 5.41924 66.5808 -5
      vertex 6.62132 65.3787 -5
      vertex 6.32628 65.1199 -5
    endloop
  endfacet
  facet normal 0 0 -1
    outer loop
      vertex 5.70104 67.9975 -5
      vertex 7.27164 68.648 -5
      vertex 5.7557 67.8365 -5
    endloop
  endfacet
  facet normal 0 0 -1
    outer loop
      vertex 5.29139 66.4686 -5
      vertex 6.32628 65.1199 -5
      vertex 6 64.9019 -5
    endloop
  endfacet
  facet normal -0 0 -1
    outer loop
      vertex 7.27164 68.648 -5
      vertex 5.70104 67.9975 -5
      vertex 7.09808 69 -5
    endloop
  endfacet
  facet normal 0 0 -1
    outer loop
      vertex 5.62583 68.15 -5
      vertex 7.09808 69 -5
      vertex 5.70104 67.9975 -5
    endloop
  endfacet
  facet normal 0 0 -1
    outer loop
      vertex 7.47433 67.1084 -5
      vertex 5.78888 67.3303 -5
      vertex 5.8 67.5 -5
    endloop
  endfacet
  facet normal 0 0 -1
    outer loop
      vertex 7.39778 66.7235 -5
      vertex 5.7557 67.1635 -5
      vertex 5.78888 67.3303 -5
    endloop
  endfacet
  facet normal 0 0 -1
    outer loop
      vertex 7.27164 66.352 -5
      vertex 5.70104 67.0025 -5
      vertex 5.7557 67.1635 -5
    endloop
  endfacet
  facet normal 0 0 -1
    outer loop
      vertex 5.15 66.3742 -5
      vertex 6 64.9019 -5
      vertex 5.64805 64.7284 -5
    endloop
  endfacet
  facet normal 0 0 -1
    outer loop
      vertex 7.09808 66 -5
      vertex 5.62583 66.85 -5
      vertex 5.70104 67.0025 -5
    endloop
  endfacet
  facet normal 0 0 -1
    outer loop
      vertex 6.88006 65.6737 -5
      vertex 5.53136 66.7086 -5
      vertex 5.62583 66.85 -5
    endloop
  endfacet
  facet normal 0 0 -1
    outer loop
      vertex 6.62132 65.3787 -5
      vertex 5.41924 66.5808 -5
      vertex 5.53136 66.7086 -5
    endloop
  endfacet
  facet normal 0 0 -1
    outer loop
      vertex 6.32628 65.1199 -5
      vertex 5.29139 66.4686 -5
      vertex 5.41924 66.5808 -5
    endloop
  endfacet
  facet normal 0 0 -1
    outer loop
      vertex 4.99749 66.299 -5
      vertex 5.64805 64.7284 -5
      vertex 5.27646 64.6022 -5
    endloop
  endfacet
  facet normal 0 0 -1
    outer loop
      vertex 6 64.9019 -5
      vertex 5.15 66.3742 -5
      vertex 5.29139 66.4686 -5
    endloop
  endfacet
  facet normal 0 0 -1
    outer loop
      vertex 5.64805 64.7284 -5
      vertex 4.99749 66.299 -5
      vertex 5.15 66.3742 -5
    endloop
  endfacet
  facet normal 0 0 -1
    outer loop
      vertex 4.83646 66.2443 -5
      vertex 5.27646 64.6022 -5
      vertex 4.89158 64.5257 -5
    endloop
  endfacet
  facet normal 0 0 -1
    outer loop
      vertex 5.27646 64.6022 -5
      vertex 4.83646 66.2443 -5
      vertex 4.99749 66.299 -5
    endloop
  endfacet
  facet normal 0 0 -1
    outer loop
      vertex 4.89158 64.5257 -5
      vertex 4.66968 66.2111 -5
      vertex 4.83646 66.2443 -5
    endloop
  endfacet
  facet normal 0 0 -1
    outer loop
      vertex 4.5 64.5 -5
      vertex 4.66968 66.2111 -5
      vertex 4.89158 64.5257 -5
    endloop
  endfacet
  facet normal 0 0 -1
    outer loop
      vertex 4.5 64.5 -5
      vertex 4.5 66.2 -5
      vertex 4.66968 66.2111 -5
    endloop
  endfacet
  facet normal 0 0 -1
    outer loop
      vertex 4.5 64.5 -5
      vertex 4.33032 66.2111 -5
      vertex 4.5 66.2 -5
    endloop
  endfacet
  facet normal 0 0 -1
    outer loop
      vertex 4.10842 64.5257 -5
      vertex 4.33032 66.2111 -5
      vertex 4.5 64.5 -5
    endloop
  endfacet
  facet normal -0 0 -1
    outer loop
      vertex 4.33032 66.2111 -5
      vertex 4.10842 64.5257 -5
      vertex 4.16354 66.2443 -5
    endloop
  endfacet
  facet normal 0 0 -1
    outer loop
      vertex 3.72354 64.6022 -5
      vertex 4.16354 66.2443 -5
      vertex 4.10842 64.5257 -5
    endloop
  endfacet
  facet normal -0 0 -1
    outer loop
      vertex 4.16354 66.2443 -5
      vertex 3.72354 64.6022 -5
      vertex 4.00251 66.299 -5
    endloop
  endfacet
  facet normal 0 0 -1
    outer loop
      vertex 3.35195 64.7284 -5
      vertex 4.00251 66.299 -5
      vertex 3.72354 64.6022 -5
    endloop
  endfacet
  facet normal -0 0 -1
    outer loop
      vertex 4.00251 66.299 -5
      vertex 3.35195 64.7284 -5
      vertex 3.85 66.3742 -5
    endloop
  endfacet
  facet normal 0 0 -1
    outer loop
      vertex 3 64.9019 -5
      vertex 3.85 66.3742 -5
      vertex 3.35195 64.7284 -5
    endloop
  endfacet
  facet normal -0 0 -1
    outer loop
      vertex 3.85 66.3742 -5
      vertex 3 64.9019 -5
      vertex 3.70861 66.4686 -5
    endloop
  endfacet
  facet normal 0 0 -1
    outer loop
      vertex 2.67372 65.1199 -5
      vertex 3.70861 66.4686 -5
      vertex 3 64.9019 -5
    endloop
  endfacet
  facet normal -0 0 -1
    outer loop
      vertex 3.70861 66.4686 -5
      vertex 2.67372 65.1199 -5
      vertex 3.58076 66.5808 -5
    endloop
  endfacet
  facet normal 0 0 -1
    outer loop
      vertex 2.37868 65.3787 -5
      vertex 3.58076 66.5808 -5
      vertex 2.67372 65.1199 -5
    endloop
  endfacet
  facet normal -0 0 -1
    outer loop
      vertex 3.58076 66.5808 -5
      vertex 2.37868 65.3787 -5
      vertex 3.46864 66.7086 -5
    endloop
  endfacet
  facet normal 0 0 -1
    outer loop
      vertex 2.11994 65.6737 -5
      vertex 3.46864 66.7086 -5
      vertex 2.37868 65.3787 -5
    endloop
  endfacet
  facet normal -0 0 -1
    outer loop
      vertex 3.46864 66.7086 -5
      vertex 2.11994 65.6737 -5
      vertex 3.37417 66.85 -5
    endloop
  endfacet
  facet normal 0 0 -1
    outer loop
      vertex 1.90192 66 -5
      vertex 3.37417 66.85 -5
      vertex 2.11994 65.6737 -5
    endloop
  endfacet
  facet normal -0 0 -1
    outer loop
      vertex 7.09808 69 -5
      vertex 5.62583 68.15 -5
      vertex 6.88006 69.3263 -5
    endloop
  endfacet
  facet normal 0 0 -1
    outer loop
      vertex 5.53136 68.2914 -5
      vertex 6.88006 69.3263 -5
      vertex 5.62583 68.15 -5
    endloop
  endfacet
  facet normal -0 0 -1
    outer loop
      vertex 6.88006 69.3263 -5
      vertex 5.53136 68.2914 -5
      vertex 6.62132 69.6213 -5
    endloop
  endfacet
  facet normal 0 0 -1
    outer loop
      vertex 5.41924 68.4192 -5
      vertex 6.62132 69.6213 -5
      vertex 5.53136 68.2914 -5
    endloop
  endfacet
  facet normal -0 0 -1
    outer loop
      vertex 6.62132 69.6213 -5
      vertex 5.41924 68.4192 -5
      vertex 6.32628 69.8801 -5
    endloop
  endfacet
  facet normal 0 0 -1
    outer loop
      vertex 5.29139 68.5314 -5
      vertex 6.32628 69.8801 -5
      vertex 5.41924 68.4192 -5
    endloop
  endfacet
  facet normal -0 0 -1
    outer loop
      vertex 6.32628 69.8801 -5
      vertex 5.29139 68.5314 -5
      vertex 6 70.0981 -5
    endloop
  endfacet
  facet normal 0 0 -1
    outer loop
      vertex 5.15 68.6258 -5
      vertex 6 70.0981 -5
      vertex 5.29139 68.5314 -5
    endloop
  endfacet
  facet normal -0 0 -1
    outer loop
      vertex 6 70.0981 -5
      vertex 5.15 68.6258 -5
      vertex 5.64805 70.2716 -5
    endloop
  endfacet
  facet normal 0 0 -1
    outer loop
      vertex 4.99749 68.701 -5
      vertex 5.64805 70.2716 -5
      vertex 5.15 68.6258 -5
    endloop
  endfacet
  facet normal -0 0 -1
    outer loop
      vertex 5.64805 70.2716 -5
      vertex 4.99749 68.701 -5
      vertex 5.27646 70.3978 -5
    endloop
  endfacet
  facet normal 0 0 -1
    outer loop
      vertex 4.83646 68.7557 -5
      vertex 5.27646 70.3978 -5
      vertex 4.99749 68.701 -5
    endloop
  endfacet
  facet normal -0 0 -1
    outer loop
      vertex 5.27646 70.3978 -5
      vertex 4.83646 68.7557 -5
      vertex 4.89158 70.4743 -5
    endloop
  endfacet
  facet normal 0 0 -1
    outer loop
      vertex 4.66968 68.7889 -5
      vertex 4.89158 70.4743 -5
      vertex 4.83646 68.7557 -5
    endloop
  endfacet
  facet normal 0 0 -1
    outer loop
      vertex 4.5 68.8 -5
      vertex 4.89158 70.4743 -5
      vertex 4.66968 68.7889 -5
    endloop
  endfacet
  facet normal 0 0 -1
    outer loop
      vertex 4.5 68.8 -5
      vertex 4.5 70.5 -5
      vertex 4.89158 70.4743 -5
    endloop
  endfacet
  facet normal 0 0 -1
    outer loop
      vertex 4.33032 68.7889 -5
      vertex 4.5 70.5 -5
      vertex 4.5 68.8 -5
    endloop
  endfacet
  facet normal 0 0 -1
    outer loop
      vertex 4.10842 70.4743 -5
      vertex 4.33032 68.7889 -5
      vertex 4.16354 68.7557 -5
    endloop
  endfacet
  facet normal 0 0 -1
    outer loop
      vertex 4.33032 68.7889 -5
      vertex 4.10842 70.4743 -5
      vertex 4.5 70.5 -5
    endloop
  endfacet
  facet normal 0 0 -1
    outer loop
      vertex 3.72354 70.3978 -5
      vertex 4.16354 68.7557 -5
      vertex 4.00251 68.701 -5
    endloop
  endfacet
  facet normal 0 0 -1
    outer loop
      vertex 3.35195 70.2716 -5
      vertex 4.00251 68.701 -5
      vertex 3.85 68.6258 -5
    endloop
  endfacet
  facet normal 0 0 -1
    outer loop
      vertex 4.16354 68.7557 -5
      vertex 3.72354 70.3978 -5
      vertex 4.10842 70.4743 -5
    endloop
  endfacet
  facet normal 0 0 -1
    outer loop
      vertex 3 70.0981 -5
      vertex 3.85 68.6258 -5
      vertex 3.70861 68.5314 -5
    endloop
  endfacet
  facet normal 0 0 -1
    outer loop
      vertex 2.67372 69.8801 -5
      vertex 3.70861 68.5314 -5
      vertex 3.58076 68.4192 -5
    endloop
  endfacet
  facet normal 0 0 -1
    outer loop
      vertex 2.37868 69.6213 -5
      vertex 3.58076 68.4192 -5
      vertex 3.46864 68.2914 -5
    endloop
  endfacet
  facet normal 0 0 -1
    outer loop
      vertex 2.11994 69.3263 -5
      vertex 3.46864 68.2914 -5
      vertex 3.37417 68.15 -5
    endloop
  endfacet
  facet normal 0 0 -1
    outer loop
      vertex 4.00251 68.701 -5
      vertex 3.35195 70.2716 -5
      vertex 3.72354 70.3978 -5
    endloop
  endfacet
  facet normal 0 0 -1
    outer loop
      vertex 1.90192 69 -5
      vertex 3.37417 68.15 -5
      vertex 3.29896 67.9975 -5
    endloop
  endfacet
  facet normal 0 0 -1
    outer loop
      vertex 1.72836 68.648 -5
      vertex 3.29896 67.9975 -5
      vertex 3.2443 67.8365 -5
    endloop
  endfacet
  facet normal 0 0 -1
    outer loop
      vertex 1.60222 68.2765 -5
      vertex 3.2443 67.8365 -5
      vertex 3.21112 67.6697 -5
    endloop
  endfacet
  facet normal 0 0 -1
    outer loop
      vertex 1.52567 67.8916 -5
      vertex 3.21112 67.6697 -5
      vertex 3.2 67.5 -5
    endloop
  endfacet
  facet normal -0 0 -1
    outer loop
      vertex 3.37417 66.85 -5
      vertex 1.90192 66 -5
      vertex 3.29896 67.0025 -5
    endloop
  endfacet
  facet normal 0 0 -1
    outer loop
      vertex 3.85 68.6258 -5
      vertex 3 70.0981 -5
      vertex 3.35195 70.2716 -5
    endloop
  endfacet
  facet normal 0 0 -1
    outer loop
      vertex 1.72836 66.352 -5
      vertex 3.29896 67.0025 -5
      vertex 1.90192 66 -5
    endloop
  endfacet
  facet normal 0 0 -1
    outer loop
      vertex 3.70861 68.5314 -5
      vertex 2.67372 69.8801 -5
      vertex 3 70.0981 -5
    endloop
  endfacet
  facet normal -0 0 -1
    outer loop
      vertex 3.29896 67.0025 -5
      vertex 1.72836 66.352 -5
      vertex 3.2443 67.1635 -5
    endloop
  endfacet
  facet normal 0 0 -1
    outer loop
      vertex 3.58076 68.4192 -5
      vertex 2.37868 69.6213 -5
      vertex 2.67372 69.8801 -5
    endloop
  endfacet
  facet normal 0 0 -1
    outer loop
      vertex 1.60222 66.7235 -5
      vertex 3.2443 67.1635 -5
      vertex 1.72836 66.352 -5
    endloop
  endfacet
  facet normal 0 0 -1
    outer loop
      vertex 3.46864 68.2914 -5
      vertex 2.11994 69.3263 -5
      vertex 2.37868 69.6213 -5
    endloop
  endfacet
  facet normal -0 0 -1
    outer loop
      vertex 3.2443 67.1635 -5
      vertex 1.60222 66.7235 -5
      vertex 3.21112 67.3303 -5
    endloop
  endfacet
  facet normal 0 0 -1
    outer loop
      vertex 3.37417 68.15 -5
      vertex 1.90192 69 -5
      vertex 2.11994 69.3263 -5
    endloop
  endfacet
  facet normal 0 0 -1
    outer loop
      vertex 1.52567 67.1084 -5
      vertex 3.21112 67.3303 -5
      vertex 1.60222 66.7235 -5
    endloop
  endfacet
  facet normal 0 0 -1
    outer loop
      vertex 3.29896 67.9975 -5
      vertex 1.72836 68.648 -5
      vertex 1.90192 69 -5
    endloop
  endfacet
  facet normal -0 0 -1
    outer loop
      vertex 3.21112 67.3303 -5
      vertex 1.52567 67.1084 -5
      vertex 3.2 67.5 -5
    endloop
  endfacet
  facet normal 0 0 -1
    outer loop
      vertex 3.2443 67.8365 -5
      vertex 1.60222 68.2765 -5
      vertex 1.72836 68.648 -5
    endloop
  endfacet
  facet normal 0 0 -1
    outer loop
      vertex 1.5 67.5 -5
      vertex 3.2 67.5 -5
      vertex 1.52567 67.1084 -5
    endloop
  endfacet
  facet normal 0 0 -1
    outer loop
      vertex 3.21112 67.6697 -5
      vertex 1.52567 67.8916 -5
      vertex 1.60222 68.2765 -5
    endloop
  endfacet
  facet normal 0 0 -1
    outer loop
      vertex 3.2 67.5 -5
      vertex 1.5 67.5 -5
      vertex 1.52567 67.8916 -5
    endloop
  endfacet
  facet normal 0.946905 0.321514 0
    outer loop
      vertex 7.39778 68.2765 0
      vertex 7.27164 68.648 -5
      vertex 7.27164 68.648 0
    endloop
  endfacet
  facet normal 0.946905 0.321514 0
    outer loop
      vertex 7.27164 68.648 -5
      vertex 7.39778 68.2765 0
      vertex 7.39778 68.2765 -5
    endloop
  endfacet
  facet normal 0.555547 0.831485 -0
    outer loop
      vertex 6.32628 69.8801 -5
      vertex 6 70.0981 0
      vertex 6.32628 69.8801 0
    endloop
  endfacet
  facet normal 0.555547 0.831485 0
    outer loop
      vertex 6 70.0981 0
      vertex 6.32628 69.8801 -5
      vertex 6 70.0981 -5
    endloop
  endfacet
  facet normal 0.0654906 0.997853 -0
    outer loop
      vertex 4.89158 70.4743 -5
      vertex 4.5 70.5 0
      vertex 4.89158 70.4743 0
    endloop
  endfacet
  facet normal 0.0654906 0.997853 0
    outer loop
      vertex 4.5 70.5 0
      vertex 4.89158 70.4743 -5
      vertex 4.5 70.5 -5
    endloop
  endfacet
  facet normal -0.997858 0.0654112 0
    outer loop
      vertex 1.5 67.5 -5
      vertex 1.52567 67.8916 0
      vertex 1.52567 67.8916 -5
    endloop
  endfacet
  facet normal -0.997858 0.0654112 0
    outer loop
      vertex 1.52567 67.8916 0
      vertex 1.5 67.5 -5
      vertex 1.5 67.5 0
    endloop
  endfacet
  facet normal -0.946905 0.321514 0
    outer loop
      vertex 1.60222 68.2765 -5
      vertex 1.72836 68.648 0
      vertex 1.72836 68.648 -5
    endloop
  endfacet
  facet normal -0.946905 0.321514 0
    outer loop
      vertex 1.72836 68.648 0
      vertex 1.60222 68.2765 -5
      vertex 1.60222 68.2765 0
    endloop
  endfacet
  facet normal -0.831477 0.555558 0
    outer loop
      vertex 1.90192 69 -5
      vertex 2.11994 69.3263 0
      vertex 2.11994 69.3263 -5
    endloop
  endfacet
  facet normal -0.831477 0.555558 0
    outer loop
      vertex 2.11994 69.3263 0
      vertex 1.90192 69 -5
      vertex 1.90192 69 0
    endloop
  endfacet
  facet normal -0.0654906 0.997853 0
    outer loop
      vertex 4.5 70.5 -5
      vertex 4.10842 70.4743 0
      vertex 4.5 70.5 0
    endloop
  endfacet
  facet normal -0.0654906 0.997853 0
    outer loop
      vertex 4.10842 70.4743 0
      vertex 4.5 70.5 -5
      vertex 4.10842 70.4743 -5
    endloop
  endfacet
  facet normal -0.555547 0.831485 0
    outer loop
      vertex 3 70.0981 -5
      vertex 2.67372 69.8801 0
      vertex 3 70.0981 0
    endloop
  endfacet
  facet normal -0.555547 0.831485 0
    outer loop
      vertex 2.67372 69.8801 0
      vertex 3 70.0981 -5
      vertex 2.67372 69.8801 -5
    endloop
  endfacet
  facet normal -0.659428 0.751768 0
    outer loop
      vertex 2.67372 69.8801 -5
      vertex 2.37868 69.6213 0
      vertex 2.67372 69.8801 0
    endloop
  endfacet
  facet normal -0.659428 0.751768 0
    outer loop
      vertex 2.37868 69.6213 0
      vertex 2.67372 69.8801 -5
      vertex 2.37868 69.6213 -5
    endloop
  endfacet
  facet normal 0.997858 0.0654112 0
    outer loop
      vertex 7.5 67.5 0
      vertex 7.47433 67.8916 -5
      vertex 7.47433 67.8916 0
    endloop
  endfacet
  facet normal 0.997858 0.0654112 0
    outer loop
      vertex 7.47433 67.8916 -5
      vertex 7.5 67.5 0
      vertex 7.5 67.5 -5
    endloop
  endfacet
  facet normal 0.0654906 -0.997853 0
    outer loop
      vertex 4.5 64.5 -5
      vertex 4.89158 64.5257 0
      vertex 4.5 64.5 0
    endloop
  endfacet
  facet normal 0.0654906 -0.997853 0
    outer loop
      vertex 4.89158 64.5257 0
      vertex 4.5 64.5 -5
      vertex 4.89158 64.5257 -5
    endloop
  endfacet
  facet normal 0.946905 -0.321514 0
    outer loop
      vertex 7.27164 66.352 0
      vertex 7.39778 66.7235 -5
      vertex 7.39778 66.7235 0
    endloop
  endfacet
  facet normal 0.946905 -0.321514 0
    outer loop
      vertex 7.39778 66.7235 -5
      vertex 7.27164 66.352 0
      vertex 7.27164 66.352 -5
    endloop
  endfacet
  facet normal 0.19495 -0.980813 0
    outer loop
      vertex 4.89158 64.5257 -5
      vertex 5.27646 64.6022 0
      vertex 4.89158 64.5257 0
    endloop
  endfacet
  facet normal 0.19495 -0.980813 0
    outer loop
      vertex 5.27646 64.6022 0
      vertex 4.89158 64.5257 -5
      vertex 5.27646 64.6022 -5
    endloop
  endfacet
  facet normal 0.555547 -0.831485 0
    outer loop
      vertex 6 64.9019 -5
      vertex 6.32628 65.1199 0
      vertex 6 64.9019 0
    endloop
  endfacet
  facet normal 0.555547 -0.831485 0
    outer loop
      vertex 6.32628 65.1199 0
      vertex 6 64.9019 -5
      vertex 6.32628 65.1199 -5
    endloop
  endfacet
  facet normal 0.8969 -0.442233 0
    outer loop
      vertex 7.09808 66 0
      vertex 7.27164 66.352 -5
      vertex 7.27164 66.352 0
    endloop
  endfacet
  facet normal 0.8969 -0.442233 0
    outer loop
      vertex 7.27164 66.352 -5
      vertex 7.09808 66 0
      vertex 7.09808 66 -5
    endloop
  endfacet
  facet normal -0.0654906 -0.997853 0
    outer loop
      vertex 4.10842 64.5257 -5
      vertex 4.5 64.5 0
      vertex 4.10842 64.5257 0
    endloop
  endfacet
  facet normal -0.0654906 -0.997853 -0
    outer loop
      vertex 4.5 64.5 0
      vertex 4.10842 64.5257 -5
      vertex 4.5 64.5 -5
    endloop
  endfacet
  facet normal -0.44216 -0.896936 0
    outer loop
      vertex 3 64.9019 -5
      vertex 3.35195 64.7284 0
      vertex 3 64.9019 0
    endloop
  endfacet
  facet normal -0.44216 -0.896936 -0
    outer loop
      vertex 3.35195 64.7284 0
      vertex 3 64.9019 -5
      vertex 3.35195 64.7284 -5
    endloop
  endfacet
  facet normal -0.946905 -0.321514 0
    outer loop
      vertex 1.72836 66.352 -5
      vertex 1.60222 66.7235 0
      vertex 1.60222 66.7235 -5
    endloop
  endfacet
  facet normal -0.946905 -0.321514 0
    outer loop
      vertex 1.60222 66.7235 0
      vertex 1.72836 66.352 -5
      vertex 1.72836 66.352 0
    endloop
  endfacet
  facet normal -0.997858 -0.0654112 0
    outer loop
      vertex 1.52567 67.1084 -5
      vertex 1.5 67.5 0
      vertex 1.5 67.5 -5
    endloop
  endfacet
  facet normal -0.997858 -0.0654112 0
    outer loop
      vertex 1.5 67.5 0
      vertex 1.52567 67.1084 -5
      vertex 1.52567 67.1084 0
    endloop
  endfacet
  facet normal -0.831477 -0.555558 0
    outer loop
      vertex 2.11994 65.6737 -5
      vertex 1.90192 66 0
      vertex 1.90192 66 -5
    endloop
  endfacet
  facet normal -0.831477 -0.555558 0
    outer loop
      vertex 1.90192 66 0
      vertex 2.11994 65.6737 -5
      vertex 2.11994 65.6737 0
    endloop
  endfacet
  facet normal 0.19495 0.980813 -0
    outer loop
      vertex 5.27646 70.3978 -5
      vertex 4.89158 70.4743 0
      vertex 5.27646 70.3978 0
    endloop
  endfacet
  facet normal 0.19495 0.980813 0
    outer loop
      vertex 4.89158 70.4743 0
      vertex 5.27646 70.3978 -5
      vertex 4.89158 70.4743 -5
    endloop
  endfacet
  facet normal -0.980791 0.195062 0
    outer loop
      vertex 1.52567 67.8916 -5
      vertex 1.60222 68.2765 0
      vertex 1.60222 68.2765 -5
    endloop
  endfacet
  facet normal -0.980791 0.195062 0
    outer loop
      vertex 1.60222 68.2765 0
      vertex 1.52567 67.8916 -5
      vertex 1.52567 67.8916 0
    endloop
  endfacet
  facet normal 0.980791 -0.195062 0
    outer loop
      vertex 7.39778 66.7235 0
      vertex 7.47433 67.1084 -5
      vertex 7.47433 67.1084 0
    endloop
  endfacet
  facet normal 0.980791 -0.195062 0
    outer loop
      vertex 7.47433 67.1084 -5
      vertex 7.39778 66.7235 0
      vertex 7.39778 66.7235 -5
    endloop
  endfacet
  facet normal 0.659428 -0.751768 0
    outer loop
      vertex 6.32628 65.1199 -5
      vertex 6.62132 65.3787 0
      vertex 6.32628 65.1199 0
    endloop
  endfacet
  facet normal 0.659428 -0.751768 0
    outer loop
      vertex 6.62132 65.3787 0
      vertex 6.32628 65.1199 -5
      vertex 6.62132 65.3787 -5
    endloop
  endfacet
  facet normal 0.831477 -0.555558 0
    outer loop
      vertex 6.88006 65.6737 0
      vertex 7.09808 66 -5
      vertex 7.09808 66 0
    endloop
  endfacet
  facet normal 0.831477 -0.555558 0
    outer loop
      vertex 7.09808 66 -5
      vertex 6.88006 65.6737 0
      vertex 6.88006 65.6737 -5
    endloop
  endfacet
  facet normal -0.555547 -0.831485 0
    outer loop
      vertex 2.67372 65.1199 -5
      vertex 3 64.9019 0
      vertex 2.67372 65.1199 0
    endloop
  endfacet
  facet normal -0.555547 -0.831485 -0
    outer loop
      vertex 3 64.9019 0
      vertex 2.67372 65.1199 -5
      vertex 3 64.9019 -5
    endloop
  endfacet
  facet normal -0.980791 -0.195062 0
    outer loop
      vertex 1.60222 66.7235 -5
      vertex 1.52567 67.1084 0
      vertex 1.52567 67.1084 -5
    endloop
  endfacet
  facet normal -0.980791 -0.195062 0
    outer loop
      vertex 1.52567 67.1084 0
      vertex 1.60222 66.7235 -5
      vertex 1.60222 66.7235 0
    endloop
  endfacet
  facet normal -0.751799 -0.659392 0
    outer loop
      vertex 2.37868 65.3787 -5
      vertex 2.11994 65.6737 0
      vertex 2.11994 65.6737 -5
    endloop
  endfacet
  facet normal -0.751799 -0.659392 0
    outer loop
      vertex 2.11994 65.6737 0
      vertex 2.37868 65.3787 -5
      vertex 2.37868 65.3787 0
    endloop
  endfacet
  facet normal -0.55527 -0.83167 0
    outer loop
      vertex 5.15 68.6258 -5
      vertex 5.29139 68.5314 0
      vertex 5.15 68.6258 0
    endloop
  endfacet
  facet normal -0.55527 -0.83167 -0
    outer loop
      vertex 5.29139 68.5314 0
      vertex 5.15 68.6258 -5
      vertex 5.29139 68.5314 -5
    endloop
  endfacet
  facet normal 0.946916 -0.321481 0
    outer loop
      vertex 3.2443 67.8365 0
      vertex 3.29896 67.9975 -5
      vertex 3.29896 67.9975 0
    endloop
  endfacet
  facet normal 0.946916 -0.321481 0
    outer loop
      vertex 3.29896 67.9975 -5
      vertex 3.2443 67.8365 0
      vertex 3.2443 67.8365 -5
    endloop
  endfacet
  facet normal -0.980784 0.195098 0
    outer loop
      vertex 5.7557 67.1635 -5
      vertex 5.78888 67.3303 0
      vertex 5.78888 67.3303 -5
    endloop
  endfacet
  facet normal -0.980784 0.195098 0
    outer loop
      vertex 5.78888 67.3303 0
      vertex 5.7557 67.1635 -5
      vertex 5.7557 67.1635 0
    endloop
  endfacet
  facet normal 0.321638 0.946863 -0
    outer loop
      vertex 4.16354 66.2443 -5
      vertex 4.00251 66.299 0
      vertex 4.16354 66.2443 0
    endloop
  endfacet
  facet normal 0.321638 0.946863 0
    outer loop
      vertex 4.00251 66.299 0
      vertex 4.16354 66.2443 -5
      vertex 4.00251 66.299 -5
    endloop
  endfacet
  facet normal 0.321638 -0.946863 0
    outer loop
      vertex 4.00251 68.701 -5
      vertex 4.16354 68.7557 0
      vertex 4.00251 68.701 0
    endloop
  endfacet
  facet normal 0.321638 -0.946863 0
    outer loop
      vertex 4.16354 68.7557 0
      vertex 4.00251 68.701 -5
      vertex 4.16354 68.7557 -5
    endloop
  endfacet
  facet normal 0.89686 -0.442314 0
    outer loop
      vertex 3.29896 67.9975 0
      vertex 3.37417 68.15 -5
      vertex 3.37417 68.15 0
    endloop
  endfacet
  facet normal 0.89686 -0.442314 0
    outer loop
      vertex 3.37417 68.15 -5
      vertex 3.29896 67.9975 0
      vertex 3.29896 67.9975 -5
    endloop
  endfacet
  facet normal -0.89686 -0.442314 0
    outer loop
      vertex 5.70104 67.9975 -5
      vertex 5.62583 68.15 0
      vertex 5.62583 68.15 -5
    endloop
  endfacet
  facet normal -0.89686 -0.442314 0
    outer loop
      vertex 5.62583 68.15 0
      vertex 5.70104 67.9975 -5
      vertex 5.70104 67.9975 0
    endloop
  endfacet
  facet normal -0.831498 -0.555528 0
    outer loop
      vertex 5.62583 68.15 -5
      vertex 5.53136 68.2914 0
      vertex 5.53136 68.2914 -5
    endloop
  endfacet
  facet normal -0.831498 -0.555528 0
    outer loop
      vertex 5.53136 68.2914 0
      vertex 5.62583 68.15 -5
      vertex 5.62583 68.15 0
    endloop
  endfacet
  facet normal -0.442243 -0.896895 0
    outer loop
      vertex 4.99749 68.701 -5
      vertex 5.15 68.6258 0
      vertex 4.99749 68.701 0
    endloop
  endfacet
  facet normal -0.442243 -0.896895 -0
    outer loop
      vertex 5.15 68.6258 0
      vertex 4.99749 68.701 -5
      vertex 5.15 68.6258 -5
    endloop
  endfacet
  facet normal -0.195234 -0.980757 0
    outer loop
      vertex 4.66968 68.7889 -5
      vertex 4.83646 68.7557 0
      vertex 4.66968 68.7889 0
    endloop
  endfacet
  facet normal -0.195234 -0.980757 -0
    outer loop
      vertex 4.83646 68.7557 0
      vertex 4.66968 68.7889 -5
      vertex 4.83646 68.7557 -5
    endloop
  endfacet
  facet normal 0.980784 -0.195098 0
    outer loop
      vertex 3.21112 67.6697 0
      vertex 3.2443 67.8365 -5
      vertex 3.2443 67.8365 0
    endloop
  endfacet
  facet normal 0.980784 -0.195098 0
    outer loop
      vertex 3.2443 67.8365 -5
      vertex 3.21112 67.6697 0
      vertex 3.21112 67.6697 -5
    endloop
  endfacet
  facet normal 0.751716 -0.659487 0
    outer loop
      vertex 3.46864 68.2914 0
      vertex 3.58076 68.4192 -5
      vertex 3.58076 68.4192 0
    endloop
  endfacet
  facet normal 0.751716 -0.659487 0
    outer loop
      vertex 3.58076 68.4192 -5
      vertex 3.46864 68.2914 0
      vertex 3.46864 68.2914 -5
    endloop
  endfacet
  facet normal 0.195234 -0.980757 0
    outer loop
      vertex 4.16354 68.7557 -5
      vertex 4.33032 68.7889 0
      vertex 4.16354 68.7557 0
    endloop
  endfacet
  facet normal 0.195234 -0.980757 0
    outer loop
      vertex 4.33032 68.7889 0
      vertex 4.16354 68.7557 -5
      vertex 4.33032 68.7889 -5
    endloop
  endfacet
  facet normal 0.659607 -0.751611 0
    outer loop
      vertex 3.58076 68.4192 -5
      vertex 3.70861 68.5314 0
      vertex 3.58076 68.4192 0
    endloop
  endfacet
  facet normal 0.659607 -0.751611 0
    outer loop
      vertex 3.70861 68.5314 0
      vertex 3.58076 68.4192 -5
      vertex 3.70861 68.5314 -5
    endloop
  endfacet
  facet normal -0.99786 -0.0653872 0
    outer loop
      vertex 5.8 67.5 -5
      vertex 5.78888 67.6697 0
      vertex 5.78888 67.6697 -5
    endloop
  endfacet
  facet normal -0.99786 -0.0653872 0
    outer loop
      vertex 5.78888 67.6697 0
      vertex 5.8 67.5 -5
      vertex 5.8 67.5 0
    endloop
  endfacet
  facet normal -0.831498 0.555528 0
    outer loop
      vertex 5.53136 66.7086 -5
      vertex 5.62583 66.85 0
      vertex 5.62583 66.85 -5
    endloop
  endfacet
  facet normal -0.831498 0.555528 0
    outer loop
      vertex 5.62583 66.85 0
      vertex 5.53136 66.7086 -5
      vertex 5.53136 66.7086 0
    endloop
  endfacet
  facet normal -0.946916 0.321481 0
    outer loop
      vertex 5.70104 67.0025 -5
      vertex 5.7557 67.1635 0
      vertex 5.7557 67.1635 -5
    endloop
  endfacet
  facet normal -0.946916 0.321481 0
    outer loop
      vertex 5.7557 67.1635 0
      vertex 5.70104 67.0025 -5
      vertex 5.70104 67.0025 0
    endloop
  endfacet
  facet normal -0.321638 0.946863 0
    outer loop
      vertex 4.99749 66.299 -5
      vertex 4.83646 66.2443 0
      vertex 4.99749 66.299 0
    endloop
  endfacet
  facet normal -0.321638 0.946863 0
    outer loop
      vertex 4.83646 66.2443 0
      vertex 4.99749 66.299 -5
      vertex 4.83646 66.2443 -5
    endloop
  endfacet
  facet normal 0.195234 0.980757 -0
    outer loop
      vertex 4.33032 66.2111 -5
      vertex 4.16354 66.2443 0
      vertex 4.33032 66.2111 0
    endloop
  endfacet
  facet normal 0.195234 0.980757 0
    outer loop
      vertex 4.16354 66.2443 0
      vertex 4.33032 66.2111 -5
      vertex 4.16354 66.2443 -5
    endloop
  endfacet
  facet normal 0.659607 0.751611 -0
    outer loop
      vertex 3.70861 66.4686 -5
      vertex 3.58076 66.5808 0
      vertex 3.70861 66.4686 0
    endloop
  endfacet
  facet normal 0.659607 0.751611 0
    outer loop
      vertex 3.58076 66.5808 0
      vertex 3.70861 66.4686 -5
      vertex 3.58076 66.5808 -5
    endloop
  endfacet
  facet normal 0.751716 0.659487 0
    outer loop
      vertex 3.58076 66.5808 0
      vertex 3.46864 66.7086 -5
      vertex 3.46864 66.7086 0
    endloop
  endfacet
  facet normal 0.751716 0.659487 0
    outer loop
      vertex 3.46864 66.7086 -5
      vertex 3.58076 66.5808 0
      vertex 3.58076 66.5808 -5
    endloop
  endfacet
  facet normal -0.980784 -0.195098 0
    outer loop
      vertex 5.78888 67.6697 -5
      vertex 5.7557 67.8365 0
      vertex 5.7557 67.8365 -5
    endloop
  endfacet
  facet normal -0.980784 -0.195098 0
    outer loop
      vertex 5.7557 67.8365 0
      vertex 5.78888 67.6697 -5
      vertex 5.78888 67.6697 0
    endloop
  endfacet
  facet normal -0.946916 -0.321481 0
    outer loop
      vertex 5.7557 67.8365 -5
      vertex 5.70104 67.9975 0
      vertex 5.70104 67.9975 -5
    endloop
  endfacet
  facet normal -0.946916 -0.321481 0
    outer loop
      vertex 5.70104 67.9975 0
      vertex 5.7557 67.8365 -5
      vertex 5.7557 67.8365 0
    endloop
  endfacet
  facet normal -0.751716 -0.659487 0
    outer loop
      vertex 5.53136 68.2914 -5
      vertex 5.41924 68.4192 0
      vertex 5.41924 68.4192 -5
    endloop
  endfacet
  facet normal -0.751716 -0.659487 0
    outer loop
      vertex 5.41924 68.4192 0
      vertex 5.53136 68.2914 -5
      vertex 5.53136 68.2914 0
    endloop
  endfacet
  facet normal -0.659607 -0.751611 0
    outer loop
      vertex 5.29139 68.5314 -5
      vertex 5.41924 68.4192 0
      vertex 5.29139 68.5314 0
    endloop
  endfacet
  facet normal -0.659607 -0.751611 -0
    outer loop
      vertex 5.41924 68.4192 0
      vertex 5.29139 68.5314 -5
      vertex 5.41924 68.4192 -5
    endloop
  endfacet
  facet normal -0.0652777 -0.997867 0
    outer loop
      vertex 4.5 68.8 -5
      vertex 4.66968 68.7889 0
      vertex 4.5 68.8 0
    endloop
  endfacet
  facet normal -0.0652777 -0.997867 -0
    outer loop
      vertex 4.66968 68.7889 0
      vertex 4.5 68.8 -5
      vertex 4.66968 68.7889 -5
    endloop
  endfacet
  facet normal -0.321638 -0.946863 0
    outer loop
      vertex 4.83646 68.7557 -5
      vertex 4.99749 68.701 0
      vertex 4.83646 68.7557 0
    endloop
  endfacet
  facet normal -0.321638 -0.946863 -0
    outer loop
      vertex 4.99749 68.701 0
      vertex 4.83646 68.7557 -5
      vertex 4.99749 68.701 -5
    endloop
  endfacet
  facet normal 0.99786 -0.0653872 0
    outer loop
      vertex 3.2 67.5 0
      vertex 3.21112 67.6697 -5
      vertex 3.21112 67.6697 0
    endloop
  endfacet
  facet normal 0.99786 -0.0653872 0
    outer loop
      vertex 3.21112 67.6697 -5
      vertex 3.2 67.5 0
      vertex 3.2 67.5 -5
    endloop
  endfacet
  facet normal 0.831498 -0.555528 0
    outer loop
      vertex 3.37417 68.15 0
      vertex 3.46864 68.2914 -5
      vertex 3.46864 68.2914 0
    endloop
  endfacet
  facet normal 0.831498 -0.555528 0
    outer loop
      vertex 3.46864 68.2914 -5
      vertex 3.37417 68.15 0
      vertex 3.37417 68.15 -5
    endloop
  endfacet
  facet normal 0.0652777 -0.997867 0
    outer loop
      vertex 4.33032 68.7889 -5
      vertex 4.5 68.8 0
      vertex 4.33032 68.7889 0
    endloop
  endfacet
  facet normal 0.0652777 -0.997867 0
    outer loop
      vertex 4.5 68.8 0
      vertex 4.33032 68.7889 -5
      vertex 4.5 68.8 -5
    endloop
  endfacet
  facet normal 0.55527 -0.83167 0
    outer loop
      vertex 3.70861 68.5314 -5
      vertex 3.85 68.6258 0
      vertex 3.70861 68.5314 0
    endloop
  endfacet
  facet normal 0.55527 -0.83167 0
    outer loop
      vertex 3.85 68.6258 0
      vertex 3.70861 68.5314 -5
      vertex 3.85 68.6258 -5
    endloop
  endfacet
  facet normal 0.442243 -0.896895 0
    outer loop
      vertex 3.85 68.6258 -5
      vertex 4.00251 68.701 0
      vertex 3.85 68.6258 0
    endloop
  endfacet
  facet normal 0.442243 -0.896895 0
    outer loop
      vertex 4.00251 68.701 0
      vertex 3.85 68.6258 -5
      vertex 4.00251 68.701 -5
    endloop
  endfacet
  facet normal -0.99786 0.0653872 0
    outer loop
      vertex 5.78888 67.3303 -5
      vertex 5.8 67.5 0
      vertex 5.8 67.5 -5
    endloop
  endfacet
  facet normal -0.99786 0.0653872 0
    outer loop
      vertex 5.8 67.5 0
      vertex 5.78888 67.3303 -5
      vertex 5.78888 67.3303 0
    endloop
  endfacet
  facet normal -0.0652777 0.997867 0
    outer loop
      vertex 4.66968 66.2111 -5
      vertex 4.5 66.2 0
      vertex 4.66968 66.2111 0
    endloop
  endfacet
  facet normal -0.0652777 0.997867 0
    outer loop
      vertex 4.5 66.2 0
      vertex 4.66968 66.2111 -5
      vertex 4.5 66.2 -5
    endloop
  endfacet
  facet normal -0.751716 0.659487 0
    outer loop
      vertex 5.41924 66.5808 -5
      vertex 5.53136 66.7086 0
      vertex 5.53136 66.7086 -5
    endloop
  endfacet
  facet normal -0.751716 0.659487 0
    outer loop
      vertex 5.53136 66.7086 0
      vertex 5.41924 66.5808 -5
      vertex 5.41924 66.5808 0
    endloop
  endfacet
  facet normal -0.659607 0.751611 0
    outer loop
      vertex 5.41924 66.5808 -5
      vertex 5.29139 66.4686 0
      vertex 5.41924 66.5808 0
    endloop
  endfacet
  facet normal -0.659607 0.751611 0
    outer loop
      vertex 5.29139 66.4686 0
      vertex 5.41924 66.5808 -5
      vertex 5.29139 66.4686 -5
    endloop
  endfacet
  facet normal -0.442243 0.896895 0
    outer loop
      vertex 5.15 66.3742 -5
      vertex 4.99749 66.299 0
      vertex 5.15 66.3742 0
    endloop
  endfacet
  facet normal -0.442243 0.896895 0
    outer loop
      vertex 4.99749 66.299 0
      vertex 5.15 66.3742 -5
      vertex 4.99749 66.299 -5
    endloop
  endfacet
  facet normal 0.55527 0.83167 -0
    outer loop
      vertex 3.85 66.3742 -5
      vertex 3.70861 66.4686 0
      vertex 3.85 66.3742 0
    endloop
  endfacet
  facet normal 0.55527 0.83167 0
    outer loop
      vertex 3.70861 66.4686 0
      vertex 3.85 66.3742 -5
      vertex 3.70861 66.4686 -5
    endloop
  endfacet
  facet normal 0.946916 0.321481 0
    outer loop
      vertex 3.29896 67.0025 0
      vertex 3.2443 67.1635 -5
      vertex 3.2443 67.1635 0
    endloop
  endfacet
  facet normal 0.946916 0.321481 0
    outer loop
      vertex 3.2443 67.1635 -5
      vertex 3.29896 67.0025 0
      vertex 3.29896 67.0025 -5
    endloop
  endfacet
  facet normal 0.99786 0.0653872 0
    outer loop
      vertex 3.21112 67.3303 0
      vertex 3.2 67.5 -5
      vertex 3.2 67.5 0
    endloop
  endfacet
  facet normal 0.99786 0.0653872 0
    outer loop
      vertex 3.2 67.5 -5
      vertex 3.21112 67.3303 0
      vertex 3.21112 67.3303 -5
    endloop
  endfacet
  facet normal 0.89686 0.442314 0
    outer loop
      vertex 3.37417 66.85 0
      vertex 3.29896 67.0025 -5
      vertex 3.29896 67.0025 0
    endloop
  endfacet
  facet normal 0.89686 0.442314 0
    outer loop
      vertex 3.29896 67.0025 -5
      vertex 3.37417 66.85 0
      vertex 3.37417 66.85 -5
    endloop
  endfacet
  facet normal -0.89686 0.442314 0
    outer loop
      vertex 5.62583 66.85 -5
      vertex 5.70104 67.0025 0
      vertex 5.70104 67.0025 -5
    endloop
  endfacet
  facet normal -0.89686 0.442314 0
    outer loop
      vertex 5.70104 67.0025 0
      vertex 5.62583 66.85 -5
      vertex 5.62583 66.85 0
    endloop
  endfacet
  facet normal -0.195234 0.980757 0
    outer loop
      vertex 4.83646 66.2443 -5
      vertex 4.66968 66.2111 0
      vertex 4.83646 66.2443 0
    endloop
  endfacet
  facet normal -0.195234 0.980757 0
    outer loop
      vertex 4.66968 66.2111 0
      vertex 4.83646 66.2443 -5
      vertex 4.66968 66.2111 -5
    endloop
  endfacet
  facet normal -0.55527 0.83167 0
    outer loop
      vertex 5.29139 66.4686 -5
      vertex 5.15 66.3742 0
      vertex 5.29139 66.4686 0
    endloop
  endfacet
  facet normal -0.55527 0.83167 0
    outer loop
      vertex 5.15 66.3742 0
      vertex 5.29139 66.4686 -5
      vertex 5.15 66.3742 -5
    endloop
  endfacet
  facet normal 0.0652777 0.997867 -0
    outer loop
      vertex 4.5 66.2 -5
      vertex 4.33032 66.2111 0
      vertex 4.5 66.2 0
    endloop
  endfacet
  facet normal 0.0652777 0.997867 0
    outer loop
      vertex 4.33032 66.2111 0
      vertex 4.5 66.2 -5
      vertex 4.33032 66.2111 -5
    endloop
  endfacet
  facet normal 0.442243 0.896895 -0
    outer loop
      vertex 4.00251 66.299 -5
      vertex 3.85 66.3742 0
      vertex 4.00251 66.299 0
    endloop
  endfacet
  facet normal 0.442243 0.896895 0
    outer loop
      vertex 3.85 66.3742 0
      vertex 4.00251 66.299 -5
      vertex 3.85 66.3742 -5
    endloop
  endfacet
  facet normal 0.980784 0.195098 0
    outer loop
      vertex 3.2443 67.1635 0
      vertex 3.21112 67.3303 -5
      vertex 3.21112 67.3303 0
    endloop
  endfacet
  facet normal 0.980784 0.195098 0
    outer loop
      vertex 3.21112 67.3303 -5
      vertex 3.2443 67.1635 0
      vertex 3.2443 67.1635 -5
    endloop
  endfacet
  facet normal 0.831498 0.555528 0
    outer loop
      vertex 3.46864 66.7086 0
      vertex 3.37417 66.85 -5
      vertex 3.37417 66.85 0
    endloop
  endfacet
  facet normal 0.831498 0.555528 0
    outer loop
      vertex 3.37417 66.85 -5
      vertex 3.46864 66.7086 0
      vertex 3.46864 66.7086 -5
    endloop
  endfacet
  facet normal 0.659478 0.751724 -0
    outer loop
      vertex 81.6213 69.6213 -5
      vertex 81.3263 69.8801 0
      vertex 81.6213 69.6213 0
    endloop
  endfacet
  facet normal 0.659478 0.751724 0
    outer loop
      vertex 81.3263 69.8801 0
      vertex 81.6213 69.6213 -5
      vertex 81.3263 69.8801 -5
    endloop
  endfacet
  facet normal -0.321651 -0.946858 0
    outer loop
      vertex 78.352 64.7284 -5
      vertex 78.7235 64.6022 0
      vertex 78.352 64.7284 0
    endloop
  endfacet
  facet normal -0.321651 -0.946858 -0
    outer loop
      vertex 78.7235 64.6022 0
      vertex 78.352 64.7284 -5
      vertex 78.7235 64.6022 -5
    endloop
  endfacet
  facet normal -0.321651 0.946858 0
    outer loop
      vertex 78.7235 70.3978 -5
      vertex 78.352 70.2716 0
      vertex 78.7235 70.3978 0
    endloop
  endfacet
  facet normal -0.321651 0.946858 0
    outer loop
      vertex 78.352 70.2716 0
      vertex 78.7235 70.3978 -5
      vertex 78.352 70.2716 -5
    endloop
  endfacet
  facet normal -0.896961 0.44211 0
    outer loop
      vertex 76.7284 68.648 -5
      vertex 76.9019 69 0
      vertex 76.9019 69 -5
    endloop
  endfacet
  facet normal -0.896961 0.44211 0
    outer loop
      vertex 76.9019 69 0
      vertex 76.7284 68.648 -5
      vertex 76.7284 68.648 0
    endloop
  endfacet
  facet normal 0.896961 0.44211 0
    outer loop
      vertex 82.2716 68.648 0
      vertex 82.0981 69 -5
      vertex 82.0981 69 0
    endloop
  endfacet
  facet normal 0.896961 0.44211 0
    outer loop
      vertex 82.0981 69 -5
      vertex 82.2716 68.648 0
      vertex 82.2716 68.648 -5
    endloop
  endfacet
  facet normal 0.980815 0.19494 0
    outer loop
      vertex 82.4743 67.8916 0
      vertex 82.3978 68.2765 -5
      vertex 82.3978 68.2765 0
    endloop
  endfacet
  facet normal 0.980815 0.19494 0
    outer loop
      vertex 82.3978 68.2765 -5
      vertex 82.4743 67.8916 0
      vertex 82.4743 67.8916 -5
    endloop
  endfacet
  facet normal 0.831501 0.555523 0
    outer loop
      vertex 82.0981 69 0
      vertex 81.8801 69.3263 -5
      vertex 81.8801 69.3263 0
    endloop
  endfacet
  facet normal 0.831501 0.555523 0
    outer loop
      vertex 81.8801 69.3263 -5
      vertex 82.0981 69 0
      vertex 82.0981 69 -5
    endloop
  endfacet
  facet normal 0.751724 0.659478 0
    outer loop
      vertex 81.8801 69.3263 0
      vertex 81.6213 69.6213 -5
      vertex 81.6213 69.6213 0
    endloop
  endfacet
  facet normal 0.751724 0.659478 0
    outer loop
      vertex 81.6213 69.6213 -5
      vertex 81.8801 69.3263 0
      vertex 81.8801 69.3263 -5
    endloop
  endfacet
  facet normal 0.44211 0.896961 -0
    outer loop
      vertex 81 70.0981 -5
      vertex 80.648 70.2716 0
      vertex 81 70.0981 0
    endloop
  endfacet
  facet normal 0.44211 0.896961 0
    outer loop
      vertex 80.648 70.2716 0
      vertex 81 70.0981 -5
      vertex 80.648 70.2716 -5
    endloop
  endfacet
  facet normal 0.321651 0.946858 -0
    outer loop
      vertex 80.648 70.2716 -5
      vertex 80.2765 70.3978 0
      vertex 80.648 70.2716 0
    endloop
  endfacet
  facet normal 0.321651 0.946858 0
    outer loop
      vertex 80.2765 70.3978 0
      vertex 80.648 70.2716 -5
      vertex 80.2765 70.3978 -5
    endloop
  endfacet
  facet normal -0.751724 0.659478 0
    outer loop
      vertex 77.1199 69.3263 -5
      vertex 77.3787 69.6213 0
      vertex 77.3787 69.6213 -5
    endloop
  endfacet
  facet normal -0.751724 0.659478 0
    outer loop
      vertex 77.3787 69.6213 0
      vertex 77.1199 69.3263 -5
      vertex 77.1199 69.3263 0
    endloop
  endfacet
  facet normal -0.44211 0.896961 0
    outer loop
      vertex 78.352 70.2716 -5
      vertex 78 70.0981 0
      vertex 78.352 70.2716 0
    endloop
  endfacet
  facet normal -0.44211 0.896961 0
    outer loop
      vertex 78 70.0981 0
      vertex 78.352 70.2716 -5
      vertex 78 70.0981 -5
    endloop
  endfacet
  facet normal -0.19494 0.980815 0
    outer loop
      vertex 79.1084 70.4743 -5
      vertex 78.7235 70.3978 0
      vertex 79.1084 70.4743 0
    endloop
  endfacet
  facet normal -0.19494 0.980815 0
    outer loop
      vertex 78.7235 70.3978 0
      vertex 79.1084 70.4743 -5
      vertex 78.7235 70.3978 -5
    endloop
  endfacet
  facet normal 0.997853 -0.0654873 0
    outer loop
      vertex 82.4743 67.1084 0
      vertex 82.5 67.5 -5
      vertex 82.5 67.5 0
    endloop
  endfacet
  facet normal 0.997853 -0.0654873 0
    outer loop
      vertex 82.5 67.5 -5
      vertex 82.4743 67.1084 0
      vertex 82.4743 67.1084 -5
    endloop
  endfacet
  facet normal 0.321651 -0.946858 0
    outer loop
      vertex 80.2765 64.6022 -5
      vertex 80.648 64.7284 0
      vertex 80.2765 64.6022 0
    endloop
  endfacet
  facet normal 0.321651 -0.946858 0
    outer loop
      vertex 80.648 64.7284 0
      vertex 80.2765 64.6022 -5
      vertex 80.648 64.7284 -5
    endloop
  endfacet
  facet normal 0.44211 -0.896961 0
    outer loop
      vertex 80.648 64.7284 -5
      vertex 81 64.9019 0
      vertex 80.648 64.7284 0
    endloop
  endfacet
  facet normal 0.44211 -0.896961 0
    outer loop
      vertex 81 64.9019 0
      vertex 80.648 64.7284 -5
      vertex 81 64.9019 -5
    endloop
  endfacet
  facet normal 0.751724 -0.659478 0
    outer loop
      vertex 81.6213 65.3787 0
      vertex 81.8801 65.6737 -5
      vertex 81.8801 65.6737 0
    endloop
  endfacet
  facet normal 0.751724 -0.659478 0
    outer loop
      vertex 81.8801 65.6737 -5
      vertex 81.6213 65.3787 0
      vertex 81.6213 65.3787 -5
    endloop
  endfacet
  facet normal -0.19494 -0.980815 0
    outer loop
      vertex 78.7235 64.6022 -5
      vertex 79.1084 64.5257 0
      vertex 78.7235 64.6022 0
    endloop
  endfacet
  facet normal -0.19494 -0.980815 -0
    outer loop
      vertex 79.1084 64.5257 0
      vertex 78.7235 64.6022 -5
      vertex 79.1084 64.5257 -5
    endloop
  endfacet
  facet normal -0.659478 -0.751724 0
    outer loop
      vertex 77.3787 65.3787 -5
      vertex 77.6737 65.1199 0
      vertex 77.3787 65.3787 0
    endloop
  endfacet
  facet normal -0.659478 -0.751724 -0
    outer loop
      vertex 77.6737 65.1199 0
      vertex 77.3787 65.3787 -5
      vertex 77.6737 65.1199 -5
    endloop
  endfacet
  facet normal -0.896961 -0.44211 0
    outer loop
      vertex 76.9019 66 -5
      vertex 76.7284 66.352 0
      vertex 76.7284 66.352 -5
    endloop
  endfacet
  facet normal -0.896961 -0.44211 0
    outer loop
      vertex 76.7284 66.352 0
      vertex 76.9019 66 -5
      vertex 76.9019 66 0
    endloop
  endfacet
  facet normal 0 0 -1
    outer loop
      vertex 80.8 67.5 -5
      vertex 82.5 67.5 -5
      vertex 82.4743 67.1084 -5
    endloop
  endfacet
  facet normal 0 0 -1
    outer loop
      vertex 80.7889 67.3303 -5
      vertex 82.4743 67.1084 -5
      vertex 82.3978 66.7235 -5
    endloop
  endfacet
  facet normal 0 0 -1
    outer loop
      vertex 82.5 67.5 -5
      vertex 80.8 67.5 -5
      vertex 82.4743 67.8916 -5
    endloop
  endfacet
  facet normal 0 0 -1
    outer loop
      vertex 80.7557 67.1635 -5
      vertex 82.3978 66.7235 -5
      vertex 82.2716 66.352 -5
    endloop
  endfacet
  facet normal 0 0 -1
    outer loop
      vertex 80.7889 67.6697 -5
      vertex 82.4743 67.8916 -5
      vertex 80.8 67.5 -5
    endloop
  endfacet
  facet normal 0 0 -1
    outer loop
      vertex 80.701 67.0025 -5
      vertex 82.2716 66.352 -5
      vertex 82.0981 66 -5
    endloop
  endfacet
  facet normal -0 0 -1
    outer loop
      vertex 82.4743 67.8916 -5
      vertex 80.7889 67.6697 -5
      vertex 82.3978 68.2765 -5
    endloop
  endfacet
  facet normal 0 0 -1
    outer loop
      vertex 80.6258 66.85 -5
      vertex 82.0981 66 -5
      vertex 81.8801 65.6737 -5
    endloop
  endfacet
  facet normal 0 0 -1
    outer loop
      vertex 80.7557 67.8365 -5
      vertex 82.3978 68.2765 -5
      vertex 80.7889 67.6697 -5
    endloop
  endfacet
  facet normal 0 0 -1
    outer loop
      vertex 80.5314 66.7086 -5
      vertex 81.8801 65.6737 -5
      vertex 81.6213 65.3787 -5
    endloop
  endfacet
  facet normal -0 0 -1
    outer loop
      vertex 82.3978 68.2765 -5
      vertex 80.7557 67.8365 -5
      vertex 82.2716 68.648 -5
    endloop
  endfacet
  facet normal 0 0 -1
    outer loop
      vertex 80.4192 66.5808 -5
      vertex 81.6213 65.3787 -5
      vertex 81.3263 65.1199 -5
    endloop
  endfacet
  facet normal 0 0 -1
    outer loop
      vertex 80.701 67.9975 -5
      vertex 82.2716 68.648 -5
      vertex 80.7557 67.8365 -5
    endloop
  endfacet
  facet normal 0 0 -1
    outer loop
      vertex 80.2914 66.4686 -5
      vertex 81.3263 65.1199 -5
      vertex 81 64.9019 -5
    endloop
  endfacet
  facet normal -0 0 -1
    outer loop
      vertex 82.2716 68.648 -5
      vertex 80.701 67.9975 -5
      vertex 82.0981 69 -5
    endloop
  endfacet
  facet normal 0 0 -1
    outer loop
      vertex 80.6258 68.15 -5
      vertex 82.0981 69 -5
      vertex 80.701 67.9975 -5
    endloop
  endfacet
  facet normal 0 0 -1
    outer loop
      vertex 82.4743 67.1084 -5
      vertex 80.7889 67.3303 -5
      vertex 80.8 67.5 -5
    endloop
  endfacet
  facet normal 0 0 -1
    outer loop
      vertex 82.3978 66.7235 -5
      vertex 80.7557 67.1635 -5
      vertex 80.7889 67.3303 -5
    endloop
  endfacet
  facet normal 0 0 -1
    outer loop
      vertex 82.2716 66.352 -5
      vertex 80.701 67.0025 -5
      vertex 80.7557 67.1635 -5
    endloop
  endfacet
  facet normal 0 0 -1
    outer loop
      vertex 80.15 66.3742 -5
      vertex 81 64.9019 -5
      vertex 80.648 64.7284 -5
    endloop
  endfacet
  facet normal 0 0 -1
    outer loop
      vertex 82.0981 66 -5
      vertex 80.6258 66.85 -5
      vertex 80.701 67.0025 -5
    endloop
  endfacet
  facet normal 0 0 -1
    outer loop
      vertex 81.8801 65.6737 -5
      vertex 80.5314 66.7086 -5
      vertex 80.6258 66.85 -5
    endloop
  endfacet
  facet normal 0 0 -1
    outer loop
      vertex 81.6213 65.3787 -5
      vertex 80.4192 66.5808 -5
      vertex 80.5314 66.7086 -5
    endloop
  endfacet
  facet normal 0 0 -1
    outer loop
      vertex 81.3263 65.1199 -5
      vertex 80.2914 66.4686 -5
      vertex 80.4192 66.5808 -5
    endloop
  endfacet
  facet normal 0 0 -1
    outer loop
      vertex 79.9975 66.299 -5
      vertex 80.648 64.7284 -5
      vertex 80.2765 64.6022 -5
    endloop
  endfacet
  facet normal 0 0 -1
    outer loop
      vertex 81 64.9019 -5
      vertex 80.15 66.3742 -5
      vertex 80.2914 66.4686 -5
    endloop
  endfacet
  facet normal 0 0 -1
    outer loop
      vertex 80.648 64.7284 -5
      vertex 79.9975 66.299 -5
      vertex 80.15 66.3742 -5
    endloop
  endfacet
  facet normal 0 0 -1
    outer loop
      vertex 79.8365 66.2443 -5
      vertex 80.2765 64.6022 -5
      vertex 79.8916 64.5257 -5
    endloop
  endfacet
  facet normal 0 0 -1
    outer loop
      vertex 80.2765 64.6022 -5
      vertex 79.8365 66.2443 -5
      vertex 79.9975 66.299 -5
    endloop
  endfacet
  facet normal 0 0 -1
    outer loop
      vertex 79.8916 64.5257 -5
      vertex 79.6697 66.2111 -5
      vertex 79.8365 66.2443 -5
    endloop
  endfacet
  facet normal 0 0 -1
    outer loop
      vertex 79.5 64.5 -5
      vertex 79.6697 66.2111 -5
      vertex 79.8916 64.5257 -5
    endloop
  endfacet
  facet normal 0 0 -1
    outer loop
      vertex 79.5 64.5 -5
      vertex 79.5 66.2 -5
      vertex 79.6697 66.2111 -5
    endloop
  endfacet
  facet normal 0 0 -1
    outer loop
      vertex 79.5 64.5 -5
      vertex 79.3303 66.2111 -5
      vertex 79.5 66.2 -5
    endloop
  endfacet
  facet normal 0 0 -1
    outer loop
      vertex 79.1084 64.5257 -5
      vertex 79.3303 66.2111 -5
      vertex 79.5 64.5 -5
    endloop
  endfacet
  facet normal -0 0 -1
    outer loop
      vertex 79.3303 66.2111 -5
      vertex 79.1084 64.5257 -5
      vertex 79.1635 66.2443 -5
    endloop
  endfacet
  facet normal 0 0 -1
    outer loop
      vertex 78.7235 64.6022 -5
      vertex 79.1635 66.2443 -5
      vertex 79.1084 64.5257 -5
    endloop
  endfacet
  facet normal -0 0 -1
    outer loop
      vertex 79.1635 66.2443 -5
      vertex 78.7235 64.6022 -5
      vertex 79.0025 66.299 -5
    endloop
  endfacet
  facet normal 0 0 -1
    outer loop
      vertex 78.352 64.7284 -5
      vertex 79.0025 66.299 -5
      vertex 78.7235 64.6022 -5
    endloop
  endfacet
  facet normal -0 0 -1
    outer loop
      vertex 79.0025 66.299 -5
      vertex 78.352 64.7284 -5
      vertex 78.85 66.3742 -5
    endloop
  endfacet
  facet normal 0 0 -1
    outer loop
      vertex 78 64.9019 -5
      vertex 78.85 66.3742 -5
      vertex 78.352 64.7284 -5
    endloop
  endfacet
  facet normal -0 0 -1
    outer loop
      vertex 78.85 66.3742 -5
      vertex 78 64.9019 -5
      vertex 78.7086 66.4686 -5
    endloop
  endfacet
  facet normal 0 0 -1
    outer loop
      vertex 77.6737 65.1199 -5
      vertex 78.7086 66.4686 -5
      vertex 78 64.9019 -5
    endloop
  endfacet
  facet normal -0 0 -1
    outer loop
      vertex 78.7086 66.4686 -5
      vertex 77.6737 65.1199 -5
      vertex 78.5808 66.5808 -5
    endloop
  endfacet
  facet normal 0 0 -1
    outer loop
      vertex 77.3787 65.3787 -5
      vertex 78.5808 66.5808 -5
      vertex 77.6737 65.1199 -5
    endloop
  endfacet
  facet normal -0 0 -1
    outer loop
      vertex 78.5808 66.5808 -5
      vertex 77.3787 65.3787 -5
      vertex 78.4686 66.7086 -5
    endloop
  endfacet
  facet normal 0 0 -1
    outer loop
      vertex 77.1199 65.6737 -5
      vertex 78.4686 66.7086 -5
      vertex 77.3787 65.3787 -5
    endloop
  endfacet
  facet normal -0 0 -1
    outer loop
      vertex 78.4686 66.7086 -5
      vertex 77.1199 65.6737 -5
      vertex 78.3742 66.85 -5
    endloop
  endfacet
  facet normal 0 0 -1
    outer loop
      vertex 76.9019 66 -5
      vertex 78.3742 66.85 -5
      vertex 77.1199 65.6737 -5
    endloop
  endfacet
  facet normal -0 0 -1
    outer loop
      vertex 82.0981 69 -5
      vertex 80.6258 68.15 -5
      vertex 81.8801 69.3263 -5
    endloop
  endfacet
  facet normal 0 0 -1
    outer loop
      vertex 80.5314 68.2914 -5
      vertex 81.8801 69.3263 -5
      vertex 80.6258 68.15 -5
    endloop
  endfacet
  facet normal -0 0 -1
    outer loop
      vertex 81.8801 69.3263 -5
      vertex 80.5314 68.2914 -5
      vertex 81.6213 69.6213 -5
    endloop
  endfacet
  facet normal 0 0 -1
    outer loop
      vertex 80.4192 68.4192 -5
      vertex 81.6213 69.6213 -5
      vertex 80.5314 68.2914 -5
    endloop
  endfacet
  facet normal -0 0 -1
    outer loop
      vertex 81.6213 69.6213 -5
      vertex 80.4192 68.4192 -5
      vertex 81.3263 69.8801 -5
    endloop
  endfacet
  facet normal 0 0 -1
    outer loop
      vertex 80.2914 68.5314 -5
      vertex 81.3263 69.8801 -5
      vertex 80.4192 68.4192 -5
    endloop
  endfacet
  facet normal -0 0 -1
    outer loop
      vertex 81.3263 69.8801 -5
      vertex 80.2914 68.5314 -5
      vertex 81 70.0981 -5
    endloop
  endfacet
  facet normal 0 0 -1
    outer loop
      vertex 80.15 68.6258 -5
      vertex 81 70.0981 -5
      vertex 80.2914 68.5314 -5
    endloop
  endfacet
  facet normal -0 0 -1
    outer loop
      vertex 81 70.0981 -5
      vertex 80.15 68.6258 -5
      vertex 80.648 70.2716 -5
    endloop
  endfacet
  facet normal 0 0 -1
    outer loop
      vertex 79.9975 68.701 -5
      vertex 80.648 70.2716 -5
      vertex 80.15 68.6258 -5
    endloop
  endfacet
  facet normal -0 0 -1
    outer loop
      vertex 80.648 70.2716 -5
      vertex 79.9975 68.701 -5
      vertex 80.2765 70.3978 -5
    endloop
  endfacet
  facet normal 0 0 -1
    outer loop
      vertex 79.8365 68.7557 -5
      vertex 80.2765 70.3978 -5
      vertex 79.9975 68.701 -5
    endloop
  endfacet
  facet normal -0 0 -1
    outer loop
      vertex 80.2765 70.3978 -5
      vertex 79.8365 68.7557 -5
      vertex 79.8916 70.4743 -5
    endloop
  endfacet
  facet normal 0 0 -1
    outer loop
      vertex 79.6697 68.7889 -5
      vertex 79.8916 70.4743 -5
      vertex 79.8365 68.7557 -5
    endloop
  endfacet
  facet normal 0 0 -1
    outer loop
      vertex 79.5 68.8 -5
      vertex 79.8916 70.4743 -5
      vertex 79.6697 68.7889 -5
    endloop
  endfacet
  facet normal 0 0 -1
    outer loop
      vertex 79.5 68.8 -5
      vertex 79.5 70.5 -5
      vertex 79.8916 70.4743 -5
    endloop
  endfacet
  facet normal 0 0 -1
    outer loop
      vertex 79.3303 68.7889 -5
      vertex 79.5 70.5 -5
      vertex 79.5 68.8 -5
    endloop
  endfacet
  facet normal 0 0 -1
    outer loop
      vertex 79.1084 70.4743 -5
      vertex 79.3303 68.7889 -5
      vertex 79.1635 68.7557 -5
    endloop
  endfacet
  facet normal 0 0 -1
    outer loop
      vertex 79.3303 68.7889 -5
      vertex 79.1084 70.4743 -5
      vertex 79.5 70.5 -5
    endloop
  endfacet
  facet normal 0 0 -1
    outer loop
      vertex 78.7235 70.3978 -5
      vertex 79.1635 68.7557 -5
      vertex 79.0025 68.701 -5
    endloop
  endfacet
  facet normal 0 0 -1
    outer loop
      vertex 78.352 70.2716 -5
      vertex 79.0025 68.701 -5
      vertex 78.85 68.6258 -5
    endloop
  endfacet
  facet normal 0 0 -1
    outer loop
      vertex 79.1635 68.7557 -5
      vertex 78.7235 70.3978 -5
      vertex 79.1084 70.4743 -5
    endloop
  endfacet
  facet normal 0 0 -1
    outer loop
      vertex 78 70.0981 -5
      vertex 78.85 68.6258 -5
      vertex 78.7086 68.5314 -5
    endloop
  endfacet
  facet normal 0 0 -1
    outer loop
      vertex 77.6737 69.8801 -5
      vertex 78.7086 68.5314 -5
      vertex 78.5808 68.4192 -5
    endloop
  endfacet
  facet normal 0 0 -1
    outer loop
      vertex 77.3787 69.6213 -5
      vertex 78.5808 68.4192 -5
      vertex 78.4686 68.2914 -5
    endloop
  endfacet
  facet normal 0 0 -1
    outer loop
      vertex 77.1199 69.3263 -5
      vertex 78.4686 68.2914 -5
      vertex 78.3742 68.15 -5
    endloop
  endfacet
  facet normal 0 0 -1
    outer loop
      vertex 79.0025 68.701 -5
      vertex 78.352 70.2716 -5
      vertex 78.7235 70.3978 -5
    endloop
  endfacet
  facet normal 0 0 -1
    outer loop
      vertex 76.9019 69 -5
      vertex 78.3742 68.15 -5
      vertex 78.299 67.9975 -5
    endloop
  endfacet
  facet normal 0 0 -1
    outer loop
      vertex 76.7284 68.648 -5
      vertex 78.299 67.9975 -5
      vertex 78.2443 67.8365 -5
    endloop
  endfacet
  facet normal 0 0 -1
    outer loop
      vertex 76.6022 68.2765 -5
      vertex 78.2443 67.8365 -5
      vertex 78.2111 67.6697 -5
    endloop
  endfacet
  facet normal 0 0 -1
    outer loop
      vertex 76.5257 67.8916 -5
      vertex 78.2111 67.6697 -5
      vertex 78.2 67.5 -5
    endloop
  endfacet
  facet normal -0 0 -1
    outer loop
      vertex 78.3742 66.85 -5
      vertex 76.9019 66 -5
      vertex 78.299 67.0025 -5
    endloop
  endfacet
  facet normal 0 0 -1
    outer loop
      vertex 78.85 68.6258 -5
      vertex 78 70.0981 -5
      vertex 78.352 70.2716 -5
    endloop
  endfacet
  facet normal 0 0 -1
    outer loop
      vertex 76.7284 66.352 -5
      vertex 78.299 67.0025 -5
      vertex 76.9019 66 -5
    endloop
  endfacet
  facet normal 0 0 -1
    outer loop
      vertex 78.7086 68.5314 -5
      vertex 77.6737 69.8801 -5
      vertex 78 70.0981 -5
    endloop
  endfacet
  facet normal -0 0 -1
    outer loop
      vertex 78.299 67.0025 -5
      vertex 76.7284 66.352 -5
      vertex 78.2443 67.1635 -5
    endloop
  endfacet
  facet normal 0 0 -1
    outer loop
      vertex 78.5808 68.4192 -5
      vertex 77.3787 69.6213 -5
      vertex 77.6737 69.8801 -5
    endloop
  endfacet
  facet normal 0 0 -1
    outer loop
      vertex 76.6022 66.7235 -5
      vertex 78.2443 67.1635 -5
      vertex 76.7284 66.352 -5
    endloop
  endfacet
  facet normal 0 0 -1
    outer loop
      vertex 78.4686 68.2914 -5
      vertex 77.1199 69.3263 -5
      vertex 77.3787 69.6213 -5
    endloop
  endfacet
  facet normal -0 0 -1
    outer loop
      vertex 78.2443 67.1635 -5
      vertex 76.6022 66.7235 -5
      vertex 78.2111 67.3303 -5
    endloop
  endfacet
  facet normal 0 0 -1
    outer loop
      vertex 78.3742 68.15 -5
      vertex 76.9019 69 -5
      vertex 77.1199 69.3263 -5
    endloop
  endfacet
  facet normal 0 0 -1
    outer loop
      vertex 76.5257 67.1084 -5
      vertex 78.2111 67.3303 -5
      vertex 76.6022 66.7235 -5
    endloop
  endfacet
  facet normal 0 0 -1
    outer loop
      vertex 78.299 67.9975 -5
      vertex 76.7284 68.648 -5
      vertex 76.9019 69 -5
    endloop
  endfacet
  facet normal -0 0 -1
    outer loop
      vertex 78.2111 67.3303 -5
      vertex 76.5257 67.1084 -5
      vertex 78.2 67.5 -5
    endloop
  endfacet
  facet normal 0 0 -1
    outer loop
      vertex 78.2443 67.8365 -5
      vertex 76.6022 68.2765 -5
      vertex 76.7284 68.648 -5
    endloop
  endfacet
  facet normal 0 0 -1
    outer loop
      vertex 76.5 67.5 -5
      vertex 78.2 67.5 -5
      vertex 76.5257 67.1084 -5
    endloop
  endfacet
  facet normal 0 0 -1
    outer loop
      vertex 78.2111 67.6697 -5
      vertex 76.5257 67.8916 -5
      vertex 76.6022 68.2765 -5
    endloop
  endfacet
  facet normal 0 0 -1
    outer loop
      vertex 78.2 67.5 -5
      vertex 76.5 67.5 -5
      vertex 76.5257 67.8916 -5
    endloop
  endfacet
  facet normal 0.946858 0.321651 0
    outer loop
      vertex 82.3978 68.2765 0
      vertex 82.2716 68.648 -5
      vertex 82.2716 68.648 0
    endloop
  endfacet
  facet normal 0.946858 0.321651 0
    outer loop
      vertex 82.2716 68.648 -5
      vertex 82.3978 68.2765 0
      vertex 82.3978 68.2765 -5
    endloop
  endfacet
  facet normal 0.555523 0.831501 -0
    outer loop
      vertex 81.3263 69.8801 -5
      vertex 81 70.0981 0
      vertex 81.3263 69.8801 0
    endloop
  endfacet
  facet normal 0.555523 0.831501 0
    outer loop
      vertex 81 70.0981 0
      vertex 81.3263 69.8801 -5
      vertex 81 70.0981 -5
    endloop
  endfacet
  facet normal 0.0654873 0.997853 -0
    outer loop
      vertex 79.8916 70.4743 -5
      vertex 79.5 70.5 0
      vertex 79.8916 70.4743 0
    endloop
  endfacet
  facet normal 0.0654873 0.997853 0
    outer loop
      vertex 79.5 70.5 0
      vertex 79.8916 70.4743 -5
      vertex 79.5 70.5 -5
    endloop
  endfacet
  facet normal -0.997853 0.0654873 0
    outer loop
      vertex 76.5 67.5 -5
      vertex 76.5257 67.8916 0
      vertex 76.5257 67.8916 -5
    endloop
  endfacet
  facet normal -0.997853 0.0654873 0
    outer loop
      vertex 76.5257 67.8916 0
      vertex 76.5 67.5 -5
      vertex 76.5 67.5 0
    endloop
  endfacet
  facet normal -0.946858 0.321651 0
    outer loop
      vertex 76.6022 68.2765 -5
      vertex 76.7284 68.648 0
      vertex 76.7284 68.648 -5
    endloop
  endfacet
  facet normal -0.946858 0.321651 0
    outer loop
      vertex 76.7284 68.648 0
      vertex 76.6022 68.2765 -5
      vertex 76.6022 68.2765 0
    endloop
  endfacet
  facet normal -0.831501 0.555523 0
    outer loop
      vertex 76.9019 69 -5
      vertex 77.1199 69.3263 0
      vertex 77.1199 69.3263 -5
    endloop
  endfacet
  facet normal -0.831501 0.555523 0
    outer loop
      vertex 77.1199 69.3263 0
      vertex 76.9019 69 -5
      vertex 76.9019 69 0
    endloop
  endfacet
  facet normal -0.0654873 0.997853 0
    outer loop
      vertex 79.5 70.5 -5
      vertex 79.1084 70.4743 0
      vertex 79.5 70.5 0
    endloop
  endfacet
  facet normal -0.0654873 0.997853 0
    outer loop
      vertex 79.1084 70.4743 0
      vertex 79.5 70.5 -5
      vertex 79.1084 70.4743 -5
    endloop
  endfacet
  facet normal -0.555523 0.831501 0
    outer loop
      vertex 78 70.0981 -5
      vertex 77.6737 69.8801 0
      vertex 78 70.0981 0
    endloop
  endfacet
  facet normal -0.555523 0.831501 0
    outer loop
      vertex 77.6737 69.8801 0
      vertex 78 70.0981 -5
      vertex 77.6737 69.8801 -5
    endloop
  endfacet
  facet normal -0.659478 0.751724 0
    outer loop
      vertex 77.6737 69.8801 -5
      vertex 77.3787 69.6213 0
      vertex 77.6737 69.8801 0
    endloop
  endfacet
  facet normal -0.659478 0.751724 0
    outer loop
      vertex 77.3787 69.6213 0
      vertex 77.6737 69.8801 -5
      vertex 77.3787 69.6213 -5
    endloop
  endfacet
  facet normal 0.997853 0.0654873 0
    outer loop
      vertex 82.5 67.5 0
      vertex 82.4743 67.8916 -5
      vertex 82.4743 67.8916 0
    endloop
  endfacet
  facet normal 0.997853 0.0654873 0
    outer loop
      vertex 82.4743 67.8916 -5
      vertex 82.5 67.5 0
      vertex 82.5 67.5 -5
    endloop
  endfacet
  facet normal 0.0654873 -0.997853 0
    outer loop
      vertex 79.5 64.5 -5
      vertex 79.8916 64.5257 0
      vertex 79.5 64.5 0
    endloop
  endfacet
  facet normal 0.0654873 -0.997853 0
    outer loop
      vertex 79.8916 64.5257 0
      vertex 79.5 64.5 -5
      vertex 79.8916 64.5257 -5
    endloop
  endfacet
  facet normal 0.946858 -0.321651 0
    outer loop
      vertex 82.2716 66.352 0
      vertex 82.3978 66.7235 -5
      vertex 82.3978 66.7235 0
    endloop
  endfacet
  facet normal 0.946858 -0.321651 0
    outer loop
      vertex 82.3978 66.7235 -5
      vertex 82.2716 66.352 0
      vertex 82.2716 66.352 -5
    endloop
  endfacet
  facet normal 0.19494 -0.980815 0
    outer loop
      vertex 79.8916 64.5257 -5
      vertex 80.2765 64.6022 0
      vertex 79.8916 64.5257 0
    endloop
  endfacet
  facet normal 0.19494 -0.980815 0
    outer loop
      vertex 80.2765 64.6022 0
      vertex 79.8916 64.5257 -5
      vertex 80.2765 64.6022 -5
    endloop
  endfacet
  facet normal 0.555523 -0.831501 0
    outer loop
      vertex 81 64.9019 -5
      vertex 81.3263 65.1199 0
      vertex 81 64.9019 0
    endloop
  endfacet
  facet normal 0.555523 -0.831501 0
    outer loop
      vertex 81.3263 65.1199 0
      vertex 81 64.9019 -5
      vertex 81.3263 65.1199 -5
    endloop
  endfacet
  facet normal 0.896961 -0.44211 0
    outer loop
      vertex 82.0981 66 0
      vertex 82.2716 66.352 -5
      vertex 82.2716 66.352 0
    endloop
  endfacet
  facet normal 0.896961 -0.44211 0
    outer loop
      vertex 82.2716 66.352 -5
      vertex 82.0981 66 0
      vertex 82.0981 66 -5
    endloop
  endfacet
  facet normal -0.0654873 -0.997853 0
    outer loop
      vertex 79.1084 64.5257 -5
      vertex 79.5 64.5 0
      vertex 79.1084 64.5257 0
    endloop
  endfacet
  facet normal -0.0654873 -0.997853 -0
    outer loop
      vertex 79.5 64.5 0
      vertex 79.1084 64.5257 -5
      vertex 79.5 64.5 -5
    endloop
  endfacet
  facet normal -0.44211 -0.896961 0
    outer loop
      vertex 78 64.9019 -5
      vertex 78.352 64.7284 0
      vertex 78 64.9019 0
    endloop
  endfacet
  facet normal -0.44211 -0.896961 -0
    outer loop
      vertex 78.352 64.7284 0
      vertex 78 64.9019 -5
      vertex 78.352 64.7284 -5
    endloop
  endfacet
  facet normal -0.946858 -0.321651 0
    outer loop
      vertex 76.7284 66.352 -5
      vertex 76.6022 66.7235 0
      vertex 76.6022 66.7235 -5
    endloop
  endfacet
  facet normal -0.946858 -0.321651 0
    outer loop
      vertex 76.6022 66.7235 0
      vertex 76.7284 66.352 -5
      vertex 76.7284 66.352 0
    endloop
  endfacet
  facet normal -0.997853 -0.0654873 0
    outer loop
      vertex 76.5257 67.1084 -5
      vertex 76.5 67.5 0
      vertex 76.5 67.5 -5
    endloop
  endfacet
  facet normal -0.997853 -0.0654873 0
    outer loop
      vertex 76.5 67.5 0
      vertex 76.5257 67.1084 -5
      vertex 76.5257 67.1084 0
    endloop
  endfacet
  facet normal -0.831501 -0.555523 0
    outer loop
      vertex 77.1199 65.6737 -5
      vertex 76.9019 66 0
      vertex 76.9019 66 -5
    endloop
  endfacet
  facet normal -0.831501 -0.555523 0
    outer loop
      vertex 76.9019 66 0
      vertex 77.1199 65.6737 -5
      vertex 77.1199 65.6737 0
    endloop
  endfacet
  facet normal 0.19494 0.980815 -0
    outer loop
      vertex 80.2765 70.3978 -5
      vertex 79.8916 70.4743 0
      vertex 80.2765 70.3978 0
    endloop
  endfacet
  facet normal 0.19494 0.980815 0
    outer loop
      vertex 79.8916 70.4743 0
      vertex 80.2765 70.3978 -5
      vertex 79.8916 70.4743 -5
    endloop
  endfacet
  facet normal -0.980815 0.19494 0
    outer loop
      vertex 76.5257 67.8916 -5
      vertex 76.6022 68.2765 0
      vertex 76.6022 68.2765 -5
    endloop
  endfacet
  facet normal -0.980815 0.19494 0
    outer loop
      vertex 76.6022 68.2765 0
      vertex 76.5257 67.8916 -5
      vertex 76.5257 67.8916 0
    endloop
  endfacet
  facet normal 0.980815 -0.19494 0
    outer loop
      vertex 82.3978 66.7235 0
      vertex 82.4743 67.1084 -5
      vertex 82.4743 67.1084 0
    endloop
  endfacet
  facet normal 0.980815 -0.19494 0
    outer loop
      vertex 82.4743 67.1084 -5
      vertex 82.3978 66.7235 0
      vertex 82.3978 66.7235 -5
    endloop
  endfacet
  facet normal 0.659478 -0.751724 0
    outer loop
      vertex 81.3263 65.1199 -5
      vertex 81.6213 65.3787 0
      vertex 81.3263 65.1199 0
    endloop
  endfacet
  facet normal 0.659478 -0.751724 0
    outer loop
      vertex 81.6213 65.3787 0
      vertex 81.3263 65.1199 -5
      vertex 81.6213 65.3787 -5
    endloop
  endfacet
  facet normal 0.831501 -0.555523 0
    outer loop
      vertex 81.8801 65.6737 0
      vertex 82.0981 66 -5
      vertex 82.0981 66 0
    endloop
  endfacet
  facet normal 0.831501 -0.555523 0
    outer loop
      vertex 82.0981 66 -5
      vertex 81.8801 65.6737 0
      vertex 81.8801 65.6737 -5
    endloop
  endfacet
  facet normal -0.555523 -0.831501 0
    outer loop
      vertex 77.6737 65.1199 -5
      vertex 78 64.9019 0
      vertex 77.6737 65.1199 0
    endloop
  endfacet
  facet normal -0.555523 -0.831501 -0
    outer loop
      vertex 78 64.9019 0
      vertex 77.6737 65.1199 -5
      vertex 78 64.9019 -5
    endloop
  endfacet
  facet normal -0.980815 -0.19494 0
    outer loop
      vertex 76.6022 66.7235 -5
      vertex 76.5257 67.1084 0
      vertex 76.5257 67.1084 -5
    endloop
  endfacet
  facet normal -0.980815 -0.19494 0
    outer loop
      vertex 76.5257 67.1084 0
      vertex 76.6022 66.7235 -5
      vertex 76.6022 66.7235 0
    endloop
  endfacet
  facet normal -0.751724 -0.659478 0
    outer loop
      vertex 77.3787 65.3787 -5
      vertex 77.1199 65.6737 0
      vertex 77.1199 65.6737 -5
    endloop
  endfacet
  facet normal -0.751724 -0.659478 0
    outer loop
      vertex 77.1199 65.6737 0
      vertex 77.3787 65.3787 -5
      vertex 77.3787 65.3787 0
    endloop
  endfacet
  facet normal -0.555243 -0.831688 0
    outer loop
      vertex 80.15 68.6258 -5
      vertex 80.2914 68.5314 0
      vertex 80.15 68.6258 0
    endloop
  endfacet
  facet normal -0.555243 -0.831688 -0
    outer loop
      vertex 80.2914 68.5314 0
      vertex 80.15 68.6258 -5
      vertex 80.2914 68.5314 -5
    endloop
  endfacet
  facet normal 0.946844 -0.321692 0
    outer loop
      vertex 78.2443 67.8365 0
      vertex 78.299 67.9975 -5
      vertex 78.299 67.9975 0
    endloop
  endfacet
  facet normal 0.946844 -0.321692 0
    outer loop
      vertex 78.299 67.9975 -5
      vertex 78.2443 67.8365 0
      vertex 78.2443 67.8365 -5
    endloop
  endfacet
  facet normal -0.980761 0.195211 0
    outer loop
      vertex 80.7557 67.1635 -5
      vertex 80.7889 67.3303 0
      vertex 80.7889 67.3303 -5
    endloop
  endfacet
  facet normal -0.980761 0.195211 0
    outer loop
      vertex 80.7889 67.3303 0
      vertex 80.7557 67.1635 -5
      vertex 80.7557 67.1635 0
    endloop
  endfacet
  facet normal 0.321692 0.946844 -0
    outer loop
      vertex 79.1635 66.2443 -5
      vertex 79.0025 66.299 0
      vertex 79.1635 66.2443 0
    endloop
  endfacet
  facet normal 0.321692 0.946844 0
    outer loop
      vertex 79.0025 66.299 0
      vertex 79.1635 66.2443 -5
      vertex 79.0025 66.299 -5
    endloop
  endfacet
  facet normal 0.321692 -0.946844 0
    outer loop
      vertex 79.0025 68.701 -5
      vertex 79.1635 68.7557 0
      vertex 79.0025 68.701 0
    endloop
  endfacet
  facet normal 0.321692 -0.946844 0
    outer loop
      vertex 79.1635 68.7557 0
      vertex 79.0025 68.701 -5
      vertex 79.1635 68.7557 -5
    endloop
  endfacet
  facet normal 0.896884 -0.442267 0
    outer loop
      vertex 78.299 67.9975 0
      vertex 78.3742 68.15 -5
      vertex 78.3742 68.15 0
    endloop
  endfacet
  facet normal 0.896884 -0.442267 0
    outer loop
      vertex 78.3742 68.15 -5
      vertex 78.299 67.9975 0
      vertex 78.299 67.9975 -5
    endloop
  endfacet
  facet normal -0.896884 -0.442267 0
    outer loop
      vertex 80.701 67.9975 -5
      vertex 80.6258 68.15 0
      vertex 80.6258 68.15 -5
    endloop
  endfacet
  facet normal -0.896884 -0.442267 0
    outer loop
      vertex 80.6258 68.15 0
      vertex 80.701 67.9975 -5
      vertex 80.701 67.9975 0
    endloop
  endfacet
  facet normal -0.831688 -0.555243 0
    outer loop
      vertex 80.6258 68.15 -5
      vertex 80.5314 68.2914 0
      vertex 80.5314 68.2914 -5
    endloop
  endfacet
  facet normal -0.831688 -0.555243 0
    outer loop
      vertex 80.5314 68.2914 0
      vertex 80.6258 68.15 -5
      vertex 80.6258 68.15 0
    endloop
  endfacet
  facet normal -0.442267 -0.896884 0
    outer loop
      vertex 79.9975 68.701 -5
      vertex 80.15 68.6258 0
      vertex 79.9975 68.701 0
    endloop
  endfacet
  facet normal -0.442267 -0.896884 -0
    outer loop
      vertex 80.15 68.6258 0
      vertex 79.9975 68.701 -5
      vertex 80.15 68.6258 -5
    endloop
  endfacet
  facet normal -0.195211 -0.980761 0
    outer loop
      vertex 79.6697 68.7889 -5
      vertex 79.8365 68.7557 0
      vertex 79.6697 68.7889 0
    endloop
  endfacet
  facet normal -0.195211 -0.980761 -0
    outer loop
      vertex 79.8365 68.7557 0
      vertex 79.6697 68.7889 -5
      vertex 79.8365 68.7557 -5
    endloop
  endfacet
  facet normal 0.980761 -0.195211 0
    outer loop
      vertex 78.2111 67.6697 0
      vertex 78.2443 67.8365 -5
      vertex 78.2443 67.8365 0
    endloop
  endfacet
  facet normal 0.980761 -0.195211 0
    outer loop
      vertex 78.2443 67.8365 -5
      vertex 78.2111 67.6697 0
      vertex 78.2111 67.6697 -5
    endloop
  endfacet
  facet normal 0.751483 -0.659753 0
    outer loop
      vertex 78.4686 68.2914 0
      vertex 78.5808 68.4192 -5
      vertex 78.5808 68.4192 0
    endloop
  endfacet
  facet normal 0.751483 -0.659753 0
    outer loop
      vertex 78.5808 68.4192 -5
      vertex 78.4686 68.2914 0
      vertex 78.4686 68.2914 -5
    endloop
  endfacet
  facet normal 0.195211 -0.980761 0
    outer loop
      vertex 79.1635 68.7557 -5
      vertex 79.3303 68.7889 0
      vertex 79.1635 68.7557 0
    endloop
  endfacet
  facet normal 0.195211 -0.980761 0
    outer loop
      vertex 79.3303 68.7889 0
      vertex 79.1635 68.7557 -5
      vertex 79.3303 68.7889 -5
    endloop
  endfacet
  facet normal 0.659753 -0.751483 0
    outer loop
      vertex 78.5808 68.4192 -5
      vertex 78.7086 68.5314 0
      vertex 78.5808 68.4192 0
    endloop
  endfacet
  facet normal 0.659753 -0.751483 0
    outer loop
      vertex 78.7086 68.5314 0
      vertex 78.5808 68.4192 -5
      vertex 78.7086 68.5314 -5
    endloop
  endfacet
  facet normal -0.997868 -0.0652701 0
    outer loop
      vertex 80.8 67.5 -5
      vertex 80.7889 67.6697 0
      vertex 80.7889 67.6697 -5
    endloop
  endfacet
  facet normal -0.997868 -0.0652701 0
    outer loop
      vertex 80.7889 67.6697 0
      vertex 80.8 67.5 -5
      vertex 80.8 67.5 0
    endloop
  endfacet
  facet normal -0.831688 0.555243 0
    outer loop
      vertex 80.5314 66.7086 -5
      vertex 80.6258 66.85 0
      vertex 80.6258 66.85 -5
    endloop
  endfacet
  facet normal -0.831688 0.555243 0
    outer loop
      vertex 80.6258 66.85 0
      vertex 80.5314 66.7086 -5
      vertex 80.5314 66.7086 0
    endloop
  endfacet
  facet normal -0.946844 0.321692 0
    outer loop
      vertex 80.701 67.0025 -5
      vertex 80.7557 67.1635 0
      vertex 80.7557 67.1635 -5
    endloop
  endfacet
  facet normal -0.946844 0.321692 0
    outer loop
      vertex 80.7557 67.1635 0
      vertex 80.701 67.0025 -5
      vertex 80.701 67.0025 0
    endloop
  endfacet
  facet normal -0.321692 0.946844 0
    outer loop
      vertex 79.9975 66.299 -5
      vertex 79.8365 66.2443 0
      vertex 79.9975 66.299 0
    endloop
  endfacet
  facet normal -0.321692 0.946844 0
    outer loop
      vertex 79.8365 66.2443 0
      vertex 79.9975 66.299 -5
      vertex 79.8365 66.2443 -5
    endloop
  endfacet
  facet normal 0.195211 0.980761 -0
    outer loop
      vertex 79.3303 66.2111 -5
      vertex 79.1635 66.2443 0
      vertex 79.3303 66.2111 0
    endloop
  endfacet
  facet normal 0.195211 0.980761 0
    outer loop
      vertex 79.1635 66.2443 0
      vertex 79.3303 66.2111 -5
      vertex 79.1635 66.2443 -5
    endloop
  endfacet
  facet normal 0.659753 0.751483 -0
    outer loop
      vertex 78.7086 66.4686 -5
      vertex 78.5808 66.5808 0
      vertex 78.7086 66.4686 0
    endloop
  endfacet
  facet normal 0.659753 0.751483 0
    outer loop
      vertex 78.5808 66.5808 0
      vertex 78.7086 66.4686 -5
      vertex 78.5808 66.5808 -5
    endloop
  endfacet
  facet normal 0.751483 0.659753 0
    outer loop
      vertex 78.5808 66.5808 0
      vertex 78.4686 66.7086 -5
      vertex 78.4686 66.7086 0
    endloop
  endfacet
  facet normal 0.751483 0.659753 0
    outer loop
      vertex 78.4686 66.7086 -5
      vertex 78.5808 66.5808 0
      vertex 78.5808 66.5808 -5
    endloop
  endfacet
  facet normal -0.980761 -0.195211 0
    outer loop
      vertex 80.7889 67.6697 -5
      vertex 80.7557 67.8365 0
      vertex 80.7557 67.8365 -5
    endloop
  endfacet
  facet normal -0.980761 -0.195211 0
    outer loop
      vertex 80.7557 67.8365 0
      vertex 80.7889 67.6697 -5
      vertex 80.7889 67.6697 0
    endloop
  endfacet
  facet normal -0.946844 -0.321692 0
    outer loop
      vertex 80.7557 67.8365 -5
      vertex 80.701 67.9975 0
      vertex 80.701 67.9975 -5
    endloop
  endfacet
  facet normal -0.946844 -0.321692 0
    outer loop
      vertex 80.701 67.9975 0
      vertex 80.7557 67.8365 -5
      vertex 80.7557 67.8365 0
    endloop
  endfacet
  facet normal -0.751483 -0.659753 0
    outer loop
      vertex 80.5314 68.2914 -5
      vertex 80.4192 68.4192 0
      vertex 80.4192 68.4192 -5
    endloop
  endfacet
  facet normal -0.751483 -0.659753 0
    outer loop
      vertex 80.4192 68.4192 0
      vertex 80.5314 68.2914 -5
      vertex 80.5314 68.2914 0
    endloop
  endfacet
  facet normal -0.659753 -0.751483 0
    outer loop
      vertex 80.2914 68.5314 -5
      vertex 80.4192 68.4192 0
      vertex 80.2914 68.5314 0
    endloop
  endfacet
  facet normal -0.659753 -0.751483 -0
    outer loop
      vertex 80.4192 68.4192 0
      vertex 80.2914 68.5314 -5
      vertex 80.4192 68.4192 -5
    endloop
  endfacet
  facet normal -0.0652701 -0.997868 0
    outer loop
      vertex 79.5 68.8 -5
      vertex 79.6697 68.7889 0
      vertex 79.5 68.8 0
    endloop
  endfacet
  facet normal -0.0652701 -0.997868 -0
    outer loop
      vertex 79.6697 68.7889 0
      vertex 79.5 68.8 -5
      vertex 79.6697 68.7889 -5
    endloop
  endfacet
  facet normal -0.321692 -0.946844 0
    outer loop
      vertex 79.8365 68.7557 -5
      vertex 79.9975 68.701 0
      vertex 79.8365 68.7557 0
    endloop
  endfacet
  facet normal -0.321692 -0.946844 -0
    outer loop
      vertex 79.9975 68.701 0
      vertex 79.8365 68.7557 -5
      vertex 79.9975 68.701 -5
    endloop
  endfacet
  facet normal 0.997868 -0.0652701 0
    outer loop
      vertex 78.2 67.5 0
      vertex 78.2111 67.6697 -5
      vertex 78.2111 67.6697 0
    endloop
  endfacet
  facet normal 0.997868 -0.0652701 0
    outer loop
      vertex 78.2111 67.6697 -5
      vertex 78.2 67.5 0
      vertex 78.2 67.5 -5
    endloop
  endfacet
  facet normal 0.831688 -0.555243 0
    outer loop
      vertex 78.3742 68.15 0
      vertex 78.4686 68.2914 -5
      vertex 78.4686 68.2914 0
    endloop
  endfacet
  facet normal 0.831688 -0.555243 0
    outer loop
      vertex 78.4686 68.2914 -5
      vertex 78.3742 68.15 0
      vertex 78.3742 68.15 -5
    endloop
  endfacet
  facet normal 0.0652701 -0.997868 0
    outer loop
      vertex 79.3303 68.7889 -5
      vertex 79.5 68.8 0
      vertex 79.3303 68.7889 0
    endloop
  endfacet
  facet normal 0.0652701 -0.997868 0
    outer loop
      vertex 79.5 68.8 0
      vertex 79.3303 68.7889 -5
      vertex 79.5 68.8 -5
    endloop
  endfacet
  facet normal 0.555243 -0.831688 0
    outer loop
      vertex 78.7086 68.5314 -5
      vertex 78.85 68.6258 0
      vertex 78.7086 68.5314 0
    endloop
  endfacet
  facet normal 0.555243 -0.831688 0
    outer loop
      vertex 78.85 68.6258 0
      vertex 78.7086 68.5314 -5
      vertex 78.85 68.6258 -5
    endloop
  endfacet
  facet normal 0.442267 -0.896884 0
    outer loop
      vertex 78.85 68.6258 -5
      vertex 79.0025 68.701 0
      vertex 78.85 68.6258 0
    endloop
  endfacet
  facet normal 0.442267 -0.896884 0
    outer loop
      vertex 79.0025 68.701 0
      vertex 78.85 68.6258 -5
      vertex 79.0025 68.701 -5
    endloop
  endfacet
  facet normal -0.997868 0.0652701 0
    outer loop
      vertex 80.7889 67.3303 -5
      vertex 80.8 67.5 0
      vertex 80.8 67.5 -5
    endloop
  endfacet
  facet normal -0.997868 0.0652701 0
    outer loop
      vertex 80.8 67.5 0
      vertex 80.7889 67.3303 -5
      vertex 80.7889 67.3303 0
    endloop
  endfacet
  facet normal -0.0652701 0.997868 0
    outer loop
      vertex 79.6697 66.2111 -5
      vertex 79.5 66.2 0
      vertex 79.6697 66.2111 0
    endloop
  endfacet
  facet normal -0.0652701 0.997868 0
    outer loop
      vertex 79.5 66.2 0
      vertex 79.6697 66.2111 -5
      vertex 79.5 66.2 -5
    endloop
  endfacet
  facet normal -0.751483 0.659753 0
    outer loop
      vertex 80.4192 66.5808 -5
      vertex 80.5314 66.7086 0
      vertex 80.5314 66.7086 -5
    endloop
  endfacet
  facet normal -0.751483 0.659753 0
    outer loop
      vertex 80.5314 66.7086 0
      vertex 80.4192 66.5808 -5
      vertex 80.4192 66.5808 0
    endloop
  endfacet
  facet normal -0.659753 0.751483 0
    outer loop
      vertex 80.4192 66.5808 -5
      vertex 80.2914 66.4686 0
      vertex 80.4192 66.5808 0
    endloop
  endfacet
  facet normal -0.659753 0.751483 0
    outer loop
      vertex 80.2914 66.4686 0
      vertex 80.4192 66.5808 -5
      vertex 80.2914 66.4686 -5
    endloop
  endfacet
  facet normal -0.442267 0.896884 0
    outer loop
      vertex 80.15 66.3742 -5
      vertex 79.9975 66.299 0
      vertex 80.15 66.3742 0
    endloop
  endfacet
  facet normal -0.442267 0.896884 0
    outer loop
      vertex 79.9975 66.299 0
      vertex 80.15 66.3742 -5
      vertex 79.9975 66.299 -5
    endloop
  endfacet
  facet normal 0.555243 0.831688 -0
    outer loop
      vertex 78.85 66.3742 -5
      vertex 78.7086 66.4686 0
      vertex 78.85 66.3742 0
    endloop
  endfacet
  facet normal 0.555243 0.831688 0
    outer loop
      vertex 78.7086 66.4686 0
      vertex 78.85 66.3742 -5
      vertex 78.7086 66.4686 -5
    endloop
  endfacet
  facet normal 0.946844 0.321692 0
    outer loop
      vertex 78.299 67.0025 0
      vertex 78.2443 67.1635 -5
      vertex 78.2443 67.1635 0
    endloop
  endfacet
  facet normal 0.946844 0.321692 0
    outer loop
      vertex 78.2443 67.1635 -5
      vertex 78.299 67.0025 0
      vertex 78.299 67.0025 -5
    endloop
  endfacet
  facet normal 0.997868 0.0652701 0
    outer loop
      vertex 78.2111 67.3303 0
      vertex 78.2 67.5 -5
      vertex 78.2 67.5 0
    endloop
  endfacet
  facet normal 0.997868 0.0652701 0
    outer loop
      vertex 78.2 67.5 -5
      vertex 78.2111 67.3303 0
      vertex 78.2111 67.3303 -5
    endloop
  endfacet
  facet normal 0.896884 0.442267 0
    outer loop
      vertex 78.3742 66.85 0
      vertex 78.299 67.0025 -5
      vertex 78.299 67.0025 0
    endloop
  endfacet
  facet normal 0.896884 0.442267 0
    outer loop
      vertex 78.299 67.0025 -5
      vertex 78.3742 66.85 0
      vertex 78.3742 66.85 -5
    endloop
  endfacet
  facet normal -0.896884 0.442267 0
    outer loop
      vertex 80.6258 66.85 -5
      vertex 80.701 67.0025 0
      vertex 80.701 67.0025 -5
    endloop
  endfacet
  facet normal -0.896884 0.442267 0
    outer loop
      vertex 80.701 67.0025 0
      vertex 80.6258 66.85 -5
      vertex 80.6258 66.85 0
    endloop
  endfacet
  facet normal -0.195211 0.980761 0
    outer loop
      vertex 79.8365 66.2443 -5
      vertex 79.6697 66.2111 0
      vertex 79.8365 66.2443 0
    endloop
  endfacet
  facet normal -0.195211 0.980761 0
    outer loop
      vertex 79.6697 66.2111 0
      vertex 79.8365 66.2443 -5
      vertex 79.6697 66.2111 -5
    endloop
  endfacet
  facet normal -0.555243 0.831688 0
    outer loop
      vertex 80.2914 66.4686 -5
      vertex 80.15 66.3742 0
      vertex 80.2914 66.4686 0
    endloop
  endfacet
  facet normal -0.555243 0.831688 0
    outer loop
      vertex 80.15 66.3742 0
      vertex 80.2914 66.4686 -5
      vertex 80.15 66.3742 -5
    endloop
  endfacet
  facet normal 0.0652701 0.997868 -0
    outer loop
      vertex 79.5 66.2 -5
      vertex 79.3303 66.2111 0
      vertex 79.5 66.2 0
    endloop
  endfacet
  facet normal 0.0652701 0.997868 0
    outer loop
      vertex 79.3303 66.2111 0
      vertex 79.5 66.2 -5
      vertex 79.3303 66.2111 -5
    endloop
  endfacet
  facet normal 0.442267 0.896884 -0
    outer loop
      vertex 79.0025 66.299 -5
      vertex 78.85 66.3742 0
      vertex 79.0025 66.299 0
    endloop
  endfacet
  facet normal 0.442267 0.896884 0
    outer loop
      vertex 78.85 66.3742 0
      vertex 79.0025 66.299 -5
      vertex 78.85 66.3742 -5
    endloop
  endfacet
  facet normal 0.980761 0.195211 0
    outer loop
      vertex 78.2443 67.1635 0
      vertex 78.2111 67.3303 -5
      vertex 78.2111 67.3303 0
    endloop
  endfacet
  facet normal 0.980761 0.195211 0
    outer loop
      vertex 78.2111 67.3303 -5
      vertex 78.2443 67.1635 0
      vertex 78.2443 67.1635 -5
    endloop
  endfacet
  facet normal 0.831688 0.555243 0
    outer loop
      vertex 78.4686 66.7086 0
      vertex 78.3742 66.85 -5
      vertex 78.3742 66.85 0
    endloop
  endfacet
  facet normal 0.831688 0.555243 0
    outer loop
      vertex 78.3742 66.85 -5
      vertex 78.4686 66.7086 0
      vertex 78.4686 66.7086 -5
    endloop
  endfacet
endsolid OpenSCAD_Model
